; generated by SuperSlicer 2.7.62.0-beta2+fork on 2026-08-02 at 01:27:23 UTC

; 

; external perimeters extrusion width = 0.50mm
; perimeters extrusion width = 0.50mm
; infill extrusion width = 0.54mm
; solid infill extrusion width = 0.50mm
; top infill extrusion width = 0.50mm
; first layer extrusion width = 0.50mm


; object:{"name":"cube_20x20x20_stl id:0 copy 0","id":"0","object_id":0,"copy":0,"object_center":[100.000,100.000,0.000],"boundingbox_center":[100.000,100.000,10.000],"boundingbox_size":[20.000,20.000,20.000],"scale":[1.000,1.000,1.000],"outline":[[110.000,110.000],[90.000,110.000],[90.000,90.000],[110.000,90.000]]}
; plater:{,"object_center":[100.000,100.000,0.000],"boundingbox_center":[100.000,100.000,10.000],"boundingbox_size":[20.000,20.000,20.000],"outline":[[90.000,90.000],[110.000,90.000],[110.000,110.000],[90.000,110.000]]}

M107
M104 S200
;TYPE:Custom
G28 ; home all axes
G1 Z5 F5000 ; lift nozzle

G21 ; set units to millimeters
G90 ; use absolute coordinates
M82 ; use absolute distances for extrusion
G92 E0
; Filament gcode
M109 S200
;LAYER_CHANGE
;Z:0.2
;HEIGHT:0.2
G1 E-2 F2400
; printing object cube_20x20x20_stl id:0 copy 0
G1 X91.181 Y91.181 F7800
G1 Z.2
G1 E0 F2400
;TYPE:Perimeter
;WIDTH:0.499999
G1 F1800
G1 X108.819 Y91.181 E.67033
G1 X108.819 Y108.819 E1.34066
G1 X91.181 Y108.819 E2.01099
G1 X91.181 Y91.181 E2.68132
G1 X90.716 Y90.716 F7800
G1 F1800
G1 X109.284 Y90.716 E3.38705
G1 X109.284 Y109.284 E4.09278
G1 X90.716 Y109.284 E4.7985
G1 X90.716 Y90.716 E5.50423
G1 X90.25 Y90.25 F7800
;TYPE:External perimeter
G1 F1800
G1 X109.75 Y90.25 E6.24535
G1 X109.75 Y109.75 E6.98648
G1 X90.25 Y109.75 E7.7276
G1 X90.25 Y90.25 E8.46872
;SEAM:90.25:90.25
;WIPE_START
G1 X90.683 Y90.5 F7800
;WIPE_END
G92 E0
G1 E-2 F2400
G1 X108.679 Y92.245 F7800
G1 E0 F2400
;TYPE:Solid infill
;WIDTH:0.486364
G1 F1800
G1 X107.952 Y91.517 E.03803
G1 X107.306 Y91.517 E.06193
G1 X108.483 Y92.694 E.12348
G1 X108.483 Y93.341 E.14738
G1 X106.659 Y91.517 E.24273
G1 X106.013 Y91.517 E.26663
G1 X108.483 Y93.987 E.39577
G1 X108.483 Y94.634 E.41967
G1 X105.366 Y91.517 E.58261
G1 X104.72 Y91.517 E.60651
G1 X108.483 Y95.28 E.80325
G1 X108.483 Y95.926 E.82714
G1 X104.074 Y91.517 E1.05768
G1 X103.427 Y91.517 E1.08157
G1 X108.483 Y96.573 E1.3459
G1 X108.483 Y97.219 E1.3698
G1 X102.781 Y91.517 E1.66793
G1 X102.134 Y91.517 E1.69183
G1 X108.483 Y97.866 E2.02375
G1 X108.483 Y98.512 E2.04765
G1 X101.488 Y91.517 E2.41337
G1 X100.842 Y91.517 E2.43726
G1 X108.483 Y99.158 E2.83678
G1 X108.483 Y99.805 E2.86068
G1 X100.195 Y91.517 E3.29399
G1 X99.549 Y91.517 E3.31788
G1 X108.483 Y100.451 E3.78499
G1 X108.483 Y101.098 E3.80889
G1 X98.902 Y91.517 E4.30979
G1 X98.256 Y91.517 E4.33369
G1 X108.483 Y101.744 E4.86839
G1 X108.483 Y102.391 E4.89229
G1 X97.609 Y91.517 E5.46079
G1 X96.963 Y91.517 E5.48468
G1 X108.483 Y103.037 E6.08698
G1 X108.483 Y103.683 E6.11087
G1 X96.317 Y91.517 E6.74696
G1 X95.67 Y91.517 E6.77086
G1 X108.483 Y104.33 E7.44074
G1 X108.483 Y104.976 E7.46464
G1 X95.024 Y91.517 E8.16832
G1 X94.377 Y91.517 E8.19222
G1 X108.483 Y105.623 E8.9297
G1 X108.483 Y106.269 E8.9536
G1 X93.731 Y91.517 E9.72487
G1 X93.085 Y91.517 E9.74877
G1 X108.483 Y106.915 E10.55384
G1 X108.483 Y107.562 E10.57774
G1 X92.438 Y91.517 E11.4166
G1 X91.792 Y91.517 E11.4405
G1 X108.483 Y108.208 E12.31316
G1 X108.483 Y108.483 E12.32332
G1 X108.111 Y108.483 E12.33706
G1 X91.517 Y91.889 E13.20465
G1 X91.517 Y92.535 E13.22855
G1 X107.465 Y108.483 E14.06234
G1 X106.818 Y108.483 E14.08624
G1 X91.517 Y93.182 E14.88624
G1 X91.517 Y93.828 E14.91013
G1 X106.172 Y108.483 E15.67634
G1 X105.526 Y108.483 E15.70023
G1 X91.517 Y94.474 E16.43264
G1 X91.517 Y95.121 E16.45654
G1 X104.879 Y108.483 E17.15514
G1 X104.233 Y108.483 E17.17904
G1 X91.517 Y95.767 E17.84385
G1 X91.517 Y96.414 E17.86775
G1 X103.586 Y108.483 E18.49877
G1 X102.94 Y108.483 E18.52267
G1 X91.517 Y97.06 E19.11989
G1 X91.517 Y97.706 E19.14378
G1 X102.294 Y108.483 E19.70721
G1 X101.647 Y108.483 E19.73111
G1 X91.517 Y98.353 E20.26073
G1 X91.517 Y98.999 E20.28463
G1 X101.001 Y108.483 E20.78046
G1 X100.354 Y108.483 E20.80436
G1 X91.517 Y99.646 E21.2664
G1 X91.517 Y100.292 E21.29029
G1 X99.708 Y108.483 E21.71853
G1 X99.061 Y108.483 E21.74243
G1 X91.517 Y100.939 E22.13687
G1 X91.517 Y101.585 E22.16077
G1 X98.415 Y108.483 E22.52142
G1 X97.769 Y108.483 E22.54531
G1 X91.517 Y102.231 E22.87216
G1 X91.517 Y102.878 E22.89606
G1 X97.122 Y108.483 E23.18911
G1 X96.476 Y108.483 E23.21301
G1 X91.517 Y103.524 E23.47227
G1 X91.517 Y104.171 E23.49617
G1 X95.829 Y108.483 E23.72163
G1 X95.183 Y108.483 E23.74553
G1 X91.517 Y104.817 E23.93719
G1 X91.517 Y105.463 E23.96109
G1 X94.537 Y108.483 E24.11896
G1 X93.89 Y108.483 E24.14286
G1 X91.517 Y106.11 E24.26693
G1 X91.517 Y106.756 E24.29083
G1 X93.244 Y108.483 E24.3811
G1 X92.597 Y108.483 E24.405
G1 X91.517 Y107.403 E24.46148
G1 X91.517 Y108.049 E24.48538
G1 X92.148 Y108.679 E24.51834
;LAYER_CHANGE
;Z:0.4
;HEIGHT:0.2
G1 Z.4 F7800
; stop printing object cube_20x20x20_stl id:0 copy 0
; printing object cube_20x20x20_stl id:0 copy 0
G1 X91.181 Y108.819
;TYPE:Perimeter
;WIDTH:0.499999
G1 F3600
G1 X91.181 Y91.181 E25.18867
G1 X108.819 Y91.181 E25.859
G1 X108.819 Y108.819 E26.52933
G1 X91.181 Y108.819 E27.19966
G1 X90.716 Y109.284 F7800
G1 F3600
G1 X90.716 Y90.716 E27.90539
G1 X109.284 Y90.716 E28.61111
G1 X109.284 Y109.284 E29.31684
G1 X90.716 Y109.284 E30.02257
G1 X90.25 Y109.75 F7800
;TYPE:External perimeter
G1 F1800
G1 X90.25 Y90.25 E30.76369
G1 X109.75 Y90.25 E31.50481
G1 X109.75 Y109.75 E32.24594
G1 X90.25 Y109.75 E32.98706
;SEAM:90.25:109.75
;WIPE_START
G1 X90.5 Y109.317 F7800
;WIPE_END
G92 E0
G1 E-2 F2400
G1 X91.321 Y92.148 F7800
G1 E0 F2400
;TYPE:Solid infill
;WIDTH:0.486363
G1 F1800
G1 X91.951 Y91.517 E.03296
G1 X92.597 Y91.517 E.05686
G1 X91.517 Y92.597 E.11334
G1 X91.517 Y93.244 E.13724
G1 X93.244 Y91.517 E.22752
G1 X93.89 Y91.517 E.25141
G1 X91.517 Y93.89 E.37549
G1 X91.517 Y94.537 E.39939
G1 X94.537 Y91.517 E.55726
G1 X95.183 Y91.517 E.58116
G1 X91.517 Y95.183 E.77282
G1 X91.517 Y95.829 E.79672
G1 X95.829 Y91.517 E1.02218
G1 X96.476 Y91.517 E1.04608
G1 X91.517 Y96.476 E1.30534
G1 X91.517 Y97.122 E1.32924
G1 X97.122 Y91.517 E1.62229
G1 X97.769 Y91.517 E1.64619
G1 X91.517 Y97.769 E1.97304
G1 X91.517 Y98.415 E1.99694
G1 X98.415 Y91.517 E2.35759
G1 X99.061 Y91.517 E2.38148
G1 X91.517 Y99.061 E2.77593
G1 X91.517 Y99.708 E2.79983
G1 X99.708 Y91.517 E3.22807
G1 X100.354 Y91.517 E3.25196
G1 X91.517 Y100.354 E3.714
G1 X91.517 Y101.001 E3.7379
G1 X101.001 Y91.517 E4.23373
G1 X101.647 Y91.517 E4.25763
G1 X91.517 Y101.647 E4.78726
G1 X91.517 Y102.294 E4.81115
G1 X102.294 Y91.517 E5.37458
G1 X102.94 Y91.517 E5.39847
G1 X91.517 Y102.94 E5.9957
G1 X91.517 Y103.586 E6.01959
G1 X103.586 Y91.517 E6.65061
G1 X104.233 Y91.517 E6.67451
G1 X91.517 Y104.233 E7.33932
G1 X91.517 Y104.879 E7.36322
G1 X104.879 Y91.517 E8.06183
G1 X105.526 Y91.517 E8.08573
G1 X91.517 Y105.526 E8.81813
G1 X91.517 Y106.172 E8.84203
G1 X106.172 Y91.517 E9.60823
G1 X106.818 Y91.517 E9.63213
G1 X91.517 Y106.818 E10.43213
G1 X91.517 Y107.465 E10.45602
G1 X107.465 Y91.517 E11.28982
G1 X108.111 Y91.517 E11.31372
G1 X91.517 Y108.111 E12.18131
G1 X91.517 Y108.483 E12.19505
G1 X91.792 Y108.483 E12.2052
G1 X108.483 Y91.792 E13.07786
G1 X108.483 Y92.438 E13.10176
G1 X92.438 Y108.483 E13.94063
G1 X93.085 Y108.483 E13.96452
G1 X108.483 Y93.085 E14.76959
G1 X108.483 Y93.731 E14.79349
G1 X93.731 Y108.483 E15.56476
G1 X94.377 Y108.483 E15.58866
G1 X108.483 Y94.377 E16.32614
G1 X108.483 Y95.024 E16.35003
G1 X95.024 Y108.483 E17.05371
G1 X95.67 Y108.483 E17.07761
G1 X108.483 Y95.67 E17.74749
G1 X108.483 Y96.317 E17.77139
G1 X96.317 Y108.483 E18.40748
G1 X96.963 Y108.483 E18.43138
G1 X108.483 Y96.963 E19.03367
G1 X108.483 Y97.609 E19.05756
G1 X97.609 Y108.483 E19.62606
G1 X98.256 Y108.483 E19.64996
G1 X108.483 Y98.256 E20.18466
G1 X108.483 Y98.902 E20.20855
G1 X98.902 Y108.483 E20.70946
G1 X99.549 Y108.483 E20.73335
G1 X108.483 Y99.549 E21.20046
G1 X108.483 Y100.195 E21.22436
G1 X100.195 Y108.483 E21.65767
G1 X100.842 Y108.483 E21.68157
G1 X108.483 Y100.842 E22.08108
G1 X108.483 Y101.488 E22.10498
G1 X101.488 Y108.483 E22.4707
G1 X102.134 Y108.483 E22.49459
G1 X108.483 Y102.134 E22.82651
G1 X108.483 Y102.781 E22.85041
G1 X102.781 Y108.483 E23.14854
G1 X103.427 Y108.483 E23.17244
G1 X108.483 Y103.427 E23.43676
G1 X108.483 Y104.074 E23.46066
G1 X104.074 Y108.483 E23.6912
G1 X104.72 Y108.483 E23.71509
G1 X108.483 Y104.72 E23.91183
G1 X108.483 Y105.366 E23.93573
G1 X105.366 Y108.483 E24.09867
G1 X106.013 Y108.483 E24.12257
G1 X108.483 Y106.013 E24.25171
G1 X108.483 Y106.659 E24.27561
G1 X106.659 Y108.483 E24.37096
G1 X107.306 Y108.483 E24.39485
G1 X108.483 Y107.306 E24.45641
G1 X108.483 Y107.952 E24.4803
G1 X107.755 Y108.679 E24.51834
;LAYER_CHANGE
;Z:0.6
;HEIGHT:0.2
G1 Z.6 F7800
; stop printing object cube_20x20x20_stl id:0 copy 0
; printing object cube_20x20x20_stl id:0 copy 0
G1 X108.819 Y108.819
;TYPE:Perimeter
;WIDTH:0.499999
G1 F3600
G1 X91.181 Y108.819 E25.18867
G1 X91.181 Y91.181 E25.859
G1 X108.819 Y91.181 E26.52933
G1 X108.819 Y108.819 E27.19966
G1 X109.284 Y109.284 F7800
G1 F3600
G1 X90.716 Y109.284 E27.90539
G1 X90.716 Y90.716 E28.61111
G1 X109.284 Y90.716 E29.31684
G1 X109.284 Y109.284 E30.02257
G1 X109.75 Y109.75 F7800
;TYPE:External perimeter
G1 F1800
G1 X90.25 Y109.75 E30.76369
G1 X90.25 Y90.25 E31.50481
G1 X109.75 Y90.25 E32.24594
G1 X109.75 Y109.75 E32.98706
;SEAM:109.75:109.75
;WIPE_START
G1 X109.317 Y109.5 F7800
;WIPE_END
G92 E0
G1 E-2 F2400
G1 X92.148 Y108.679 F7800
G1 E0 F2400
;TYPE:Solid infill
;WIDTH:0.486363
G1 F1800
G1 X91.517 Y108.049 E.03296
G1 X91.517 Y107.403 E.05686
G1 X92.597 Y108.483 E.11334
G1 X93.244 Y108.483 E.13724
G1 X91.517 Y106.756 E.22752
G1 X91.517 Y106.11 E.25141
G1 X93.89 Y108.483 E.37549
G1 X94.537 Y108.483 E.39939
G1 X91.517 Y105.463 E.55726
G1 X91.517 Y104.817 E.58115
G1 X95.183 Y108.483 E.77282
G1 X95.829 Y108.483 E.79672
G1 X91.517 Y104.171 E1.02218
G1 X91.517 Y103.524 E1.04608
G1 X96.476 Y108.483 E1.30534
G1 X97.122 Y108.483 E1.32924
G1 X91.517 Y102.878 E1.62229
G1 X91.517 Y102.231 E1.64619
G1 X97.769 Y108.483 E1.97304
G1 X98.415 Y108.483 E1.99694
G1 X91.517 Y101.585 E2.35759
G1 X91.517 Y100.939 E2.38148
G1 X99.061 Y108.483 E2.77593
G1 X99.708 Y108.483 E2.79982
G1 X91.517 Y100.292 E3.22806
G1 X91.517 Y99.646 E3.25196
G1 X100.354 Y108.483 E3.714
G1 X101.001 Y108.483 E3.7379
G1 X91.517 Y98.999 E4.23373
G1 X91.517 Y98.353 E4.25763
G1 X101.647 Y108.483 E4.78725
G1 X102.294 Y108.483 E4.81115
G1 X91.517 Y97.706 E5.37458
G1 X91.517 Y97.06 E5.39847
G1 X102.94 Y108.483 E5.99569
G1 X103.586 Y108.483 E6.01959
G1 X91.517 Y96.414 E6.65061
G1 X91.517 Y95.767 E6.67451
G1 X104.233 Y108.483 E7.33932
G1 X104.879 Y108.483 E7.36322
G1 X91.517 Y95.121 E8.06183
G1 X91.517 Y94.474 E8.08572
G1 X105.526 Y108.483 E8.81813
G1 X106.172 Y108.483 E8.84203
G1 X91.517 Y93.828 E9.60823
G1 X91.517 Y93.182 E9.63213
G1 X106.818 Y108.483 E10.43213
G1 X107.465 Y108.483 E10.45602
G1 X91.517 Y92.535 E11.28982
G1 X91.517 Y91.889 E11.31371
G1 X108.111 Y108.483 E12.1813
G1 X108.483 Y108.483 E12.19505
G1 X108.483 Y108.208 E12.2052
G1 X91.792 Y91.517 E13.07786
G1 X92.438 Y91.517 E13.10176
G1 X108.483 Y107.562 E13.94063
G1 X108.483 Y106.915 E13.96452
G1 X93.085 Y91.517 E14.76959
G1 X93.731 Y91.517 E14.79349
G1 X108.483 Y106.269 E15.56476
G1 X108.483 Y105.623 E15.58866
G1 X94.377 Y91.517 E16.32613
G1 X95.024 Y91.517 E16.35003
G1 X108.483 Y104.976 E17.05371
G1 X108.483 Y104.33 E17.07761
G1 X95.67 Y91.517 E17.74749
G1 X96.317 Y91.517 E17.77139
G1 X108.483 Y103.683 E18.40748
G1 X108.483 Y103.037 E18.43138
G1 X96.963 Y91.517 E19.03367
G1 X97.609 Y91.517 E19.05756
G1 X108.483 Y102.391 E19.62606
G1 X108.483 Y101.744 E19.64996
G1 X98.256 Y91.517 E20.18466
G1 X98.902 Y91.517 E20.20855
G1 X108.483 Y101.098 E20.70946
G1 X108.483 Y100.451 E20.73335
G1 X99.549 Y91.517 E21.20046
G1 X100.195 Y91.517 E21.22436
G1 X108.483 Y99.805 E21.65767
G1 X108.483 Y99.158 E21.68157
G1 X100.842 Y91.517 E22.08108
G1 X101.488 Y91.517 E22.10498
G1 X108.483 Y98.512 E22.4707
G1 X108.483 Y97.866 E22.49459
G1 X102.134 Y91.517 E22.82651
G1 X102.781 Y91.517 E22.85041
G1 X108.483 Y97.219 E23.14854
G1 X108.483 Y96.573 E23.17244
G1 X103.427 Y91.517 E23.43677
G1 X104.074 Y91.517 E23.46066
G1 X108.483 Y95.926 E23.6912
G1 X108.483 Y95.28 E23.71509
G1 X104.72 Y91.517 E23.91183
G1 X105.366 Y91.517 E23.93573
G1 X108.483 Y94.634 E24.09867
G1 X108.483 Y93.987 E24.12257
G1 X106.013 Y91.517 E24.25171
G1 X106.659 Y91.517 E24.27561
G1 X108.483 Y93.341 E24.37096
G1 X108.483 Y92.694 E24.39485
G1 X107.306 Y91.517 E24.45641
G1 X107.952 Y91.517 E24.4803
G1 X108.679 Y92.245 E24.51834
;LAYER_CHANGE
;Z:0.8
;HEIGHT:0.2
G1 Z.8 F7800
; stop printing object cube_20x20x20_stl id:0 copy 0
; printing object cube_20x20x20_stl id:0 copy 0
G1 X108.819 Y91.181
;TYPE:Perimeter
;WIDTH:0.499999
G1 F3600
G1 X108.819 Y108.819 E25.18867
G1 X91.181 Y108.819 E25.859
G1 X91.181 Y91.181 E26.52933
G1 X108.819 Y91.181 E27.19966
G1 X109.284 Y90.716 F7800
G1 F3600
G1 X109.284 Y109.284 E27.90539
G1 X90.716 Y109.284 E28.61111
G1 X90.716 Y90.716 E29.31684
G1 X109.284 Y90.716 E30.02257
G1 X109.75 Y90.25 F7800
;TYPE:External perimeter
G1 F1800
G1 X109.75 Y109.75 E30.76369
G1 X90.25 Y109.75 E31.50481
G1 X90.25 Y90.25 E32.24594
G1 X109.75 Y90.25 E32.98706
;SEAM:109.75:90.25
;WIPE_START
G1 X109.5 Y90.683 F7800
;WIPE_END
G92 E0
G1 E-2 F2400
G1 X107.755 Y108.679 F7800
G1 E0 F2400
;TYPE:Solid infill
;WIDTH:0.486363
G1 F1800
G1 X108.483 Y107.952 E.03803
G1 X108.483 Y107.306 E.06193
G1 X107.306 Y108.483 E.12348
G1 X106.659 Y108.483 E.14738
G1 X108.483 Y106.659 E.24273
G1 X108.483 Y106.013 E.26663
G1 X106.013 Y108.483 E.39577
G1 X105.366 Y108.483 E.41967
G1 X108.483 Y105.366 E.58261
G1 X108.483 Y104.72 E.60651
G1 X104.72 Y108.483 E.80324
G1 X104.074 Y108.483 E.82714
G1 X108.483 Y104.074 E1.05767
G1 X108.483 Y103.427 E1.08157
G1 X103.427 Y108.483 E1.3459
G1 X102.781 Y108.483 E1.3698
G1 X108.483 Y102.781 E1.66792
G1 X108.483 Y102.134 E1.69182
G1 X102.134 Y108.483 E2.02374
G1 X101.488 Y108.483 E2.04764
G1 X108.483 Y101.488 E2.41336
G1 X108.483 Y100.842 E2.43726
G1 X100.842 Y108.483 E2.83677
G1 X100.195 Y108.483 E2.86067
G1 X108.483 Y100.195 E3.29398
G1 X108.483 Y99.549 E3.31788
G1 X99.549 Y108.483 E3.78498
G1 X98.902 Y108.483 E3.80888
G1 X108.483 Y98.902 E4.30978
G1 X108.483 Y98.256 E4.33368
G1 X98.256 Y108.483 E4.86838
G1 X97.609 Y108.483 E4.89228
G1 X108.483 Y97.609 E5.46077
G1 X108.483 Y96.963 E5.48467
G1 X96.963 Y108.483 E6.08696
G1 X96.317 Y108.483 E6.11086
G1 X108.483 Y96.317 E6.74695
G1 X108.483 Y95.67 E6.77084
G1 X95.67 Y108.483 E7.44073
G1 X95.024 Y108.483 E7.46462
G1 X108.483 Y95.024 E8.1683
G1 X108.483 Y94.377 E8.1922
G1 X94.377 Y108.483 E8.92968
G1 X93.731 Y108.483 E8.95358
G1 X108.483 Y93.731 E9.72485
G1 X108.483 Y93.085 E9.74875
G1 X93.085 Y108.483 E10.55381
G1 X92.438 Y108.483 E10.57771
G1 X108.483 Y92.438 E11.41658
G1 X108.483 Y91.792 E11.44047
G1 X91.792 Y108.483 E12.31313
G1 X91.517 Y108.483 E12.32329
G1 X91.517 Y108.111 E12.33703
G1 X108.111 Y91.517 E13.20462
G1 X107.465 Y91.517 E13.22852
G1 X91.517 Y107.465 E14.06231
G1 X91.517 Y106.818 E14.08621
G1 X106.818 Y91.517 E14.88621
G1 X106.172 Y91.517 E14.91011
G1 X91.517 Y106.172 E15.67631
G1 X91.517 Y105.526 E15.70021
G1 X105.526 Y91.517 E16.43261
G1 X104.879 Y91.517 E16.45651
G1 X91.517 Y104.879 E17.15512
G1 X91.517 Y104.233 E17.17902
G1 X104.233 Y91.517 E17.84383
G1 X103.586 Y91.517 E17.86773
G1 X91.517 Y103.586 E18.49874
G1 X91.517 Y102.94 E18.52264
G1 X102.94 Y91.517 E19.11986
G1 X102.294 Y91.517 E19.14376
G1 X91.517 Y102.294 E19.70718
G1 X91.517 Y101.647 E19.73108
G1 X101.647 Y91.517 E20.26071
G1 X101.001 Y91.517 E20.28461
G1 X91.517 Y101.001 E20.78044
G1 X91.517 Y100.354 E20.80434
G1 X100.354 Y91.517 E21.26637
G1 X99.708 Y91.517 E21.29027
G1 X91.517 Y99.708 E21.71851
G1 X91.517 Y99.061 E21.74241
G1 X99.061 Y91.517 E22.13685
G1 X98.415 Y91.517 E22.16075
G1 X91.517 Y98.415 E22.5214
G1 X91.517 Y97.769 E22.5453
G1 X97.769 Y91.517 E22.87215
G1 X97.122 Y91.517 E22.89605
G1 X91.517 Y97.122 E23.1891
G1 X91.517 Y96.476 E23.213
G1 X96.476 Y91.517 E23.47226
G1 X95.829 Y91.517 E23.49615
G1 X91.517 Y95.829 E23.72162
G1 X91.517 Y95.183 E23.74552
G1 X95.183 Y91.517 E23.93718
G1 X94.537 Y91.517 E23.96108
G1 X91.517 Y94.537 E24.11895
G1 X91.517 Y93.89 E24.14285
G1 X93.89 Y91.517 E24.26692
G1 X93.244 Y91.517 E24.29082
G1 X91.517 Y93.244 E24.3811
G1 X91.517 Y92.597 E24.405
G1 X92.597 Y91.517 E24.46148
G1 X91.951 Y91.517 E24.48538
G1 X91.321 Y92.148 E24.51834
;LAYER_CHANGE
;Z:1
;HEIGHT:0.2
G1 Z1 F7800
; stop printing object cube_20x20x20_stl id:0 copy 0
; printing object cube_20x20x20_stl id:0 copy 0
G1 X91.181 Y91.181
;TYPE:Perimeter
;WIDTH:0.499999
G1 F3600
G1 X108.819 Y91.181 E25.18867
G1 X108.819 Y108.819 E25.859
G1 X91.181 Y108.819 E26.52933
G1 X91.181 Y91.181 E27.19966
G1 X90.716 Y90.716 F7800
G1 F3600
G1 X109.284 Y90.716 E27.90539
G1 X109.284 Y109.284 E28.61111
G1 X90.716 Y109.284 E29.31684
G1 X90.716 Y90.716 E30.02257
G1 X90.25 Y90.25 F7800
;TYPE:External perimeter
G1 F1800
G1 X109.75 Y90.25 E30.76369
G1 X109.75 Y109.75 E31.50481
G1 X90.25 Y109.75 E32.24594
G1 X90.25 Y90.25 E32.98706
;SEAM:90.25:90.25
;WIPE_START
G1 X90.683 Y90.5 F7800
;WIPE_END
G92 E0
G1 E-2 F2400
G1 X108.679 Y92.245 F7800
G1 E0 F2400
;TYPE:Solid infill
;WIDTH:0.486363
G1 F1800
G1 X107.952 Y91.517 E.03803
G1 X107.306 Y91.517 E.06193
G1 X108.483 Y92.694 E.12348
G1 X108.483 Y93.341 E.14738
G1 X106.659 Y91.517 E.24273
G1 X106.013 Y91.517 E.26663
G1 X108.483 Y93.987 E.39577
G1 X108.483 Y94.634 E.41967
G1 X105.366 Y91.517 E.58261
G1 X104.72 Y91.517 E.60651
G1 X108.483 Y95.28 E.80324
G1 X108.483 Y95.926 E.82714
G1 X104.074 Y91.517 E1.05767
G1 X103.427 Y91.517 E1.08157
G1 X108.483 Y96.573 E1.3459
G1 X108.483 Y97.219 E1.3698
G1 X102.781 Y91.517 E1.66792
G1 X102.134 Y91.517 E1.69182
G1 X108.483 Y97.866 E2.02374
G1 X108.483 Y98.512 E2.04764
G1 X101.488 Y91.517 E2.41336
G1 X100.842 Y91.517 E2.43726
G1 X108.483 Y99.158 E2.83677
G1 X108.483 Y99.805 E2.86067
G1 X100.195 Y91.517 E3.29398
G1 X99.549 Y91.517 E3.31788
G1 X108.483 Y100.451 E3.78498
G1 X108.483 Y101.098 E3.80888
G1 X98.902 Y91.517 E4.30978
G1 X98.256 Y91.517 E4.33368
G1 X108.483 Y101.744 E4.86838
G1 X108.483 Y102.391 E4.89228
G1 X97.609 Y91.517 E5.46077
G1 X96.963 Y91.517 E5.48467
G1 X108.483 Y103.037 E6.08696
G1 X108.483 Y103.683 E6.11086
G1 X96.317 Y91.517 E6.74695
G1 X95.67 Y91.517 E6.77084
G1 X108.483 Y104.33 E7.44073
G1 X108.483 Y104.976 E7.46463
G1 X95.024 Y91.517 E8.16831
G1 X94.377 Y91.517 E8.1922
G1 X108.483 Y105.623 E8.92968
G1 X108.483 Y106.269 E8.95358
G1 X93.731 Y91.517 E9.72485
G1 X93.085 Y91.517 E9.74875
G1 X108.483 Y106.915 E10.55381
G1 X108.483 Y107.562 E10.57771
G1 X92.438 Y91.517 E11.41658
G1 X91.792 Y91.517 E11.44047
G1 X108.483 Y108.208 E12.31313
G1 X108.483 Y108.483 E12.32329
G1 X108.111 Y108.483 E12.33703
G1 X91.517 Y91.889 E13.20462
G1 X91.517 Y92.535 E13.22852
G1 X107.465 Y108.483 E14.06231
G1 X106.818 Y108.483 E14.08621
G1 X91.517 Y93.182 E14.88621
G1 X91.517 Y93.828 E14.91011
G1 X106.172 Y108.483 E15.67631
G1 X105.526 Y108.483 E15.70021
G1 X91.517 Y94.474 E16.43261
G1 X91.517 Y95.121 E16.45651
G1 X104.879 Y108.483 E17.15512
G1 X104.233 Y108.483 E17.17902
G1 X91.517 Y95.767 E17.84383
G1 X91.517 Y96.414 E17.86773
G1 X103.586 Y108.483 E18.49874
G1 X102.94 Y108.483 E18.52264
G1 X91.517 Y97.06 E19.11986
G1 X91.517 Y97.706 E19.14376
G1 X102.294 Y108.483 E19.70719
G1 X101.647 Y108.483 E19.73108
G1 X91.517 Y98.353 E20.26071
G1 X91.517 Y98.999 E20.28461
G1 X101.001 Y108.483 E20.78044
G1 X100.354 Y108.483 E20.80434
G1 X91.517 Y99.646 E21.26638
G1 X91.517 Y100.292 E21.29027
G1 X99.708 Y108.483 E21.71851
G1 X99.061 Y108.483 E21.74241
G1 X91.517 Y100.939 E22.13685
G1 X91.517 Y101.585 E22.16075
G1 X98.415 Y108.483 E22.5214
G1 X97.769 Y108.483 E22.5453
G1 X91.517 Y102.231 E22.87215
G1 X91.517 Y102.878 E22.89605
G1 X97.122 Y108.483 E23.1891
G1 X96.476 Y108.483 E23.213
G1 X91.517 Y103.524 E23.47226
G1 X91.517 Y104.171 E23.49616
G1 X95.829 Y108.483 E23.72162
G1 X95.183 Y108.483 E23.74552
G1 X91.517 Y104.817 E23.93718
G1 X91.517 Y105.463 E23.96108
G1 X94.537 Y108.483 E24.11895
G1 X93.89 Y108.483 E24.14285
G1 X91.517 Y106.11 E24.26692
G1 X91.517 Y106.756 E24.29082
G1 X93.244 Y108.483 E24.3811
G1 X92.597 Y108.483 E24.405
G1 X91.517 Y107.403 E24.46148
G1 X91.517 Y108.049 E24.48538
G1 X92.148 Y108.679 E24.51834
;LAYER_CHANGE
;Z:1.2
;HEIGHT:0.2
G1 Z1.2 F7800
; stop printing object cube_20x20x20_stl id:0 copy 0
; printing object cube_20x20x20_stl id:0 copy 0
G1 X91.181 Y108.819
;TYPE:Perimeter
;WIDTH:0.499999
G1 F3600
G1 X91.181 Y91.181 E25.18867
G1 X108.819 Y91.181 E25.859
G1 X108.819 Y108.819 E26.52933
G1 X91.181 Y108.819 E27.19966
G1 X90.716 Y109.284 F7800
G1 F3600
G1 X90.716 Y90.716 E27.90539
G1 X109.284 Y90.716 E28.61111
G1 X109.284 Y109.284 E29.31684
G1 X90.716 Y109.284 E30.02257
G1 X90.25 Y109.75 F7800
;TYPE:External perimeter
G1 F1800
G1 X90.25 Y90.25 E30.76369
G1 X109.75 Y90.25 E31.50481
G1 X109.75 Y109.75 E32.24594
G1 X90.25 Y109.75 E32.98706
;SEAM:90.25:109.75
;WIPE_START
G1 X90.5 Y109.317 F7800
;WIPE_END
G92 E0
G1 E-2 F2400
G1 X91.321 Y92.148 F7800
G1 E0 F2400
;TYPE:Solid infill
;WIDTH:0.486363
G1 F1800
G1 X91.951 Y91.517 E.03296
G1 X92.597 Y91.517 E.05686
G1 X91.517 Y92.597 E.11334
G1 X91.517 Y93.244 E.13724
G1 X93.244 Y91.517 E.22752
G1 X93.89 Y91.517 E.25141
G1 X91.517 Y93.89 E.37549
G1 X91.517 Y94.537 E.39939
G1 X94.537 Y91.517 E.55726
G1 X95.183 Y91.517 E.58116
G1 X91.517 Y95.183 E.77282
G1 X91.517 Y95.829 E.79672
G1 X95.829 Y91.517 E1.02218
G1 X96.476 Y91.517 E1.04608
G1 X91.517 Y96.476 E1.30534
G1 X91.517 Y97.122 E1.32924
G1 X97.122 Y91.517 E1.62229
G1 X97.769 Y91.517 E1.64619
G1 X91.517 Y97.769 E1.97304
G1 X91.517 Y98.415 E1.99694
G1 X98.415 Y91.517 E2.35759
G1 X99.061 Y91.517 E2.38148
G1 X91.517 Y99.061 E2.77593
G1 X91.517 Y99.708 E2.79983
G1 X99.708 Y91.517 E3.22807
G1 X100.354 Y91.517 E3.25196
G1 X91.517 Y100.354 E3.714
G1 X91.517 Y101.001 E3.7379
G1 X101.001 Y91.517 E4.23373
G1 X101.647 Y91.517 E4.25763
G1 X91.517 Y101.647 E4.78726
G1 X91.517 Y102.294 E4.81115
G1 X102.294 Y91.517 E5.37458
G1 X102.94 Y91.517 E5.39847
G1 X91.517 Y102.94 E5.9957
G1 X91.517 Y103.586 E6.01959
G1 X103.586 Y91.517 E6.65061
G1 X104.233 Y91.517 E6.67451
G1 X91.517 Y104.233 E7.33932
G1 X91.517 Y104.879 E7.36322
G1 X104.879 Y91.517 E8.06183
G1 X105.526 Y91.517 E8.08573
G1 X91.517 Y105.526 E8.81813
G1 X91.517 Y106.172 E8.84203
G1 X106.172 Y91.517 E9.60823
G1 X106.818 Y91.517 E9.63213
G1 X91.517 Y106.818 E10.43213
G1 X91.517 Y107.465 E10.45602
G1 X107.465 Y91.517 E11.28982
G1 X108.111 Y91.517 E11.31372
G1 X91.517 Y108.111 E12.18131
G1 X91.517 Y108.483 E12.19505
G1 X91.792 Y108.483 E12.2052
G1 X108.483 Y91.792 E13.07786
G1 X108.483 Y92.438 E13.10176
G1 X92.438 Y108.483 E13.94063
G1 X93.085 Y108.483 E13.96452
G1 X108.483 Y93.085 E14.76959
G1 X108.483 Y93.731 E14.79349
G1 X93.731 Y108.483 E15.56476
G1 X94.377 Y108.483 E15.58866
G1 X108.483 Y94.377 E16.32614
G1 X108.483 Y95.024 E16.35003
G1 X95.024 Y108.483 E17.05371
G1 X95.67 Y108.483 E17.07761
G1 X108.483 Y95.67 E17.74749
G1 X108.483 Y96.317 E17.77139
G1 X96.317 Y108.483 E18.40748
G1 X96.963 Y108.483 E18.43138
G1 X108.483 Y96.963 E19.03367
G1 X108.483 Y97.609 E19.05756
G1 X97.609 Y108.483 E19.62606
G1 X98.256 Y108.483 E19.64996
G1 X108.483 Y98.256 E20.18466
G1 X108.483 Y98.902 E20.20855
G1 X98.902 Y108.483 E20.70946
G1 X99.549 Y108.483 E20.73335
G1 X108.483 Y99.549 E21.20046
G1 X108.483 Y100.195 E21.22436
G1 X100.195 Y108.483 E21.65767
G1 X100.842 Y108.483 E21.68157
G1 X108.483 Y100.842 E22.08108
G1 X108.483 Y101.488 E22.10498
G1 X101.488 Y108.483 E22.4707
G1 X102.134 Y108.483 E22.49459
G1 X108.483 Y102.134 E22.82651
G1 X108.483 Y102.781 E22.85041
G1 X102.781 Y108.483 E23.14854
G1 X103.427 Y108.483 E23.17244
G1 X108.483 Y103.427 E23.43676
G1 X108.483 Y104.074 E23.46066
G1 X104.074 Y108.483 E23.6912
G1 X104.72 Y108.483 E23.71509
G1 X108.483 Y104.72 E23.91183
G1 X108.483 Y105.366 E23.93573
G1 X105.366 Y108.483 E24.09867
G1 X106.013 Y108.483 E24.12257
G1 X108.483 Y106.013 E24.25171
G1 X108.483 Y106.659 E24.27561
G1 X106.659 Y108.483 E24.37096
G1 X107.306 Y108.483 E24.39485
G1 X108.483 Y107.306 E24.45641
G1 X108.483 Y107.952 E24.4803
G1 X107.755 Y108.679 E24.51834
;LAYER_CHANGE
;Z:1.4
;HEIGHT:0.2
G1 Z1.4 F7800
; stop printing object cube_20x20x20_stl id:0 copy 0
; printing object cube_20x20x20_stl id:0 copy 0
G1 X108.819 Y108.819
;TYPE:Perimeter
;WIDTH:0.499999
G1 F3600
G1 X91.181 Y108.819 E25.18867
G1 X91.181 Y91.181 E25.859
G1 X108.819 Y91.181 E26.52933
G1 X108.819 Y108.819 E27.19966
G1 X109.284 Y109.284 F7800
G1 F3600
G1 X90.716 Y109.284 E27.90539
G1 X90.716 Y90.716 E28.61111
G1 X109.284 Y90.716 E29.31684
G1 X109.284 Y109.284 E30.02257
G1 X109.75 Y109.75 F7800
;TYPE:External perimeter
G1 F1800
G1 X90.25 Y109.75 E30.76369
G1 X90.25 Y90.25 E31.50481
G1 X109.75 Y90.25 E32.24594
G1 X109.75 Y109.75 E32.98706
;SEAM:109.75:109.75
;WIPE_START
G1 X109.317 Y109.5 F7800
;WIPE_END
G92 E0
G1 E-2 F2400
G1 X92.148 Y108.679 F7800
G1 E0 F2400
;TYPE:Solid infill
;WIDTH:0.486363
G1 F1800
G1 X91.517 Y108.049 E.03296
G1 X91.517 Y107.403 E.05686
G1 X92.597 Y108.483 E.11334
G1 X93.244 Y108.483 E.13724
G1 X91.517 Y106.756 E.22752
G1 X91.517 Y106.11 E.25141
G1 X93.89 Y108.483 E.37549
G1 X94.537 Y108.483 E.39939
G1 X91.517 Y105.463 E.55726
G1 X91.517 Y104.817 E.58115
G1 X95.183 Y108.483 E.77282
G1 X95.829 Y108.483 E.79672
G1 X91.517 Y104.171 E1.02218
G1 X91.517 Y103.524 E1.04608
G1 X96.476 Y108.483 E1.30534
G1 X97.122 Y108.483 E1.32924
G1 X91.517 Y102.878 E1.62229
G1 X91.517 Y102.231 E1.64619
G1 X97.769 Y108.483 E1.97304
G1 X98.415 Y108.483 E1.99694
G1 X91.517 Y101.585 E2.35759
G1 X91.517 Y100.939 E2.38148
G1 X99.061 Y108.483 E2.77593
G1 X99.708 Y108.483 E2.79982
G1 X91.517 Y100.292 E3.22806
G1 X91.517 Y99.646 E3.25196
G1 X100.354 Y108.483 E3.714
G1 X101.001 Y108.483 E3.7379
G1 X91.517 Y98.999 E4.23373
G1 X91.517 Y98.353 E4.25763
G1 X101.647 Y108.483 E4.78725
G1 X102.294 Y108.483 E4.81115
G1 X91.517 Y97.706 E5.37458
G1 X91.517 Y97.06 E5.39847
G1 X102.94 Y108.483 E5.99569
G1 X103.586 Y108.483 E6.01959
G1 X91.517 Y96.414 E6.65061
G1 X91.517 Y95.767 E6.67451
G1 X104.233 Y108.483 E7.33932
G1 X104.879 Y108.483 E7.36322
G1 X91.517 Y95.121 E8.06183
G1 X91.517 Y94.474 E8.08572
G1 X105.526 Y108.483 E8.81813
G1 X106.172 Y108.483 E8.84203
G1 X91.517 Y93.828 E9.60823
G1 X91.517 Y93.182 E9.63213
G1 X106.818 Y108.483 E10.43213
G1 X107.465 Y108.483 E10.45602
G1 X91.517 Y92.535 E11.28982
G1 X91.517 Y91.889 E11.31371
G1 X108.111 Y108.483 E12.1813
G1 X108.483 Y108.483 E12.19505
G1 X108.483 Y108.208 E12.2052
G1 X91.792 Y91.517 E13.07786
G1 X92.438 Y91.517 E13.10176
G1 X108.483 Y107.562 E13.94063
G1 X108.483 Y106.915 E13.96452
G1 X93.085 Y91.517 E14.76959
G1 X93.731 Y91.517 E14.79349
G1 X108.483 Y106.269 E15.56476
G1 X108.483 Y105.623 E15.58866
G1 X94.377 Y91.517 E16.32613
G1 X95.024 Y91.517 E16.35003
G1 X108.483 Y104.976 E17.05371
G1 X108.483 Y104.33 E17.07761
G1 X95.67 Y91.517 E17.74749
G1 X96.317 Y91.517 E17.77139
G1 X108.483 Y103.683 E18.40748
G1 X108.483 Y103.037 E18.43138
G1 X96.963 Y91.517 E19.03367
G1 X97.609 Y91.517 E19.05756
G1 X108.483 Y102.391 E19.62606
G1 X108.483 Y101.744 E19.64996
G1 X98.256 Y91.517 E20.18466
G1 X98.902 Y91.517 E20.20855
G1 X108.483 Y101.098 E20.70946
G1 X108.483 Y100.451 E20.73335
G1 X99.549 Y91.517 E21.20046
G1 X100.195 Y91.517 E21.22436
G1 X108.483 Y99.805 E21.65767
G1 X108.483 Y99.158 E21.68157
G1 X100.842 Y91.517 E22.08108
G1 X101.488 Y91.517 E22.10498
G1 X108.483 Y98.512 E22.4707
G1 X108.483 Y97.866 E22.49459
G1 X102.134 Y91.517 E22.82651
G1 X102.781 Y91.517 E22.85041
G1 X108.483 Y97.219 E23.14854
G1 X108.483 Y96.573 E23.17244
G1 X103.427 Y91.517 E23.43677
G1 X104.074 Y91.517 E23.46066
G1 X108.483 Y95.926 E23.6912
G1 X108.483 Y95.28 E23.71509
G1 X104.72 Y91.517 E23.91183
G1 X105.366 Y91.517 E23.93573
G1 X108.483 Y94.634 E24.09867
G1 X108.483 Y93.987 E24.12257
G1 X106.013 Y91.517 E24.25171
G1 X106.659 Y91.517 E24.27561
G1 X108.483 Y93.341 E24.37096
G1 X108.483 Y92.694 E24.39485
G1 X107.306 Y91.517 E24.45641
G1 X107.952 Y91.517 E24.4803
G1 X108.679 Y92.245 E24.51834
;LAYER_CHANGE
;Z:1.6
;HEIGHT:0.2
G1 Z1.6 F7800
; stop printing object cube_20x20x20_stl id:0 copy 0
; printing object cube_20x20x20_stl id:0 copy 0
G1 X108.819 Y91.181
;TYPE:Perimeter
;WIDTH:0.499999
G1 F3600
G1 X108.819 Y108.819 E25.18867
G1 X91.181 Y108.819 E25.859
G1 X91.181 Y91.181 E26.52933
G1 X108.819 Y91.181 E27.19966
G1 X109.284 Y90.716 F7800
G1 F3600
G1 X109.284 Y109.284 E27.90539
G1 X90.716 Y109.284 E28.61111
G1 X90.716 Y90.716 E29.31684
G1 X109.284 Y90.716 E30.02257
G1 X109.75 Y90.25 F7800
;TYPE:External perimeter
G1 F1800
G1 X109.75 Y109.75 E30.76369
G1 X90.25 Y109.75 E31.50481
G1 X90.25 Y90.25 E32.24594
G1 X109.75 Y90.25 E32.98706
;SEAM:109.75:90.25
;WIPE_START
G1 X109.5 Y90.683 F7800
;WIPE_END
G92 E0
G1 E-2 F2400
G1 X107.755 Y108.679 F7800
G1 E0 F2400
;TYPE:Solid infill
;WIDTH:0.486363
G1 F1800
G1 X108.483 Y107.952 E.03803
G1 X108.483 Y107.306 E.06193
G1 X107.306 Y108.483 E.12348
G1 X106.659 Y108.483 E.14738
G1 X108.483 Y106.659 E.24273
G1 X108.483 Y106.013 E.26663
G1 X106.013 Y108.483 E.39577
G1 X105.366 Y108.483 E.41967
G1 X108.483 Y105.366 E.58261
G1 X108.483 Y104.72 E.60651
G1 X104.72 Y108.483 E.80324
G1 X104.074 Y108.483 E.82714
G1 X108.483 Y104.074 E1.05767
G1 X108.483 Y103.427 E1.08157
G1 X103.427 Y108.483 E1.3459
G1 X102.781 Y108.483 E1.3698
G1 X108.483 Y102.781 E1.66792
G1 X108.483 Y102.134 E1.69182
G1 X102.134 Y108.483 E2.02374
G1 X101.488 Y108.483 E2.04764
G1 X108.483 Y101.488 E2.41336
G1 X108.483 Y100.842 E2.43726
G1 X100.842 Y108.483 E2.83677
G1 X100.195 Y108.483 E2.86067
G1 X108.483 Y100.195 E3.29398
G1 X108.483 Y99.549 E3.31788
G1 X99.549 Y108.483 E3.78498
G1 X98.902 Y108.483 E3.80888
G1 X108.483 Y98.902 E4.30978
G1 X108.483 Y98.256 E4.33368
G1 X98.256 Y108.483 E4.86838
G1 X97.609 Y108.483 E4.89228
G1 X108.483 Y97.609 E5.46077
G1 X108.483 Y96.963 E5.48467
G1 X96.963 Y108.483 E6.08696
G1 X96.317 Y108.483 E6.11086
G1 X108.483 Y96.317 E6.74695
G1 X108.483 Y95.67 E6.77084
G1 X95.67 Y108.483 E7.44073
G1 X95.024 Y108.483 E7.46462
G1 X108.483 Y95.024 E8.1683
G1 X108.483 Y94.377 E8.1922
G1 X94.377 Y108.483 E8.92968
G1 X93.731 Y108.483 E8.95358
G1 X108.483 Y93.731 E9.72485
G1 X108.483 Y93.085 E9.74875
G1 X93.085 Y108.483 E10.55381
G1 X92.438 Y108.483 E10.57771
G1 X108.483 Y92.438 E11.41658
G1 X108.483 Y91.792 E11.44047
G1 X91.792 Y108.483 E12.31313
G1 X91.517 Y108.483 E12.32329
G1 X91.517 Y108.111 E12.33703
G1 X108.111 Y91.517 E13.20462
G1 X107.465 Y91.517 E13.22852
G1 X91.517 Y107.465 E14.06231
G1 X91.517 Y106.818 E14.08621
G1 X106.818 Y91.517 E14.88621
G1 X106.172 Y91.517 E14.91011
G1 X91.517 Y106.172 E15.67631
G1 X91.517 Y105.526 E15.70021
G1 X105.526 Y91.517 E16.43261
G1 X104.879 Y91.517 E16.45651
G1 X91.517 Y104.879 E17.15512
G1 X91.517 Y104.233 E17.17902
G1 X104.233 Y91.517 E17.84383
G1 X103.586 Y91.517 E17.86773
G1 X91.517 Y103.586 E18.49874
G1 X91.517 Y102.94 E18.52264
G1 X102.94 Y91.517 E19.11986
G1 X102.294 Y91.517 E19.14376
G1 X91.517 Y102.294 E19.70718
G1 X91.517 Y101.647 E19.73108
G1 X101.647 Y91.517 E20.26071
G1 X101.001 Y91.517 E20.28461
G1 X91.517 Y101.001 E20.78044
G1 X91.517 Y100.354 E20.80434
G1 X100.354 Y91.517 E21.26637
G1 X99.708 Y91.517 E21.29027
G1 X91.517 Y99.708 E21.71851
G1 X91.517 Y99.061 E21.74241
G1 X99.061 Y91.517 E22.13685
G1 X98.415 Y91.517 E22.16075
G1 X91.517 Y98.415 E22.5214
G1 X91.517 Y97.769 E22.5453
G1 X97.769 Y91.517 E22.87215
G1 X97.122 Y91.517 E22.89605
G1 X91.517 Y97.122 E23.1891
G1 X91.517 Y96.476 E23.213
G1 X96.476 Y91.517 E23.47226
G1 X95.829 Y91.517 E23.49615
G1 X91.517 Y95.829 E23.72162
G1 X91.517 Y95.183 E23.74552
G1 X95.183 Y91.517 E23.93718
G1 X94.537 Y91.517 E23.96108
G1 X91.517 Y94.537 E24.11895
G1 X91.517 Y93.89 E24.14285
G1 X93.89 Y91.517 E24.26692
G1 X93.244 Y91.517 E24.29082
G1 X91.517 Y93.244 E24.3811
G1 X91.517 Y92.597 E24.405
G1 X92.597 Y91.517 E24.46148
G1 X91.951 Y91.517 E24.48538
G1 X91.321 Y92.148 E24.51834
;LAYER_CHANGE
;Z:1.8
;HEIGHT:0.2
G1 Z1.8 F7800
; stop printing object cube_20x20x20_stl id:0 copy 0
; printing object cube_20x20x20_stl id:0 copy 0
G1 X91.181 Y91.181
;TYPE:Perimeter
;WIDTH:0.499999
G1 F3600
G1 X108.819 Y91.181 E25.18867
G1 X108.819 Y108.819 E25.859
G1 X91.181 Y108.819 E26.52933
G1 X91.181 Y91.181 E27.19966
G1 X90.716 Y90.716 F7800
G1 F3600
G1 X109.284 Y90.716 E27.90539
G1 X109.284 Y109.284 E28.61111
G1 X90.716 Y109.284 E29.31684
G1 X90.716 Y90.716 E30.02257
G1 X90.25 Y90.25 F7800
;TYPE:External perimeter
G1 F1800
G1 X109.75 Y90.25 E30.76369
G1 X109.75 Y109.75 E31.50481
G1 X90.25 Y109.75 E32.24594
G1 X90.25 Y90.25 E32.98706
;SEAM:90.25:90.25
;WIPE_START
G1 X90.683 Y90.5 F7800
;WIPE_END
G92 E0
G1 E-2 F2400
G1 X108.679 Y92.245 F7800
G1 E0 F2400
;TYPE:Solid infill
;WIDTH:0.486363
G1 F1800
G1 X107.952 Y91.517 E.03803
G1 X107.306 Y91.517 E.06193
G1 X108.483 Y92.694 E.12348
G1 X108.483 Y93.341 E.14738
G1 X106.659 Y91.517 E.24273
G1 X106.013 Y91.517 E.26663
G1 X108.483 Y93.987 E.39577
G1 X108.483 Y94.634 E.41967
G1 X105.366 Y91.517 E.58261
G1 X104.72 Y91.517 E.60651
G1 X108.483 Y95.28 E.80324
G1 X108.483 Y95.926 E.82714
G1 X104.074 Y91.517 E1.05767
G1 X103.427 Y91.517 E1.08157
G1 X108.483 Y96.573 E1.3459
G1 X108.483 Y97.219 E1.3698
G1 X102.781 Y91.517 E1.66792
G1 X102.134 Y91.517 E1.69182
G1 X108.483 Y97.866 E2.02374
G1 X108.483 Y98.512 E2.04764
G1 X101.488 Y91.517 E2.41336
G1 X100.842 Y91.517 E2.43726
G1 X108.483 Y99.158 E2.83677
G1 X108.483 Y99.805 E2.86067
G1 X100.195 Y91.517 E3.29398
G1 X99.549 Y91.517 E3.31788
G1 X108.483 Y100.451 E3.78498
G1 X108.483 Y101.098 E3.80888
G1 X98.902 Y91.517 E4.30978
G1 X98.256 Y91.517 E4.33368
G1 X108.483 Y101.744 E4.86838
G1 X108.483 Y102.391 E4.89228
G1 X97.609 Y91.517 E5.46077
G1 X96.963 Y91.517 E5.48467
G1 X108.483 Y103.037 E6.08696
G1 X108.483 Y103.683 E6.11086
G1 X96.317 Y91.517 E6.74695
G1 X95.67 Y91.517 E6.77084
G1 X108.483 Y104.33 E7.44073
G1 X108.483 Y104.976 E7.46463
G1 X95.024 Y91.517 E8.16831
G1 X94.377 Y91.517 E8.1922
G1 X108.483 Y105.623 E8.92968
G1 X108.483 Y106.269 E8.95358
G1 X93.731 Y91.517 E9.72485
G1 X93.085 Y91.517 E9.74875
G1 X108.483 Y106.915 E10.55381
G1 X108.483 Y107.562 E10.57771
G1 X92.438 Y91.517 E11.41658
G1 X91.792 Y91.517 E11.44047
G1 X108.483 Y108.208 E12.31313
G1 X108.483 Y108.483 E12.32329
G1 X108.111 Y108.483 E12.33703
G1 X91.517 Y91.889 E13.20462
G1 X91.517 Y92.535 E13.22852
G1 X107.465 Y108.483 E14.06231
G1 X106.818 Y108.483 E14.08621
G1 X91.517 Y93.182 E14.88621
G1 X91.517 Y93.828 E14.91011
G1 X106.172 Y108.483 E15.67631
G1 X105.526 Y108.483 E15.70021
G1 X91.517 Y94.474 E16.43261
G1 X91.517 Y95.121 E16.45651
G1 X104.879 Y108.483 E17.15512
G1 X104.233 Y108.483 E17.17902
G1 X91.517 Y95.767 E17.84383
G1 X91.517 Y96.414 E17.86773
G1 X103.586 Y108.483 E18.49874
G1 X102.94 Y108.483 E18.52264
G1 X91.517 Y97.06 E19.11986
G1 X91.517 Y97.706 E19.14376
G1 X102.294 Y108.483 E19.70719
G1 X101.647 Y108.483 E19.73108
G1 X91.517 Y98.353 E20.26071
G1 X91.517 Y98.999 E20.28461
G1 X101.001 Y108.483 E20.78044
G1 X100.354 Y108.483 E20.80434
G1 X91.517 Y99.646 E21.26638
G1 X91.517 Y100.292 E21.29027
G1 X99.708 Y108.483 E21.71851
G1 X99.061 Y108.483 E21.74241
G1 X91.517 Y100.939 E22.13685
G1 X91.517 Y101.585 E22.16075
G1 X98.415 Y108.483 E22.5214
G1 X97.769 Y108.483 E22.5453
G1 X91.517 Y102.231 E22.87215
G1 X91.517 Y102.878 E22.89605
G1 X97.122 Y108.483 E23.1891
G1 X96.476 Y108.483 E23.213
G1 X91.517 Y103.524 E23.47226
G1 X91.517 Y104.171 E23.49616
G1 X95.829 Y108.483 E23.72162
G1 X95.183 Y108.483 E23.74552
G1 X91.517 Y104.817 E23.93718
G1 X91.517 Y105.463 E23.96108
G1 X94.537 Y108.483 E24.11895
G1 X93.89 Y108.483 E24.14285
G1 X91.517 Y106.11 E24.26692
G1 X91.517 Y106.756 E24.29082
G1 X93.244 Y108.483 E24.3811
G1 X92.597 Y108.483 E24.405
G1 X91.517 Y107.403 E24.46148
G1 X91.517 Y108.049 E24.48538
G1 X92.148 Y108.679 E24.51834
;LAYER_CHANGE
;Z:2
;HEIGHT:0.2
G1 Z2 F7800
; stop printing object cube_20x20x20_stl id:0 copy 0
; printing object cube_20x20x20_stl id:0 copy 0
G1 X91.181 Y108.819
;TYPE:Perimeter
;WIDTH:0.499999
G1 F3600
G1 X91.181 Y91.181 E25.18867
G1 X108.819 Y91.181 E25.859
G1 X108.819 Y108.819 E26.52933
G1 X91.181 Y108.819 E27.19966
G1 X90.716 Y109.284 F7800
G1 F3600
G1 X90.716 Y90.716 E27.90539
G1 X109.284 Y90.716 E28.61111
G1 X109.284 Y109.284 E29.31684
G1 X90.716 Y109.284 E30.02257
G1 X90.25 Y109.75 F7800
;TYPE:External perimeter
G1 F1800
G1 X90.25 Y90.25 E30.76369
G1 X109.75 Y90.25 E31.50481
G1 X109.75 Y109.75 E32.24594
G1 X90.25 Y109.75 E32.98706
;SEAM:90.25:109.75
;WIPE_START
G1 X90.5 Y109.317 F7800
;WIPE_END
G92 E0
G1 E-2 F2400
G1 X91.321 Y92.148 F7800
G1 E0 F2400
;TYPE:Solid infill
;WIDTH:0.486363
G1 F1800
G1 X91.951 Y91.517 E.03296
G1 X92.597 Y91.517 E.05686
G1 X91.517 Y92.597 E.11334
G1 X91.517 Y93.244 E.13724
G1 X93.244 Y91.517 E.22752
G1 X93.89 Y91.517 E.25141
G1 X91.517 Y93.89 E.37549
G1 X91.517 Y94.537 E.39939
G1 X94.537 Y91.517 E.55726
G1 X95.183 Y91.517 E.58116
G1 X91.517 Y95.183 E.77282
G1 X91.517 Y95.829 E.79672
G1 X95.829 Y91.517 E1.02218
G1 X96.476 Y91.517 E1.04608
G1 X91.517 Y96.476 E1.30534
G1 X91.517 Y97.122 E1.32924
G1 X97.122 Y91.517 E1.62229
G1 X97.769 Y91.517 E1.64619
G1 X91.517 Y97.769 E1.97304
G1 X91.517 Y98.415 E1.99694
G1 X98.415 Y91.517 E2.35759
G1 X99.061 Y91.517 E2.38148
G1 X91.517 Y99.061 E2.77593
G1 X91.517 Y99.708 E2.79983
G1 X99.708 Y91.517 E3.22807
G1 X100.354 Y91.517 E3.25196
G1 X91.517 Y100.354 E3.714
G1 X91.517 Y101.001 E3.7379
G1 X101.001 Y91.517 E4.23373
G1 X101.647 Y91.517 E4.25763
G1 X91.517 Y101.647 E4.78726
G1 X91.517 Y102.294 E4.81115
G1 X102.294 Y91.517 E5.37458
G1 X102.94 Y91.517 E5.39847
G1 X91.517 Y102.94 E5.9957
G1 X91.517 Y103.586 E6.01959
G1 X103.586 Y91.517 E6.65061
G1 X104.233 Y91.517 E6.67451
G1 X91.517 Y104.233 E7.33932
G1 X91.517 Y104.879 E7.36322
G1 X104.879 Y91.517 E8.06183
G1 X105.526 Y91.517 E8.08573
G1 X91.517 Y105.526 E8.81813
G1 X91.517 Y106.172 E8.84203
G1 X106.172 Y91.517 E9.60823
G1 X106.818 Y91.517 E9.63213
G1 X91.517 Y106.818 E10.43213
G1 X91.517 Y107.465 E10.45602
G1 X107.465 Y91.517 E11.28982
G1 X108.111 Y91.517 E11.31372
G1 X91.517 Y108.111 E12.18131
G1 X91.517 Y108.483 E12.19505
G1 X91.792 Y108.483 E12.2052
G1 X108.483 Y91.792 E13.07786
G1 X108.483 Y92.438 E13.10176
G1 X92.438 Y108.483 E13.94063
G1 X93.085 Y108.483 E13.96452
G1 X108.483 Y93.085 E14.76959
G1 X108.483 Y93.731 E14.79349
G1 X93.731 Y108.483 E15.56476
G1 X94.377 Y108.483 E15.58866
G1 X108.483 Y94.377 E16.32614
G1 X108.483 Y95.024 E16.35003
G1 X95.024 Y108.483 E17.05371
G1 X95.67 Y108.483 E17.07761
G1 X108.483 Y95.67 E17.74749
G1 X108.483 Y96.317 E17.77139
G1 X96.317 Y108.483 E18.40748
G1 X96.963 Y108.483 E18.43138
G1 X108.483 Y96.963 E19.03367
G1 X108.483 Y97.609 E19.05756
G1 X97.609 Y108.483 E19.62606
G1 X98.256 Y108.483 E19.64996
G1 X108.483 Y98.256 E20.18466
G1 X108.483 Y98.902 E20.20855
G1 X98.902 Y108.483 E20.70946
G1 X99.549 Y108.483 E20.73335
G1 X108.483 Y99.549 E21.20046
G1 X108.483 Y100.195 E21.22436
G1 X100.195 Y108.483 E21.65767
G1 X100.842 Y108.483 E21.68157
G1 X108.483 Y100.842 E22.08108
G1 X108.483 Y101.488 E22.10498
G1 X101.488 Y108.483 E22.4707
G1 X102.134 Y108.483 E22.49459
G1 X108.483 Y102.134 E22.82651
G1 X108.483 Y102.781 E22.85041
G1 X102.781 Y108.483 E23.14854
G1 X103.427 Y108.483 E23.17244
G1 X108.483 Y103.427 E23.43676
G1 X108.483 Y104.074 E23.46066
G1 X104.074 Y108.483 E23.6912
G1 X104.72 Y108.483 E23.71509
G1 X108.483 Y104.72 E23.91183
G1 X108.483 Y105.366 E23.93573
G1 X105.366 Y108.483 E24.09867
G1 X106.013 Y108.483 E24.12257
G1 X108.483 Y106.013 E24.25171
G1 X108.483 Y106.659 E24.27561
G1 X106.659 Y108.483 E24.37096
G1 X107.306 Y108.483 E24.39485
G1 X108.483 Y107.306 E24.45641
G1 X108.483 Y107.952 E24.4803
G1 X107.755 Y108.679 E24.51834
;LAYER_CHANGE
;Z:2.2
;HEIGHT:0.2
G1 Z2.2 F7800
; stop printing object cube_20x20x20_stl id:0 copy 0
; printing object cube_20x20x20_stl id:0 copy 0
G1 X108.819 Y108.819
;TYPE:Perimeter
;WIDTH:0.499999
G1 F3600
G1 X91.181 Y108.819 E25.18867
G1 X91.181 Y91.181 E25.859
G1 X108.819 Y91.181 E26.52933
G1 X108.819 Y108.819 E27.19966
G1 X109.284 Y109.284 F7800
G1 F3600
G1 X90.716 Y109.284 E27.90539
G1 X90.716 Y90.716 E28.61111
G1 X109.284 Y90.716 E29.31684
G1 X109.284 Y109.284 E30.02257
G1 X109.75 Y109.75 F7800
;TYPE:External perimeter
G1 F1800
G1 X90.25 Y109.75 E30.76369
G1 X90.25 Y90.25 E31.50481
G1 X109.75 Y90.25 E32.24594
G1 X109.75 Y109.75 E32.98706
;SEAM:109.75:109.75
;WIPE_START
G1 X109.317 Y109.5 F7800
;WIPE_END
G92 E0
G1 E-2 F2400
G1 X92.148 Y108.679 F7800
G1 E0 F2400
;TYPE:Solid infill
;WIDTH:0.486363
G1 F1800
G1 X91.517 Y108.049 E.03296
G1 X91.517 Y107.403 E.05686
G1 X92.597 Y108.483 E.11334
G1 X93.244 Y108.483 E.13724
G1 X91.517 Y106.756 E.22752
G1 X91.517 Y106.11 E.25141
G1 X93.89 Y108.483 E.37549
G1 X94.537 Y108.483 E.39939
G1 X91.517 Y105.463 E.55726
G1 X91.517 Y104.817 E.58115
G1 X95.183 Y108.483 E.77282
G1 X95.829 Y108.483 E.79672
G1 X91.517 Y104.171 E1.02218
G1 X91.517 Y103.524 E1.04608
G1 X96.476 Y108.483 E1.30534
G1 X97.122 Y108.483 E1.32924
G1 X91.517 Y102.878 E1.62229
G1 X91.517 Y102.231 E1.64619
G1 X97.769 Y108.483 E1.97304
G1 X98.415 Y108.483 E1.99694
G1 X91.517 Y101.585 E2.35759
G1 X91.517 Y100.939 E2.38148
G1 X99.061 Y108.483 E2.77593
G1 X99.708 Y108.483 E2.79982
G1 X91.517 Y100.292 E3.22806
G1 X91.517 Y99.646 E3.25196
G1 X100.354 Y108.483 E3.714
G1 X101.001 Y108.483 E3.7379
G1 X91.517 Y98.999 E4.23373
G1 X91.517 Y98.353 E4.25763
G1 X101.647 Y108.483 E4.78725
G1 X102.294 Y108.483 E4.81115
G1 X91.517 Y97.706 E5.37458
G1 X91.517 Y97.06 E5.39847
G1 X102.94 Y108.483 E5.99569
G1 X103.586 Y108.483 E6.01959
G1 X91.517 Y96.414 E6.65061
G1 X91.517 Y95.767 E6.67451
G1 X104.233 Y108.483 E7.33932
G1 X104.879 Y108.483 E7.36322
G1 X91.517 Y95.121 E8.06183
G1 X91.517 Y94.474 E8.08572
G1 X105.526 Y108.483 E8.81813
G1 X106.172 Y108.483 E8.84203
G1 X91.517 Y93.828 E9.60823
G1 X91.517 Y93.182 E9.63213
G1 X106.818 Y108.483 E10.43213
G1 X107.465 Y108.483 E10.45602
G1 X91.517 Y92.535 E11.28982
G1 X91.517 Y91.889 E11.31371
G1 X108.111 Y108.483 E12.1813
G1 X108.483 Y108.483 E12.19505
G1 X108.483 Y108.208 E12.2052
G1 X91.792 Y91.517 E13.07786
G1 X92.438 Y91.517 E13.10176
G1 X108.483 Y107.562 E13.94063
G1 X108.483 Y106.915 E13.96452
G1 X93.085 Y91.517 E14.76959
G1 X93.731 Y91.517 E14.79349
G1 X108.483 Y106.269 E15.56476
G1 X108.483 Y105.623 E15.58866
G1 X94.377 Y91.517 E16.32613
G1 X95.024 Y91.517 E16.35003
G1 X108.483 Y104.976 E17.05371
G1 X108.483 Y104.33 E17.07761
G1 X95.67 Y91.517 E17.74749
G1 X96.317 Y91.517 E17.77139
G1 X108.483 Y103.683 E18.40748
G1 X108.483 Y103.037 E18.43138
G1 X96.963 Y91.517 E19.03367
G1 X97.609 Y91.517 E19.05756
G1 X108.483 Y102.391 E19.62606
G1 X108.483 Y101.744 E19.64996
G1 X98.256 Y91.517 E20.18466
G1 X98.902 Y91.517 E20.20855
G1 X108.483 Y101.098 E20.70946
G1 X108.483 Y100.451 E20.73335
G1 X99.549 Y91.517 E21.20046
G1 X100.195 Y91.517 E21.22436
G1 X108.483 Y99.805 E21.65767
G1 X108.483 Y99.158 E21.68157
G1 X100.842 Y91.517 E22.08108
G1 X101.488 Y91.517 E22.10498
G1 X108.483 Y98.512 E22.4707
G1 X108.483 Y97.866 E22.49459
G1 X102.134 Y91.517 E22.82651
G1 X102.781 Y91.517 E22.85041
G1 X108.483 Y97.219 E23.14854
G1 X108.483 Y96.573 E23.17244
G1 X103.427 Y91.517 E23.43677
G1 X104.074 Y91.517 E23.46066
G1 X108.483 Y95.926 E23.6912
G1 X108.483 Y95.28 E23.71509
G1 X104.72 Y91.517 E23.91183
G1 X105.366 Y91.517 E23.93573
G1 X108.483 Y94.634 E24.09867
G1 X108.483 Y93.987 E24.12257
G1 X106.013 Y91.517 E24.25171
G1 X106.659 Y91.517 E24.27561
G1 X108.483 Y93.341 E24.37096
G1 X108.483 Y92.694 E24.39485
G1 X107.306 Y91.517 E24.45641
G1 X107.952 Y91.517 E24.4803
G1 X108.679 Y92.245 E24.51834
;LAYER_CHANGE
;Z:2.4
;HEIGHT:0.2
G1 Z2.4 F7800
; stop printing object cube_20x20x20_stl id:0 copy 0
; printing object cube_20x20x20_stl id:0 copy 0
G1 X108.819 Y91.181
;TYPE:Perimeter
;WIDTH:0.499999
G1 F3600
G1 X108.819 Y108.819 E25.18867
G1 X91.181 Y108.819 E25.859
G1 X91.181 Y91.181 E26.52933
G1 X108.819 Y91.181 E27.19966
G1 X109.284 Y90.716 F7800
G1 F3600
G1 X109.284 Y109.284 E27.90539
G1 X90.716 Y109.284 E28.61111
G1 X90.716 Y90.716 E29.31684
G1 X109.284 Y90.716 E30.02257
G1 X109.75 Y90.25 F7800
;TYPE:External perimeter
G1 F1800
G1 X109.75 Y109.75 E30.76369
G1 X90.25 Y109.75 E31.50481
G1 X90.25 Y90.25 E32.24594
G1 X109.75 Y90.25 E32.98706
;SEAM:109.75:90.25
;WIPE_START
G1 X109.5 Y90.683 F7800
;WIPE_END
G92 E0
G1 E-2 F2400
G1 X107.755 Y108.679 F7800
G1 E0 F2400
;TYPE:Solid infill
;WIDTH:0.486363
G1 F1800
G1 X108.483 Y107.952 E.03803
G1 X108.483 Y107.306 E.06193
G1 X107.306 Y108.483 E.12348
G1 X106.659 Y108.483 E.14738
G1 X108.483 Y106.659 E.24273
G1 X108.483 Y106.013 E.26663
G1 X106.013 Y108.483 E.39577
G1 X105.366 Y108.483 E.41967
G1 X108.483 Y105.366 E.58261
G1 X108.483 Y104.72 E.60651
G1 X104.72 Y108.483 E.80324
G1 X104.074 Y108.483 E.82714
G1 X108.483 Y104.074 E1.05767
G1 X108.483 Y103.427 E1.08157
G1 X103.427 Y108.483 E1.3459
G1 X102.781 Y108.483 E1.3698
G1 X108.483 Y102.781 E1.66792
G1 X108.483 Y102.134 E1.69182
G1 X102.134 Y108.483 E2.02374
G1 X101.488 Y108.483 E2.04764
G1 X108.483 Y101.488 E2.41336
G1 X108.483 Y100.842 E2.43726
G1 X100.842 Y108.483 E2.83677
G1 X100.195 Y108.483 E2.86067
G1 X108.483 Y100.195 E3.29398
G1 X108.483 Y99.549 E3.31788
G1 X99.549 Y108.483 E3.78498
G1 X98.902 Y108.483 E3.80888
G1 X108.483 Y98.902 E4.30978
G1 X108.483 Y98.256 E4.33368
G1 X98.256 Y108.483 E4.86838
G1 X97.609 Y108.483 E4.89228
G1 X108.483 Y97.609 E5.46077
G1 X108.483 Y96.963 E5.48467
G1 X96.963 Y108.483 E6.08696
G1 X96.317 Y108.483 E6.11086
G1 X108.483 Y96.317 E6.74695
G1 X108.483 Y95.67 E6.77084
G1 X95.67 Y108.483 E7.44073
G1 X95.024 Y108.483 E7.46462
G1 X108.483 Y95.024 E8.1683
G1 X108.483 Y94.377 E8.1922
G1 X94.377 Y108.483 E8.92968
G1 X93.731 Y108.483 E8.95358
G1 X108.483 Y93.731 E9.72485
G1 X108.483 Y93.085 E9.74875
G1 X93.085 Y108.483 E10.55381
G1 X92.438 Y108.483 E10.57771
G1 X108.483 Y92.438 E11.41658
G1 X108.483 Y91.792 E11.44047
G1 X91.792 Y108.483 E12.31313
G1 X91.517 Y108.483 E12.32329
G1 X91.517 Y108.111 E12.33703
G1 X108.111 Y91.517 E13.20462
G1 X107.465 Y91.517 E13.22852
G1 X91.517 Y107.465 E14.06231
G1 X91.517 Y106.818 E14.08621
G1 X106.818 Y91.517 E14.88621
G1 X106.172 Y91.517 E14.91011
G1 X91.517 Y106.172 E15.67631
G1 X91.517 Y105.526 E15.70021
G1 X105.526 Y91.517 E16.43261
G1 X104.879 Y91.517 E16.45651
G1 X91.517 Y104.879 E17.15512
G1 X91.517 Y104.233 E17.17902
G1 X104.233 Y91.517 E17.84383
G1 X103.586 Y91.517 E17.86773
G1 X91.517 Y103.586 E18.49874
G1 X91.517 Y102.94 E18.52264
G1 X102.94 Y91.517 E19.11986
G1 X102.294 Y91.517 E19.14376
G1 X91.517 Y102.294 E19.70718
G1 X91.517 Y101.647 E19.73108
G1 X101.647 Y91.517 E20.26071
G1 X101.001 Y91.517 E20.28461
G1 X91.517 Y101.001 E20.78044
G1 X91.517 Y100.354 E20.80434
G1 X100.354 Y91.517 E21.26637
G1 X99.708 Y91.517 E21.29027
G1 X91.517 Y99.708 E21.71851
G1 X91.517 Y99.061 E21.74241
G1 X99.061 Y91.517 E22.13685
G1 X98.415 Y91.517 E22.16075
G1 X91.517 Y98.415 E22.5214
G1 X91.517 Y97.769 E22.5453
G1 X97.769 Y91.517 E22.87215
G1 X97.122 Y91.517 E22.89605
G1 X91.517 Y97.122 E23.1891
G1 X91.517 Y96.476 E23.213
G1 X96.476 Y91.517 E23.47226
G1 X95.829 Y91.517 E23.49615
G1 X91.517 Y95.829 E23.72162
G1 X91.517 Y95.183 E23.74552
G1 X95.183 Y91.517 E23.93718
G1 X94.537 Y91.517 E23.96108
G1 X91.517 Y94.537 E24.11895
G1 X91.517 Y93.89 E24.14285
G1 X93.89 Y91.517 E24.26692
G1 X93.244 Y91.517 E24.29082
G1 X91.517 Y93.244 E24.3811
G1 X91.517 Y92.597 E24.405
G1 X92.597 Y91.517 E24.46148
G1 X91.951 Y91.517 E24.48538
G1 X91.321 Y92.148 E24.51834
;LAYER_CHANGE
;Z:2.6
;HEIGHT:0.2
G1 Z2.6 F7800
; stop printing object cube_20x20x20_stl id:0 copy 0
; printing object cube_20x20x20_stl id:0 copy 0
G1 X91.181 Y91.181
;TYPE:Perimeter
;WIDTH:0.499999
G1 F3600
G1 X108.819 Y91.181 E25.18867
G1 X108.819 Y108.819 E25.859
G1 X91.181 Y108.819 E26.52933
G1 X91.181 Y91.181 E27.19966
G1 X90.716 Y90.716 F7800
G1 F3600
G1 X109.284 Y90.716 E27.90539
G1 X109.284 Y109.284 E28.61111
G1 X90.716 Y109.284 E29.31684
G1 X90.716 Y90.716 E30.02257
G1 X90.25 Y90.25 F7800
;TYPE:External perimeter
G1 F1800
G1 X109.75 Y90.25 E30.76369
G1 X109.75 Y109.75 E31.50481
G1 X90.25 Y109.75 E32.24594
G1 X90.25 Y90.25 E32.98706
;SEAM:90.25:90.25
;WIPE_START
G1 X90.683 Y90.5 F7800
;WIPE_END
G92 E0
G1 E-2 F2400
G1 X108.679 Y92.245 F7800
G1 E0 F2400
;TYPE:Solid infill
;WIDTH:0.486363
G1 F1800
G1 X107.952 Y91.517 E.03803
G1 X107.306 Y91.517 E.06193
G1 X108.483 Y92.694 E.12348
G1 X108.483 Y93.341 E.14738
G1 X106.659 Y91.517 E.24273
G1 X106.013 Y91.517 E.26663
G1 X108.483 Y93.987 E.39577
G1 X108.483 Y94.634 E.41967
G1 X105.366 Y91.517 E.58261
G1 X104.72 Y91.517 E.60651
G1 X108.483 Y95.28 E.80324
G1 X108.483 Y95.926 E.82714
G1 X104.074 Y91.517 E1.05767
G1 X103.427 Y91.517 E1.08157
G1 X108.483 Y96.573 E1.3459
G1 X108.483 Y97.219 E1.3698
G1 X102.781 Y91.517 E1.66792
G1 X102.134 Y91.517 E1.69182
G1 X108.483 Y97.866 E2.02374
G1 X108.483 Y98.512 E2.04764
G1 X101.488 Y91.517 E2.41336
G1 X100.842 Y91.517 E2.43726
G1 X108.483 Y99.158 E2.83677
G1 X108.483 Y99.805 E2.86067
G1 X100.195 Y91.517 E3.29398
G1 X99.549 Y91.517 E3.31788
G1 X108.483 Y100.451 E3.78498
G1 X108.483 Y101.098 E3.80888
G1 X98.902 Y91.517 E4.30978
G1 X98.256 Y91.517 E4.33368
G1 X108.483 Y101.744 E4.86838
G1 X108.483 Y102.391 E4.89228
G1 X97.609 Y91.517 E5.46077
G1 X96.963 Y91.517 E5.48467
G1 X108.483 Y103.037 E6.08696
G1 X108.483 Y103.683 E6.11086
G1 X96.317 Y91.517 E6.74695
G1 X95.67 Y91.517 E6.77084
G1 X108.483 Y104.33 E7.44073
G1 X108.483 Y104.976 E7.46463
G1 X95.024 Y91.517 E8.16831
G1 X94.377 Y91.517 E8.1922
G1 X108.483 Y105.623 E8.92968
G1 X108.483 Y106.269 E8.95358
G1 X93.731 Y91.517 E9.72485
G1 X93.085 Y91.517 E9.74875
G1 X108.483 Y106.915 E10.55381
G1 X108.483 Y107.562 E10.57771
G1 X92.438 Y91.517 E11.41658
G1 X91.792 Y91.517 E11.44047
G1 X108.483 Y108.208 E12.31313
G1 X108.483 Y108.483 E12.32329
G1 X108.111 Y108.483 E12.33703
G1 X91.517 Y91.889 E13.20462
G1 X91.517 Y92.535 E13.22852
G1 X107.465 Y108.483 E14.06231
G1 X106.818 Y108.483 E14.08621
G1 X91.517 Y93.182 E14.88621
G1 X91.517 Y93.828 E14.91011
G1 X106.172 Y108.483 E15.67631
G1 X105.526 Y108.483 E15.70021
G1 X91.517 Y94.474 E16.43261
G1 X91.517 Y95.121 E16.45651
G1 X104.879 Y108.483 E17.15512
G1 X104.233 Y108.483 E17.17902
G1 X91.517 Y95.767 E17.84383
G1 X91.517 Y96.414 E17.86773
G1 X103.586 Y108.483 E18.49874
G1 X102.94 Y108.483 E18.52264
G1 X91.517 Y97.06 E19.11986
G1 X91.517 Y97.706 E19.14376
G1 X102.294 Y108.483 E19.70719
G1 X101.647 Y108.483 E19.73108
G1 X91.517 Y98.353 E20.26071
G1 X91.517 Y98.999 E20.28461
G1 X101.001 Y108.483 E20.78044
G1 X100.354 Y108.483 E20.80434
G1 X91.517 Y99.646 E21.26638
G1 X91.517 Y100.292 E21.29027
G1 X99.708 Y108.483 E21.71851
G1 X99.061 Y108.483 E21.74241
G1 X91.517 Y100.939 E22.13685
G1 X91.517 Y101.585 E22.16075
G1 X98.415 Y108.483 E22.5214
G1 X97.769 Y108.483 E22.5453
G1 X91.517 Y102.231 E22.87215
G1 X91.517 Y102.878 E22.89605
G1 X97.122 Y108.483 E23.1891
G1 X96.476 Y108.483 E23.213
G1 X91.517 Y103.524 E23.47226
G1 X91.517 Y104.171 E23.49616
G1 X95.829 Y108.483 E23.72162
G1 X95.183 Y108.483 E23.74552
G1 X91.517 Y104.817 E23.93718
G1 X91.517 Y105.463 E23.96108
G1 X94.537 Y108.483 E24.11895
G1 X93.89 Y108.483 E24.14285
G1 X91.517 Y106.11 E24.26692
G1 X91.517 Y106.756 E24.29082
G1 X93.244 Y108.483 E24.3811
G1 X92.597 Y108.483 E24.405
G1 X91.517 Y107.403 E24.46148
G1 X91.517 Y108.049 E24.48538
G1 X92.148 Y108.679 E24.51834
;LAYER_CHANGE
;Z:2.8
;HEIGHT:0.2
G1 Z2.8 F7800
; stop printing object cube_20x20x20_stl id:0 copy 0
; printing object cube_20x20x20_stl id:0 copy 0
G1 X91.181 Y108.819
;TYPE:Perimeter
;WIDTH:0.499999
G1 F3600
G1 X91.181 Y91.181 E25.18867
G1 X108.819 Y91.181 E25.859
G1 X108.819 Y108.819 E26.52933
G1 X91.181 Y108.819 E27.19966
G1 X90.716 Y109.284 F7800
G1 F3600
G1 X90.716 Y90.716 E27.90539
G1 X109.284 Y90.716 E28.61111
G1 X109.284 Y109.284 E29.31684
G1 X90.716 Y109.284 E30.02257
G1 X90.25 Y109.75 F7800
;TYPE:External perimeter
G1 F1800
G1 X90.25 Y90.25 E30.76369
G1 X109.75 Y90.25 E31.50481
G1 X109.75 Y109.75 E32.24594
G1 X90.25 Y109.75 E32.98706
;SEAM:90.25:109.75
;WIPE_START
G1 X90.5 Y109.317 F7800
;WIPE_END
G92 E0
G1 E-2 F2400
G1 X91.321 Y92.148 F7800
G1 E0 F2400
;TYPE:Solid infill
;WIDTH:0.486363
G1 F1800
G1 X91.951 Y91.517 E.03296
G1 X92.597 Y91.517 E.05686
G1 X91.517 Y92.597 E.11334
G1 X91.517 Y93.244 E.13724
G1 X93.244 Y91.517 E.22752
G1 X93.89 Y91.517 E.25141
G1 X91.517 Y93.89 E.37549
G1 X91.517 Y94.537 E.39939
G1 X94.537 Y91.517 E.55726
G1 X95.183 Y91.517 E.58116
G1 X91.517 Y95.183 E.77282
G1 X91.517 Y95.829 E.79672
G1 X95.829 Y91.517 E1.02218
G1 X96.476 Y91.517 E1.04608
G1 X91.517 Y96.476 E1.30534
G1 X91.517 Y97.122 E1.32924
G1 X97.122 Y91.517 E1.62229
G1 X97.769 Y91.517 E1.64619
G1 X91.517 Y97.769 E1.97304
G1 X91.517 Y98.415 E1.99694
G1 X98.415 Y91.517 E2.35759
G1 X99.061 Y91.517 E2.38148
G1 X91.517 Y99.061 E2.77593
G1 X91.517 Y99.708 E2.79983
G1 X99.708 Y91.517 E3.22807
G1 X100.354 Y91.517 E3.25196
G1 X91.517 Y100.354 E3.714
G1 X91.517 Y101.001 E3.7379
G1 X101.001 Y91.517 E4.23373
G1 X101.647 Y91.517 E4.25763
G1 X91.517 Y101.647 E4.78726
G1 X91.517 Y102.294 E4.81115
G1 X102.294 Y91.517 E5.37458
G1 X102.94 Y91.517 E5.39847
G1 X91.517 Y102.94 E5.9957
G1 X91.517 Y103.586 E6.01959
G1 X103.586 Y91.517 E6.65061
G1 X104.233 Y91.517 E6.67451
G1 X91.517 Y104.233 E7.33932
G1 X91.517 Y104.879 E7.36322
G1 X104.879 Y91.517 E8.06183
G1 X105.526 Y91.517 E8.08573
G1 X91.517 Y105.526 E8.81813
G1 X91.517 Y106.172 E8.84203
G1 X106.172 Y91.517 E9.60823
G1 X106.818 Y91.517 E9.63213
G1 X91.517 Y106.818 E10.43213
G1 X91.517 Y107.465 E10.45602
G1 X107.465 Y91.517 E11.28982
G1 X108.111 Y91.517 E11.31372
G1 X91.517 Y108.111 E12.18131
G1 X91.517 Y108.483 E12.19505
G1 X91.792 Y108.483 E12.2052
G1 X108.483 Y91.792 E13.07786
G1 X108.483 Y92.438 E13.10176
G1 X92.438 Y108.483 E13.94063
G1 X93.085 Y108.483 E13.96452
G1 X108.483 Y93.085 E14.76959
G1 X108.483 Y93.731 E14.79349
G1 X93.731 Y108.483 E15.56476
G1 X94.377 Y108.483 E15.58866
G1 X108.483 Y94.377 E16.32614
G1 X108.483 Y95.024 E16.35003
G1 X95.024 Y108.483 E17.05371
G1 X95.67 Y108.483 E17.07761
G1 X108.483 Y95.67 E17.74749
G1 X108.483 Y96.317 E17.77139
G1 X96.317 Y108.483 E18.40748
G1 X96.963 Y108.483 E18.43138
G1 X108.483 Y96.963 E19.03367
G1 X108.483 Y97.609 E19.05756
G1 X97.609 Y108.483 E19.62606
G1 X98.256 Y108.483 E19.64996
G1 X108.483 Y98.256 E20.18466
G1 X108.483 Y98.902 E20.20855
G1 X98.902 Y108.483 E20.70946
G1 X99.549 Y108.483 E20.73335
G1 X108.483 Y99.549 E21.20046
G1 X108.483 Y100.195 E21.22436
G1 X100.195 Y108.483 E21.65767
G1 X100.842 Y108.483 E21.68157
G1 X108.483 Y100.842 E22.08108
G1 X108.483 Y101.488 E22.10498
G1 X101.488 Y108.483 E22.4707
G1 X102.134 Y108.483 E22.49459
G1 X108.483 Y102.134 E22.82651
G1 X108.483 Y102.781 E22.85041
G1 X102.781 Y108.483 E23.14854
G1 X103.427 Y108.483 E23.17244
G1 X108.483 Y103.427 E23.43676
G1 X108.483 Y104.074 E23.46066
G1 X104.074 Y108.483 E23.6912
G1 X104.72 Y108.483 E23.71509
G1 X108.483 Y104.72 E23.91183
G1 X108.483 Y105.366 E23.93573
G1 X105.366 Y108.483 E24.09867
G1 X106.013 Y108.483 E24.12257
G1 X108.483 Y106.013 E24.25171
G1 X108.483 Y106.659 E24.27561
G1 X106.659 Y108.483 E24.37096
G1 X107.306 Y108.483 E24.39485
G1 X108.483 Y107.306 E24.45641
G1 X108.483 Y107.952 E24.4803
G1 X107.755 Y108.679 E24.51834
;LAYER_CHANGE
;Z:3
;HEIGHT:0.2
G1 Z3 F7800
; stop printing object cube_20x20x20_stl id:0 copy 0
; printing object cube_20x20x20_stl id:0 copy 0
G1 X108.819 Y108.819
;TYPE:Perimeter
;WIDTH:0.499999
G1 F3600
G1 X91.181 Y108.819 E25.18867
G1 X91.181 Y91.181 E25.859
G1 X108.819 Y91.181 E26.52933
G1 X108.819 Y108.819 E27.19966
G1 X109.284 Y109.284 F7800
G1 F3600
G1 X90.716 Y109.284 E27.90539
G1 X90.716 Y90.716 E28.61111
G1 X109.284 Y90.716 E29.31684
G1 X109.284 Y109.284 E30.02257
G1 X109.75 Y109.75 F7800
;TYPE:External perimeter
G1 F1800
G1 X90.25 Y109.75 E30.76369
G1 X90.25 Y90.25 E31.50481
G1 X109.75 Y90.25 E32.24594
G1 X109.75 Y109.75 E32.98706
;SEAM:109.75:109.75
;WIPE_START
G1 X109.317 Y109.5 F7800
;WIPE_END
G92 E0
G1 E-2 F2400
G1 X92.148 Y108.679 F7800
G1 E0 F2400
;TYPE:Solid infill
;WIDTH:0.486363
G1 F1800
G1 X91.517 Y108.049 E.03296
G1 X91.517 Y107.403 E.05686
G1 X92.597 Y108.483 E.11334
G1 X93.244 Y108.483 E.13724
G1 X91.517 Y106.756 E.22752
G1 X91.517 Y106.11 E.25141
G1 X93.89 Y108.483 E.37549
G1 X94.537 Y108.483 E.39939
G1 X91.517 Y105.463 E.55726
G1 X91.517 Y104.817 E.58115
G1 X95.183 Y108.483 E.77282
G1 X95.829 Y108.483 E.79672
G1 X91.517 Y104.171 E1.02218
G1 X91.517 Y103.524 E1.04608
G1 X96.476 Y108.483 E1.30534
G1 X97.122 Y108.483 E1.32924
G1 X91.517 Y102.878 E1.62229
G1 X91.517 Y102.231 E1.64619
G1 X97.769 Y108.483 E1.97304
G1 X98.415 Y108.483 E1.99694
G1 X91.517 Y101.585 E2.35759
G1 X91.517 Y100.939 E2.38148
G1 X99.061 Y108.483 E2.77593
G1 X99.708 Y108.483 E2.79982
G1 X91.517 Y100.292 E3.22806
G1 X91.517 Y99.646 E3.25196
G1 X100.354 Y108.483 E3.714
G1 X101.001 Y108.483 E3.7379
G1 X91.517 Y98.999 E4.23373
G1 X91.517 Y98.353 E4.25763
G1 X101.647 Y108.483 E4.78725
G1 X102.294 Y108.483 E4.81115
G1 X91.517 Y97.706 E5.37458
G1 X91.517 Y97.06 E5.39847
G1 X102.94 Y108.483 E5.99569
G1 X103.586 Y108.483 E6.01959
G1 X91.517 Y96.414 E6.65061
G1 X91.517 Y95.767 E6.67451
G1 X104.233 Y108.483 E7.33932
G1 X104.879 Y108.483 E7.36322
G1 X91.517 Y95.121 E8.06183
G1 X91.517 Y94.474 E8.08572
G1 X105.526 Y108.483 E8.81813
G1 X106.172 Y108.483 E8.84203
G1 X91.517 Y93.828 E9.60823
G1 X91.517 Y93.182 E9.63213
G1 X106.818 Y108.483 E10.43213
G1 X107.465 Y108.483 E10.45602
G1 X91.517 Y92.535 E11.28982
G1 X91.517 Y91.889 E11.31371
G1 X108.111 Y108.483 E12.1813
G1 X108.483 Y108.483 E12.19505
G1 X108.483 Y108.208 E12.2052
G1 X91.792 Y91.517 E13.07786
G1 X92.438 Y91.517 E13.10176
G1 X108.483 Y107.562 E13.94063
G1 X108.483 Y106.915 E13.96452
G1 X93.085 Y91.517 E14.76959
G1 X93.731 Y91.517 E14.79349
G1 X108.483 Y106.269 E15.56476
G1 X108.483 Y105.623 E15.58866
G1 X94.377 Y91.517 E16.32613
G1 X95.024 Y91.517 E16.35003
G1 X108.483 Y104.976 E17.05371
G1 X108.483 Y104.33 E17.07761
G1 X95.67 Y91.517 E17.74749
G1 X96.317 Y91.517 E17.77139
G1 X108.483 Y103.683 E18.40748
G1 X108.483 Y103.037 E18.43138
G1 X96.963 Y91.517 E19.03367
G1 X97.609 Y91.517 E19.05756
G1 X108.483 Y102.391 E19.62606
G1 X108.483 Y101.744 E19.64996
G1 X98.256 Y91.517 E20.18466
G1 X98.902 Y91.517 E20.20855
G1 X108.483 Y101.098 E20.70946
G1 X108.483 Y100.451 E20.73335
G1 X99.549 Y91.517 E21.20046
G1 X100.195 Y91.517 E21.22436
G1 X108.483 Y99.805 E21.65767
G1 X108.483 Y99.158 E21.68157
G1 X100.842 Y91.517 E22.08108
G1 X101.488 Y91.517 E22.10498
G1 X108.483 Y98.512 E22.4707
G1 X108.483 Y97.866 E22.49459
G1 X102.134 Y91.517 E22.82651
G1 X102.781 Y91.517 E22.85041
G1 X108.483 Y97.219 E23.14854
G1 X108.483 Y96.573 E23.17244
G1 X103.427 Y91.517 E23.43677
G1 X104.074 Y91.517 E23.46066
G1 X108.483 Y95.926 E23.6912
G1 X108.483 Y95.28 E23.71509
G1 X104.72 Y91.517 E23.91183
G1 X105.366 Y91.517 E23.93573
G1 X108.483 Y94.634 E24.09867
G1 X108.483 Y93.987 E24.12257
G1 X106.013 Y91.517 E24.25171
G1 X106.659 Y91.517 E24.27561
G1 X108.483 Y93.341 E24.37096
G1 X108.483 Y92.694 E24.39485
G1 X107.306 Y91.517 E24.45641
G1 X107.952 Y91.517 E24.4803
G1 X108.679 Y92.245 E24.51834
;LAYER_CHANGE
;Z:3.2
;HEIGHT:0.2
G1 Z3.2 F7800
; stop printing object cube_20x20x20_stl id:0 copy 0
; printing object cube_20x20x20_stl id:0 copy 0
G1 X108.819 Y91.181
;TYPE:Perimeter
;WIDTH:0.499999
G1 F3600
G1 X108.819 Y108.819 E25.18867
G1 X91.181 Y108.819 E25.859
G1 X91.181 Y91.181 E26.52933
G1 X108.819 Y91.181 E27.19966
G1 X109.284 Y90.716 F7800
G1 F3600
G1 X109.284 Y109.284 E27.90539
G1 X90.716 Y109.284 E28.61111
G1 X90.716 Y90.716 E29.31684
G1 X109.284 Y90.716 E30.02257
G1 X109.75 Y90.25 F7800
;TYPE:External perimeter
G1 F1800
G1 X109.75 Y109.75 E30.76369
G1 X90.25 Y109.75 E31.50481
G1 X90.25 Y90.25 E32.24594
G1 X109.75 Y90.25 E32.98706
;SEAM:109.75:90.25
;WIPE_START
G1 X109.5 Y90.683 F7800
;WIPE_END
G92 E0
G1 E-2 F2400
G1 X107.755 Y108.679 F7800
G1 E0 F2400
;TYPE:Solid infill
;WIDTH:0.486363
G1 F1800
G1 X108.483 Y107.952 E.03803
G1 X108.483 Y107.306 E.06193
G1 X107.306 Y108.483 E.12348
G1 X106.659 Y108.483 E.14738
G1 X108.483 Y106.659 E.24273
G1 X108.483 Y106.013 E.26663
G1 X106.013 Y108.483 E.39577
G1 X105.366 Y108.483 E.41967
G1 X108.483 Y105.366 E.58261
G1 X108.483 Y104.72 E.60651
G1 X104.72 Y108.483 E.80324
G1 X104.074 Y108.483 E.82714
G1 X108.483 Y104.074 E1.05767
G1 X108.483 Y103.427 E1.08157
G1 X103.427 Y108.483 E1.3459
G1 X102.781 Y108.483 E1.3698
G1 X108.483 Y102.781 E1.66792
G1 X108.483 Y102.134 E1.69182
G1 X102.134 Y108.483 E2.02374
G1 X101.488 Y108.483 E2.04764
G1 X108.483 Y101.488 E2.41336
G1 X108.483 Y100.842 E2.43726
G1 X100.842 Y108.483 E2.83677
G1 X100.195 Y108.483 E2.86067
G1 X108.483 Y100.195 E3.29398
G1 X108.483 Y99.549 E3.31788
G1 X99.549 Y108.483 E3.78498
G1 X98.902 Y108.483 E3.80888
G1 X108.483 Y98.902 E4.30978
G1 X108.483 Y98.256 E4.33368
G1 X98.256 Y108.483 E4.86838
G1 X97.609 Y108.483 E4.89228
G1 X108.483 Y97.609 E5.46077
G1 X108.483 Y96.963 E5.48467
G1 X96.963 Y108.483 E6.08696
G1 X96.317 Y108.483 E6.11086
G1 X108.483 Y96.317 E6.74695
G1 X108.483 Y95.67 E6.77084
G1 X95.67 Y108.483 E7.44073
G1 X95.024 Y108.483 E7.46462
G1 X108.483 Y95.024 E8.1683
G1 X108.483 Y94.377 E8.1922
G1 X94.377 Y108.483 E8.92968
G1 X93.731 Y108.483 E8.95358
G1 X108.483 Y93.731 E9.72485
G1 X108.483 Y93.085 E9.74875
G1 X93.085 Y108.483 E10.55381
G1 X92.438 Y108.483 E10.57771
G1 X108.483 Y92.438 E11.41658
G1 X108.483 Y91.792 E11.44047
G1 X91.792 Y108.483 E12.31313
G1 X91.517 Y108.483 E12.32329
G1 X91.517 Y108.111 E12.33703
G1 X108.111 Y91.517 E13.20462
G1 X107.465 Y91.517 E13.22852
G1 X91.517 Y107.465 E14.06231
G1 X91.517 Y106.818 E14.08621
G1 X106.818 Y91.517 E14.88621
G1 X106.172 Y91.517 E14.91011
G1 X91.517 Y106.172 E15.67631
G1 X91.517 Y105.526 E15.70021
G1 X105.526 Y91.517 E16.43261
G1 X104.879 Y91.517 E16.45651
G1 X91.517 Y104.879 E17.15512
G1 X91.517 Y104.233 E17.17902
G1 X104.233 Y91.517 E17.84383
G1 X103.586 Y91.517 E17.86773
G1 X91.517 Y103.586 E18.49874
G1 X91.517 Y102.94 E18.52264
G1 X102.94 Y91.517 E19.11986
G1 X102.294 Y91.517 E19.14376
G1 X91.517 Y102.294 E19.70718
G1 X91.517 Y101.647 E19.73108
G1 X101.647 Y91.517 E20.26071
G1 X101.001 Y91.517 E20.28461
G1 X91.517 Y101.001 E20.78044
G1 X91.517 Y100.354 E20.80434
G1 X100.354 Y91.517 E21.26637
G1 X99.708 Y91.517 E21.29027
G1 X91.517 Y99.708 E21.71851
G1 X91.517 Y99.061 E21.74241
G1 X99.061 Y91.517 E22.13685
G1 X98.415 Y91.517 E22.16075
G1 X91.517 Y98.415 E22.5214
G1 X91.517 Y97.769 E22.5453
G1 X97.769 Y91.517 E22.87215
G1 X97.122 Y91.517 E22.89605
G1 X91.517 Y97.122 E23.1891
G1 X91.517 Y96.476 E23.213
G1 X96.476 Y91.517 E23.47226
G1 X95.829 Y91.517 E23.49615
G1 X91.517 Y95.829 E23.72162
G1 X91.517 Y95.183 E23.74552
G1 X95.183 Y91.517 E23.93718
G1 X94.537 Y91.517 E23.96108
G1 X91.517 Y94.537 E24.11895
G1 X91.517 Y93.89 E24.14285
G1 X93.89 Y91.517 E24.26692
G1 X93.244 Y91.517 E24.29082
G1 X91.517 Y93.244 E24.3811
G1 X91.517 Y92.597 E24.405
G1 X92.597 Y91.517 E24.46148
G1 X91.951 Y91.517 E24.48538
G1 X91.321 Y92.148 E24.51834
;LAYER_CHANGE
;Z:3.4
;HEIGHT:0.2
G1 Z3.4 F7800
; stop printing object cube_20x20x20_stl id:0 copy 0
; printing object cube_20x20x20_stl id:0 copy 0
G1 X91.181 Y91.181
;TYPE:Perimeter
;WIDTH:0.499999
G1 F3600
G1 X108.819 Y91.181 E25.18867
G1 X108.819 Y108.819 E25.859
G1 X91.181 Y108.819 E26.52933
G1 X91.181 Y91.181 E27.19966
G1 X90.716 Y90.716 F7800
G1 F3600
G1 X109.284 Y90.716 E27.90539
G1 X109.284 Y109.284 E28.61111
G1 X90.716 Y109.284 E29.31684
G1 X90.716 Y90.716 E30.02257
G1 X90.25 Y90.25 F7800
;TYPE:External perimeter
G1 F1800
G1 X109.75 Y90.25 E30.76369
G1 X109.75 Y109.75 E31.50481
G1 X90.25 Y109.75 E32.24594
G1 X90.25 Y90.25 E32.98706
;SEAM:90.25:90.25
;WIPE_START
G1 X90.683 Y90.5 F7800
;WIPE_END
G92 E0
G1 E-2 F2400
G1 X108.679 Y92.245 F7800
G1 E0 F2400
;TYPE:Solid infill
;WIDTH:0.486363
G1 F1800
G1 X107.952 Y91.517 E.03803
G1 X107.306 Y91.517 E.06193
G1 X108.483 Y92.694 E.12348
G1 X108.483 Y93.341 E.14738
G1 X106.659 Y91.517 E.24273
G1 X106.013 Y91.517 E.26663
G1 X108.483 Y93.987 E.39577
G1 X108.483 Y94.634 E.41967
G1 X105.366 Y91.517 E.58261
G1 X104.72 Y91.517 E.60651
G1 X108.483 Y95.28 E.80324
G1 X108.483 Y95.926 E.82714
G1 X104.074 Y91.517 E1.05767
G1 X103.427 Y91.517 E1.08157
G1 X108.483 Y96.573 E1.3459
G1 X108.483 Y97.219 E1.3698
G1 X102.781 Y91.517 E1.66792
G1 X102.134 Y91.517 E1.69182
G1 X108.483 Y97.866 E2.02374
G1 X108.483 Y98.512 E2.04764
G1 X101.488 Y91.517 E2.41336
G1 X100.842 Y91.517 E2.43726
G1 X108.483 Y99.158 E2.83677
G1 X108.483 Y99.805 E2.86067
G1 X100.195 Y91.517 E3.29398
G1 X99.549 Y91.517 E3.31788
G1 X108.483 Y100.451 E3.78498
G1 X108.483 Y101.098 E3.80888
G1 X98.902 Y91.517 E4.30978
G1 X98.256 Y91.517 E4.33368
G1 X108.483 Y101.744 E4.86838
G1 X108.483 Y102.391 E4.89228
G1 X97.609 Y91.517 E5.46077
G1 X96.963 Y91.517 E5.48467
G1 X108.483 Y103.037 E6.08696
G1 X108.483 Y103.683 E6.11086
G1 X96.317 Y91.517 E6.74695
G1 X95.67 Y91.517 E6.77084
G1 X108.483 Y104.33 E7.44073
G1 X108.483 Y104.976 E7.46463
G1 X95.024 Y91.517 E8.16831
G1 X94.377 Y91.517 E8.1922
G1 X108.483 Y105.623 E8.92968
G1 X108.483 Y106.269 E8.95358
G1 X93.731 Y91.517 E9.72485
G1 X93.085 Y91.517 E9.74875
G1 X108.483 Y106.915 E10.55381
G1 X108.483 Y107.562 E10.57771
G1 X92.438 Y91.517 E11.41658
G1 X91.792 Y91.517 E11.44047
G1 X108.483 Y108.208 E12.31313
G1 X108.483 Y108.483 E12.32329
G1 X108.111 Y108.483 E12.33703
G1 X91.517 Y91.889 E13.20462
G1 X91.517 Y92.535 E13.22852
G1 X107.465 Y108.483 E14.06231
G1 X106.818 Y108.483 E14.08621
G1 X91.517 Y93.182 E14.88621
G1 X91.517 Y93.828 E14.91011
G1 X106.172 Y108.483 E15.67631
G1 X105.526 Y108.483 E15.70021
G1 X91.517 Y94.474 E16.43261
G1 X91.517 Y95.121 E16.45651
G1 X104.879 Y108.483 E17.15512
G1 X104.233 Y108.483 E17.17902
G1 X91.517 Y95.767 E17.84383
G1 X91.517 Y96.414 E17.86773
G1 X103.586 Y108.483 E18.49874
G1 X102.94 Y108.483 E18.52264
G1 X91.517 Y97.06 E19.11986
G1 X91.517 Y97.706 E19.14376
G1 X102.294 Y108.483 E19.70719
G1 X101.647 Y108.483 E19.73108
G1 X91.517 Y98.353 E20.26071
G1 X91.517 Y98.999 E20.28461
G1 X101.001 Y108.483 E20.78044
G1 X100.354 Y108.483 E20.80434
G1 X91.517 Y99.646 E21.26638
G1 X91.517 Y100.292 E21.29027
G1 X99.708 Y108.483 E21.71851
G1 X99.061 Y108.483 E21.74241
G1 X91.517 Y100.939 E22.13685
G1 X91.517 Y101.585 E22.16075
G1 X98.415 Y108.483 E22.5214
G1 X97.769 Y108.483 E22.5453
G1 X91.517 Y102.231 E22.87215
G1 X91.517 Y102.878 E22.89605
G1 X97.122 Y108.483 E23.1891
G1 X96.476 Y108.483 E23.213
G1 X91.517 Y103.524 E23.47226
G1 X91.517 Y104.171 E23.49616
G1 X95.829 Y108.483 E23.72162
G1 X95.183 Y108.483 E23.74552
G1 X91.517 Y104.817 E23.93718
G1 X91.517 Y105.463 E23.96108
G1 X94.537 Y108.483 E24.11895
G1 X93.89 Y108.483 E24.14285
G1 X91.517 Y106.11 E24.26692
G1 X91.517 Y106.756 E24.29082
G1 X93.244 Y108.483 E24.3811
G1 X92.597 Y108.483 E24.405
G1 X91.517 Y107.403 E24.46148
G1 X91.517 Y108.049 E24.48538
G1 X92.148 Y108.679 E24.51834
;LAYER_CHANGE
;Z:3.6
;HEIGHT:0.2
G1 Z3.6 F7800
; stop printing object cube_20x20x20_stl id:0 copy 0
; printing object cube_20x20x20_stl id:0 copy 0
G1 X91.181 Y108.819
;TYPE:Perimeter
;WIDTH:0.499999
G1 F3600
G1 X91.181 Y91.181 E25.18867
G1 X108.819 Y91.181 E25.859
G1 X108.819 Y108.819 E26.52933
G1 X91.181 Y108.819 E27.19966
G1 X90.716 Y109.284 F7800
G1 F3600
G1 X90.716 Y90.716 E27.90539
G1 X109.284 Y90.716 E28.61111
G1 X109.284 Y109.284 E29.31684
G1 X90.716 Y109.284 E30.02257
G1 X90.25 Y109.75 F7800
;TYPE:External perimeter
G1 F1800
G1 X90.25 Y90.25 E30.76369
G1 X109.75 Y90.25 E31.50481
G1 X109.75 Y109.75 E32.24594
G1 X90.25 Y109.75 E32.98706
;SEAM:90.25:109.75
;WIPE_START
G1 X90.5 Y109.317 F7800
;WIPE_END
G92 E0
G1 E-2 F2400
G1 X91.321 Y92.148 F7800
G1 E0 F2400
;TYPE:Solid infill
;WIDTH:0.486363
G1 F1800
G1 X91.951 Y91.517 E.03296
G1 X92.597 Y91.517 E.05686
G1 X91.517 Y92.597 E.11334
G1 X91.517 Y93.244 E.13724
G1 X93.244 Y91.517 E.22752
G1 X93.89 Y91.517 E.25141
G1 X91.517 Y93.89 E.37549
G1 X91.517 Y94.537 E.39939
G1 X94.537 Y91.517 E.55726
G1 X95.183 Y91.517 E.58116
G1 X91.517 Y95.183 E.77282
G1 X91.517 Y95.829 E.79672
G1 X95.829 Y91.517 E1.02218
G1 X96.476 Y91.517 E1.04608
G1 X91.517 Y96.476 E1.30534
G1 X91.517 Y97.122 E1.32924
G1 X97.122 Y91.517 E1.62229
G1 X97.769 Y91.517 E1.64619
G1 X91.517 Y97.769 E1.97304
G1 X91.517 Y98.415 E1.99694
G1 X98.415 Y91.517 E2.35759
G1 X99.061 Y91.517 E2.38148
G1 X91.517 Y99.061 E2.77593
G1 X91.517 Y99.708 E2.79983
G1 X99.708 Y91.517 E3.22807
G1 X100.354 Y91.517 E3.25196
G1 X91.517 Y100.354 E3.714
G1 X91.517 Y101.001 E3.7379
G1 X101.001 Y91.517 E4.23373
G1 X101.647 Y91.517 E4.25763
G1 X91.517 Y101.647 E4.78726
G1 X91.517 Y102.294 E4.81115
G1 X102.294 Y91.517 E5.37458
G1 X102.94 Y91.517 E5.39847
G1 X91.517 Y102.94 E5.9957
G1 X91.517 Y103.586 E6.01959
G1 X103.586 Y91.517 E6.65061
G1 X104.233 Y91.517 E6.67451
G1 X91.517 Y104.233 E7.33932
G1 X91.517 Y104.879 E7.36322
G1 X104.879 Y91.517 E8.06183
G1 X105.526 Y91.517 E8.08573
G1 X91.517 Y105.526 E8.81813
G1 X91.517 Y106.172 E8.84203
G1 X106.172 Y91.517 E9.60823
G1 X106.818 Y91.517 E9.63213
G1 X91.517 Y106.818 E10.43213
G1 X91.517 Y107.465 E10.45602
G1 X107.465 Y91.517 E11.28982
G1 X108.111 Y91.517 E11.31372
G1 X91.517 Y108.111 E12.18131
G1 X91.517 Y108.483 E12.19505
G1 X91.792 Y108.483 E12.2052
G1 X108.483 Y91.792 E13.07786
G1 X108.483 Y92.438 E13.10176
G1 X92.438 Y108.483 E13.94063
G1 X93.085 Y108.483 E13.96452
G1 X108.483 Y93.085 E14.76959
G1 X108.483 Y93.731 E14.79349
G1 X93.731 Y108.483 E15.56476
G1 X94.377 Y108.483 E15.58866
G1 X108.483 Y94.377 E16.32614
G1 X108.483 Y95.024 E16.35003
G1 X95.024 Y108.483 E17.05371
G1 X95.67 Y108.483 E17.07761
G1 X108.483 Y95.67 E17.74749
G1 X108.483 Y96.317 E17.77139
G1 X96.317 Y108.483 E18.40748
G1 X96.963 Y108.483 E18.43138
G1 X108.483 Y96.963 E19.03367
G1 X108.483 Y97.609 E19.05756
G1 X97.609 Y108.483 E19.62606
G1 X98.256 Y108.483 E19.64996
G1 X108.483 Y98.256 E20.18466
G1 X108.483 Y98.902 E20.20855
G1 X98.902 Y108.483 E20.70946
G1 X99.549 Y108.483 E20.73335
G1 X108.483 Y99.549 E21.20046
G1 X108.483 Y100.195 E21.22436
G1 X100.195 Y108.483 E21.65767
G1 X100.842 Y108.483 E21.68157
G1 X108.483 Y100.842 E22.08108
G1 X108.483 Y101.488 E22.10498
G1 X101.488 Y108.483 E22.4707
G1 X102.134 Y108.483 E22.49459
G1 X108.483 Y102.134 E22.82651
G1 X108.483 Y102.781 E22.85041
G1 X102.781 Y108.483 E23.14854
G1 X103.427 Y108.483 E23.17244
G1 X108.483 Y103.427 E23.43676
G1 X108.483 Y104.074 E23.46066
G1 X104.074 Y108.483 E23.6912
G1 X104.72 Y108.483 E23.71509
G1 X108.483 Y104.72 E23.91183
G1 X108.483 Y105.366 E23.93573
G1 X105.366 Y108.483 E24.09867
G1 X106.013 Y108.483 E24.12257
G1 X108.483 Y106.013 E24.25171
G1 X108.483 Y106.659 E24.27561
G1 X106.659 Y108.483 E24.37096
G1 X107.306 Y108.483 E24.39485
G1 X108.483 Y107.306 E24.45641
G1 X108.483 Y107.952 E24.4803
G1 X107.755 Y108.679 E24.51834
;LAYER_CHANGE
;Z:3.8
;HEIGHT:0.2
G1 Z3.8 F7800
; stop printing object cube_20x20x20_stl id:0 copy 0
; printing object cube_20x20x20_stl id:0 copy 0
G1 X108.819 Y108.819
;TYPE:Perimeter
;WIDTH:0.499999
G1 F3600
G1 X91.181 Y108.819 E25.18867
G1 X91.181 Y91.181 E25.859
G1 X108.819 Y91.181 E26.52933
G1 X108.819 Y108.819 E27.19966
G1 X109.284 Y109.284 F7800
G1 F3600
G1 X90.716 Y109.284 E27.90539
G1 X90.716 Y90.716 E28.61111
G1 X109.284 Y90.716 E29.31684
G1 X109.284 Y109.284 E30.02257
G1 X109.75 Y109.75 F7800
;TYPE:External perimeter
G1 F1800
G1 X90.25 Y109.75 E30.76369
G1 X90.25 Y90.25 E31.50481
G1 X109.75 Y90.25 E32.24594
G1 X109.75 Y109.75 E32.98706
;SEAM:109.75:109.75
;WIPE_START
G1 X109.317 Y109.5 F7800
;WIPE_END
G92 E0
G1 E-2 F2400
G1 X92.148 Y108.679 F7800
G1 E0 F2400
;TYPE:Solid infill
;WIDTH:0.486363
G1 F1800
G1 X91.517 Y108.049 E.03296
G1 X91.517 Y107.403 E.05686
G1 X92.597 Y108.483 E.11334
G1 X93.244 Y108.483 E.13724
G1 X91.517 Y106.756 E.22752
G1 X91.517 Y106.11 E.25141
G1 X93.89 Y108.483 E.37549
G1 X94.537 Y108.483 E.39939
G1 X91.517 Y105.463 E.55726
G1 X91.517 Y104.817 E.58115
G1 X95.183 Y108.483 E.77282
G1 X95.829 Y108.483 E.79672
G1 X91.517 Y104.171 E1.02218
G1 X91.517 Y103.524 E1.04608
G1 X96.476 Y108.483 E1.30534
G1 X97.122 Y108.483 E1.32924
G1 X91.517 Y102.878 E1.62229
G1 X91.517 Y102.231 E1.64619
G1 X97.769 Y108.483 E1.97304
G1 X98.415 Y108.483 E1.99694
G1 X91.517 Y101.585 E2.35759
G1 X91.517 Y100.939 E2.38148
G1 X99.061 Y108.483 E2.77593
G1 X99.708 Y108.483 E2.79982
G1 X91.517 Y100.292 E3.22806
G1 X91.517 Y99.646 E3.25196
G1 X100.354 Y108.483 E3.714
G1 X101.001 Y108.483 E3.7379
G1 X91.517 Y98.999 E4.23373
G1 X91.517 Y98.353 E4.25763
G1 X101.647 Y108.483 E4.78725
G1 X102.294 Y108.483 E4.81115
G1 X91.517 Y97.706 E5.37458
G1 X91.517 Y97.06 E5.39847
G1 X102.94 Y108.483 E5.99569
G1 X103.586 Y108.483 E6.01959
G1 X91.517 Y96.414 E6.65061
G1 X91.517 Y95.767 E6.67451
G1 X104.233 Y108.483 E7.33932
G1 X104.879 Y108.483 E7.36322
G1 X91.517 Y95.121 E8.06183
G1 X91.517 Y94.474 E8.08572
G1 X105.526 Y108.483 E8.81813
G1 X106.172 Y108.483 E8.84203
G1 X91.517 Y93.828 E9.60823
G1 X91.517 Y93.182 E9.63213
G1 X106.818 Y108.483 E10.43213
G1 X107.465 Y108.483 E10.45602
G1 X91.517 Y92.535 E11.28982
G1 X91.517 Y91.889 E11.31371
G1 X108.111 Y108.483 E12.1813
G1 X108.483 Y108.483 E12.19505
G1 X108.483 Y108.208 E12.2052
G1 X91.792 Y91.517 E13.07786
G1 X92.438 Y91.517 E13.10176
G1 X108.483 Y107.562 E13.94063
G1 X108.483 Y106.915 E13.96452
G1 X93.085 Y91.517 E14.76959
G1 X93.731 Y91.517 E14.79349
G1 X108.483 Y106.269 E15.56476
G1 X108.483 Y105.623 E15.58866
G1 X94.377 Y91.517 E16.32613
G1 X95.024 Y91.517 E16.35003
G1 X108.483 Y104.976 E17.05371
G1 X108.483 Y104.33 E17.07761
G1 X95.67 Y91.517 E17.74749
G1 X96.317 Y91.517 E17.77139
G1 X108.483 Y103.683 E18.40748
G1 X108.483 Y103.037 E18.43138
G1 X96.963 Y91.517 E19.03367
G1 X97.609 Y91.517 E19.05756
G1 X108.483 Y102.391 E19.62606
G1 X108.483 Y101.744 E19.64996
G1 X98.256 Y91.517 E20.18466
G1 X98.902 Y91.517 E20.20855
G1 X108.483 Y101.098 E20.70946
G1 X108.483 Y100.451 E20.73335
G1 X99.549 Y91.517 E21.20046
G1 X100.195 Y91.517 E21.22436
G1 X108.483 Y99.805 E21.65767
G1 X108.483 Y99.158 E21.68157
G1 X100.842 Y91.517 E22.08108
G1 X101.488 Y91.517 E22.10498
G1 X108.483 Y98.512 E22.4707
G1 X108.483 Y97.866 E22.49459
G1 X102.134 Y91.517 E22.82651
G1 X102.781 Y91.517 E22.85041
G1 X108.483 Y97.219 E23.14854
G1 X108.483 Y96.573 E23.17244
G1 X103.427 Y91.517 E23.43677
G1 X104.074 Y91.517 E23.46066
G1 X108.483 Y95.926 E23.6912
G1 X108.483 Y95.28 E23.71509
G1 X104.72 Y91.517 E23.91183
G1 X105.366 Y91.517 E23.93573
G1 X108.483 Y94.634 E24.09867
G1 X108.483 Y93.987 E24.12257
G1 X106.013 Y91.517 E24.25171
G1 X106.659 Y91.517 E24.27561
G1 X108.483 Y93.341 E24.37096
G1 X108.483 Y92.694 E24.39485
G1 X107.306 Y91.517 E24.45641
G1 X107.952 Y91.517 E24.4803
G1 X108.679 Y92.245 E24.51834
;LAYER_CHANGE
;Z:4
;HEIGHT:0.2
G1 Z4 F7800
; stop printing object cube_20x20x20_stl id:0 copy 0
; printing object cube_20x20x20_stl id:0 copy 0
G1 X108.819 Y91.181
;TYPE:Perimeter
;WIDTH:0.499999
G1 F3600
G1 X108.819 Y108.819 E25.18867
G1 X91.181 Y108.819 E25.859
G1 X91.181 Y91.181 E26.52933
G1 X108.819 Y91.181 E27.19966
G1 X109.284 Y90.716 F7800
G1 F3600
G1 X109.284 Y109.284 E27.90539
G1 X90.716 Y109.284 E28.61111
G1 X90.716 Y90.716 E29.31684
G1 X109.284 Y90.716 E30.02257
G1 X109.75 Y90.25 F7800
;TYPE:External perimeter
G1 F1800
G1 X109.75 Y109.75 E30.76369
G1 X90.25 Y109.75 E31.50481
G1 X90.25 Y90.25 E32.24594
G1 X109.75 Y90.25 E32.98706
;SEAM:109.75:90.25
;WIPE_START
G1 X109.5 Y90.683 F7800
;WIPE_END
G92 E0
G1 E-2 F2400
G1 X107.755 Y108.679 F7800
G1 E0 F2400
;TYPE:Solid infill
;WIDTH:0.486363
G1 F1800
G1 X108.483 Y107.952 E.03803
G1 X108.483 Y107.306 E.06193
G1 X107.306 Y108.483 E.12348
G1 X106.659 Y108.483 E.14738
G1 X108.483 Y106.659 E.24273
G1 X108.483 Y106.013 E.26663
G1 X106.013 Y108.483 E.39577
G1 X105.366 Y108.483 E.41967
G1 X108.483 Y105.366 E.58261
G1 X108.483 Y104.72 E.60651
G1 X104.72 Y108.483 E.80324
G1 X104.074 Y108.483 E.82714
G1 X108.483 Y104.074 E1.05767
G1 X108.483 Y103.427 E1.08157
G1 X103.427 Y108.483 E1.3459
G1 X102.781 Y108.483 E1.3698
G1 X108.483 Y102.781 E1.66792
G1 X108.483 Y102.134 E1.69182
G1 X102.134 Y108.483 E2.02374
G1 X101.488 Y108.483 E2.04764
G1 X108.483 Y101.488 E2.41336
G1 X108.483 Y100.842 E2.43726
G1 X100.842 Y108.483 E2.83677
G1 X100.195 Y108.483 E2.86067
G1 X108.483 Y100.195 E3.29398
G1 X108.483 Y99.549 E3.31788
G1 X99.549 Y108.483 E3.78498
G1 X98.902 Y108.483 E3.80888
G1 X108.483 Y98.902 E4.30978
G1 X108.483 Y98.256 E4.33368
G1 X98.256 Y108.483 E4.86838
G1 X97.609 Y108.483 E4.89228
G1 X108.483 Y97.609 E5.46077
G1 X108.483 Y96.963 E5.48467
G1 X96.963 Y108.483 E6.08696
G1 X96.317 Y108.483 E6.11086
G1 X108.483 Y96.317 E6.74695
G1 X108.483 Y95.67 E6.77084
G1 X95.67 Y108.483 E7.44073
G1 X95.024 Y108.483 E7.46462
G1 X108.483 Y95.024 E8.1683
G1 X108.483 Y94.377 E8.1922
G1 X94.377 Y108.483 E8.92968
G1 X93.731 Y108.483 E8.95358
G1 X108.483 Y93.731 E9.72485
G1 X108.483 Y93.085 E9.74875
G1 X93.085 Y108.483 E10.55381
G1 X92.438 Y108.483 E10.57771
G1 X108.483 Y92.438 E11.41658
G1 X108.483 Y91.792 E11.44047
G1 X91.792 Y108.483 E12.31313
G1 X91.517 Y108.483 E12.32329
G1 X91.517 Y108.111 E12.33703
G1 X108.111 Y91.517 E13.20462
G1 X107.465 Y91.517 E13.22852
G1 X91.517 Y107.465 E14.06231
G1 X91.517 Y106.818 E14.08621
G1 X106.818 Y91.517 E14.88621
G1 X106.172 Y91.517 E14.91011
G1 X91.517 Y106.172 E15.67631
G1 X91.517 Y105.526 E15.70021
G1 X105.526 Y91.517 E16.43261
G1 X104.879 Y91.517 E16.45651
G1 X91.517 Y104.879 E17.15512
G1 X91.517 Y104.233 E17.17902
G1 X104.233 Y91.517 E17.84383
G1 X103.586 Y91.517 E17.86773
G1 X91.517 Y103.586 E18.49874
G1 X91.517 Y102.94 E18.52264
G1 X102.94 Y91.517 E19.11986
G1 X102.294 Y91.517 E19.14376
G1 X91.517 Y102.294 E19.70718
G1 X91.517 Y101.647 E19.73108
G1 X101.647 Y91.517 E20.26071
G1 X101.001 Y91.517 E20.28461
G1 X91.517 Y101.001 E20.78044
G1 X91.517 Y100.354 E20.80434
G1 X100.354 Y91.517 E21.26637
G1 X99.708 Y91.517 E21.29027
G1 X91.517 Y99.708 E21.71851
G1 X91.517 Y99.061 E21.74241
G1 X99.061 Y91.517 E22.13685
G1 X98.415 Y91.517 E22.16075
G1 X91.517 Y98.415 E22.5214
G1 X91.517 Y97.769 E22.5453
G1 X97.769 Y91.517 E22.87215
G1 X97.122 Y91.517 E22.89605
G1 X91.517 Y97.122 E23.1891
G1 X91.517 Y96.476 E23.213
G1 X96.476 Y91.517 E23.47226
G1 X95.829 Y91.517 E23.49615
G1 X91.517 Y95.829 E23.72162
G1 X91.517 Y95.183 E23.74552
G1 X95.183 Y91.517 E23.93718
G1 X94.537 Y91.517 E23.96108
G1 X91.517 Y94.537 E24.11895
G1 X91.517 Y93.89 E24.14285
G1 X93.89 Y91.517 E24.26692
G1 X93.244 Y91.517 E24.29082
G1 X91.517 Y93.244 E24.3811
G1 X91.517 Y92.597 E24.405
G1 X92.597 Y91.517 E24.46148
G1 X91.951 Y91.517 E24.48538
G1 X91.321 Y92.148 E24.51834
;LAYER_CHANGE
;Z:4.2
;HEIGHT:0.2
G1 Z4.2 F7800
; stop printing object cube_20x20x20_stl id:0 copy 0
; printing object cube_20x20x20_stl id:0 copy 0
G1 X91.181 Y91.181
;TYPE:Perimeter
;WIDTH:0.499999
G1 F3600
G1 X108.819 Y91.181 E25.18867
G1 X108.819 Y108.819 E25.859
G1 X91.181 Y108.819 E26.52933
G1 X91.181 Y91.181 E27.19966
G1 X90.716 Y90.716 F7800
G1 F3600
G1 X109.284 Y90.716 E27.90539
G1 X109.284 Y109.284 E28.61111
G1 X90.716 Y109.284 E29.31684
G1 X90.716 Y90.716 E30.02257
G1 X90.25 Y90.25 F7800
;TYPE:External perimeter
G1 F1800
G1 X109.75 Y90.25 E30.76369
G1 X109.75 Y109.75 E31.50481
G1 X90.25 Y109.75 E32.24594
G1 X90.25 Y90.25 E32.98706
;SEAM:90.25:90.25
;WIPE_START
G1 X90.683 Y90.5 F7800
;WIPE_END
G92 E0
G1 E-2 F2400
G1 X108.679 Y92.245 F7800
G1 E0 F2400
;TYPE:Solid infill
;WIDTH:0.486363
G1 F1800
G1 X107.952 Y91.517 E.03803
G1 X107.306 Y91.517 E.06193
G1 X108.483 Y92.694 E.12348
G1 X108.483 Y93.341 E.14738
G1 X106.659 Y91.517 E.24273
G1 X106.013 Y91.517 E.26663
G1 X108.483 Y93.987 E.39577
G1 X108.483 Y94.634 E.41967
G1 X105.366 Y91.517 E.58261
G1 X104.72 Y91.517 E.60651
G1 X108.483 Y95.28 E.80324
G1 X108.483 Y95.926 E.82714
G1 X104.074 Y91.517 E1.05767
G1 X103.427 Y91.517 E1.08157
G1 X108.483 Y96.573 E1.3459
G1 X108.483 Y97.219 E1.3698
G1 X102.781 Y91.517 E1.66792
G1 X102.134 Y91.517 E1.69182
G1 X108.483 Y97.866 E2.02374
G1 X108.483 Y98.512 E2.04764
G1 X101.488 Y91.517 E2.41336
G1 X100.842 Y91.517 E2.43726
G1 X108.483 Y99.158 E2.83677
G1 X108.483 Y99.805 E2.86067
G1 X100.195 Y91.517 E3.29398
G1 X99.549 Y91.517 E3.31788
G1 X108.483 Y100.451 E3.78498
G1 X108.483 Y101.098 E3.80888
G1 X98.902 Y91.517 E4.30978
G1 X98.256 Y91.517 E4.33368
G1 X108.483 Y101.744 E4.86838
G1 X108.483 Y102.391 E4.89228
G1 X97.609 Y91.517 E5.46077
G1 X96.963 Y91.517 E5.48467
G1 X108.483 Y103.037 E6.08696
G1 X108.483 Y103.683 E6.11086
G1 X96.317 Y91.517 E6.74695
G1 X95.67 Y91.517 E6.77084
G1 X108.483 Y104.33 E7.44073
G1 X108.483 Y104.976 E7.46463
G1 X95.024 Y91.517 E8.16831
G1 X94.377 Y91.517 E8.1922
G1 X108.483 Y105.623 E8.92968
G1 X108.483 Y106.269 E8.95358
G1 X93.731 Y91.517 E9.72485
G1 X93.085 Y91.517 E9.74875
G1 X108.483 Y106.915 E10.55381
G1 X108.483 Y107.562 E10.57771
G1 X92.438 Y91.517 E11.41658
G1 X91.792 Y91.517 E11.44047
G1 X108.483 Y108.208 E12.31313
G1 X108.483 Y108.483 E12.32329
G1 X108.111 Y108.483 E12.33703
G1 X91.517 Y91.889 E13.20462
G1 X91.517 Y92.535 E13.22852
G1 X107.465 Y108.483 E14.06231
G1 X106.818 Y108.483 E14.08621
G1 X91.517 Y93.182 E14.88621
G1 X91.517 Y93.828 E14.91011
G1 X106.172 Y108.483 E15.67631
G1 X105.526 Y108.483 E15.70021
G1 X91.517 Y94.474 E16.43261
G1 X91.517 Y95.121 E16.45651
G1 X104.879 Y108.483 E17.15512
G1 X104.233 Y108.483 E17.17902
G1 X91.517 Y95.767 E17.84383
G1 X91.517 Y96.414 E17.86773
G1 X103.586 Y108.483 E18.49874
G1 X102.94 Y108.483 E18.52264
G1 X91.517 Y97.06 E19.11986
G1 X91.517 Y97.706 E19.14376
G1 X102.294 Y108.483 E19.70719
G1 X101.647 Y108.483 E19.73108
G1 X91.517 Y98.353 E20.26071
G1 X91.517 Y98.999 E20.28461
G1 X101.001 Y108.483 E20.78044
G1 X100.354 Y108.483 E20.80434
G1 X91.517 Y99.646 E21.26638
G1 X91.517 Y100.292 E21.29027
G1 X99.708 Y108.483 E21.71851
G1 X99.061 Y108.483 E21.74241
G1 X91.517 Y100.939 E22.13685
G1 X91.517 Y101.585 E22.16075
G1 X98.415 Y108.483 E22.5214
G1 X97.769 Y108.483 E22.5453
G1 X91.517 Y102.231 E22.87215
G1 X91.517 Y102.878 E22.89605
G1 X97.122 Y108.483 E23.1891
G1 X96.476 Y108.483 E23.213
G1 X91.517 Y103.524 E23.47226
G1 X91.517 Y104.171 E23.49616
G1 X95.829 Y108.483 E23.72162
G1 X95.183 Y108.483 E23.74552
G1 X91.517 Y104.817 E23.93718
G1 X91.517 Y105.463 E23.96108
G1 X94.537 Y108.483 E24.11895
G1 X93.89 Y108.483 E24.14285
G1 X91.517 Y106.11 E24.26692
G1 X91.517 Y106.756 E24.29082
G1 X93.244 Y108.483 E24.3811
G1 X92.597 Y108.483 E24.405
G1 X91.517 Y107.403 E24.46148
G1 X91.517 Y108.049 E24.48538
G1 X92.148 Y108.679 E24.51834
;LAYER_CHANGE
;Z:4.4
;HEIGHT:0.2
G1 Z4.4 F7800
; stop printing object cube_20x20x20_stl id:0 copy 0
; printing object cube_20x20x20_stl id:0 copy 0
G1 X91.181 Y108.819
;TYPE:Perimeter
;WIDTH:0.499999
G1 F3600
G1 X91.181 Y91.181 E25.18867
G1 X108.819 Y91.181 E25.859
G1 X108.819 Y108.819 E26.52933
G1 X91.181 Y108.819 E27.19966
G1 X90.716 Y109.284 F7800
G1 F3600
G1 X90.716 Y90.716 E27.90539
G1 X109.284 Y90.716 E28.61111
G1 X109.284 Y109.284 E29.31684
G1 X90.716 Y109.284 E30.02257
G1 X90.25 Y109.75 F7800
;TYPE:External perimeter
G1 F1800
G1 X90.25 Y90.25 E30.76369
G1 X109.75 Y90.25 E31.50481
G1 X109.75 Y109.75 E32.24594
G1 X90.25 Y109.75 E32.98706
;SEAM:90.25:109.75
;WIPE_START
G1 X90.5 Y109.317 F7800
;WIPE_END
G92 E0
G1 E-2 F2400
G1 X91.321 Y92.148 F7800
G1 E0 F2400
;TYPE:Solid infill
;WIDTH:0.486363
G1 F1800
G1 X91.951 Y91.517 E.03296
G1 X92.597 Y91.517 E.05686
G1 X91.517 Y92.597 E.11334
G1 X91.517 Y93.244 E.13724
G1 X93.244 Y91.517 E.22752
G1 X93.89 Y91.517 E.25141
G1 X91.517 Y93.89 E.37549
G1 X91.517 Y94.537 E.39939
G1 X94.537 Y91.517 E.55726
G1 X95.183 Y91.517 E.58116
G1 X91.517 Y95.183 E.77282
G1 X91.517 Y95.829 E.79672
G1 X95.829 Y91.517 E1.02218
G1 X96.476 Y91.517 E1.04608
G1 X91.517 Y96.476 E1.30534
G1 X91.517 Y97.122 E1.32924
G1 X97.122 Y91.517 E1.62229
G1 X97.769 Y91.517 E1.64619
G1 X91.517 Y97.769 E1.97304
G1 X91.517 Y98.415 E1.99694
G1 X98.415 Y91.517 E2.35759
G1 X99.061 Y91.517 E2.38148
G1 X91.517 Y99.061 E2.77593
G1 X91.517 Y99.708 E2.79983
G1 X99.708 Y91.517 E3.22807
G1 X100.354 Y91.517 E3.25196
G1 X91.517 Y100.354 E3.714
G1 X91.517 Y101.001 E3.7379
G1 X101.001 Y91.517 E4.23373
G1 X101.647 Y91.517 E4.25763
G1 X91.517 Y101.647 E4.78726
G1 X91.517 Y102.294 E4.81115
G1 X102.294 Y91.517 E5.37458
G1 X102.94 Y91.517 E5.39847
G1 X91.517 Y102.94 E5.9957
G1 X91.517 Y103.586 E6.01959
G1 X103.586 Y91.517 E6.65061
G1 X104.233 Y91.517 E6.67451
G1 X91.517 Y104.233 E7.33932
G1 X91.517 Y104.879 E7.36322
G1 X104.879 Y91.517 E8.06183
G1 X105.526 Y91.517 E8.08573
G1 X91.517 Y105.526 E8.81813
G1 X91.517 Y106.172 E8.84203
G1 X106.172 Y91.517 E9.60823
G1 X106.818 Y91.517 E9.63213
G1 X91.517 Y106.818 E10.43213
G1 X91.517 Y107.465 E10.45602
G1 X107.465 Y91.517 E11.28982
G1 X108.111 Y91.517 E11.31372
G1 X91.517 Y108.111 E12.18131
G1 X91.517 Y108.483 E12.19505
G1 X91.792 Y108.483 E12.2052
G1 X108.483 Y91.792 E13.07786
G1 X108.483 Y92.438 E13.10176
G1 X92.438 Y108.483 E13.94063
G1 X93.085 Y108.483 E13.96452
G1 X108.483 Y93.085 E14.76959
G1 X108.483 Y93.731 E14.79349
G1 X93.731 Y108.483 E15.56476
G1 X94.377 Y108.483 E15.58866
G1 X108.483 Y94.377 E16.32614
G1 X108.483 Y95.024 E16.35003
G1 X95.024 Y108.483 E17.05371
G1 X95.67 Y108.483 E17.07761
G1 X108.483 Y95.67 E17.74749
G1 X108.483 Y96.317 E17.77139
G1 X96.317 Y108.483 E18.40748
G1 X96.963 Y108.483 E18.43138
G1 X108.483 Y96.963 E19.03367
G1 X108.483 Y97.609 E19.05756
G1 X97.609 Y108.483 E19.62606
G1 X98.256 Y108.483 E19.64996
G1 X108.483 Y98.256 E20.18466
G1 X108.483 Y98.902 E20.20855
G1 X98.902 Y108.483 E20.70946
G1 X99.549 Y108.483 E20.73335
G1 X108.483 Y99.549 E21.20046
G1 X108.483 Y100.195 E21.22436
G1 X100.195 Y108.483 E21.65767
G1 X100.842 Y108.483 E21.68157
G1 X108.483 Y100.842 E22.08108
G1 X108.483 Y101.488 E22.10498
G1 X101.488 Y108.483 E22.4707
G1 X102.134 Y108.483 E22.49459
G1 X108.483 Y102.134 E22.82651
G1 X108.483 Y102.781 E22.85041
G1 X102.781 Y108.483 E23.14854
G1 X103.427 Y108.483 E23.17244
G1 X108.483 Y103.427 E23.43676
G1 X108.483 Y104.074 E23.46066
G1 X104.074 Y108.483 E23.6912
G1 X104.72 Y108.483 E23.71509
G1 X108.483 Y104.72 E23.91183
G1 X108.483 Y105.366 E23.93573
G1 X105.366 Y108.483 E24.09867
G1 X106.013 Y108.483 E24.12257
G1 X108.483 Y106.013 E24.25171
G1 X108.483 Y106.659 E24.27561
G1 X106.659 Y108.483 E24.37096
G1 X107.306 Y108.483 E24.39485
G1 X108.483 Y107.306 E24.45641
G1 X108.483 Y107.952 E24.4803
G1 X107.755 Y108.679 E24.51834
;LAYER_CHANGE
;Z:4.6
;HEIGHT:0.2
G1 Z4.6 F7800
; stop printing object cube_20x20x20_stl id:0 copy 0
; printing object cube_20x20x20_stl id:0 copy 0
G1 X108.819 Y108.819
;TYPE:Perimeter
;WIDTH:0.499999
G1 F3600
G1 X91.181 Y108.819 E25.18867
G1 X91.181 Y91.181 E25.859
G1 X108.819 Y91.181 E26.52933
G1 X108.819 Y108.819 E27.19966
G1 X109.284 Y109.284 F7800
G1 F3600
G1 X90.716 Y109.284 E27.90539
G1 X90.716 Y90.716 E28.61111
G1 X109.284 Y90.716 E29.31684
G1 X109.284 Y109.284 E30.02257
G1 X109.75 Y109.75 F7800
;TYPE:External perimeter
G1 F1800
G1 X90.25 Y109.75 E30.76369
G1 X90.25 Y90.25 E31.50481
G1 X109.75 Y90.25 E32.24594
G1 X109.75 Y109.75 E32.98706
;SEAM:109.75:109.75
;WIPE_START
G1 X109.317 Y109.5 F7800
;WIPE_END
G92 E0
G1 E-2 F2400
G1 X92.148 Y108.679 F7800
G1 E0 F2400
;TYPE:Solid infill
;WIDTH:0.486363
G1 F1800
G1 X91.517 Y108.049 E.03296
G1 X91.517 Y107.403 E.05686
G1 X92.597 Y108.483 E.11334
G1 X93.244 Y108.483 E.13724
G1 X91.517 Y106.756 E.22752
G1 X91.517 Y106.11 E.25141
G1 X93.89 Y108.483 E.37549
G1 X94.537 Y108.483 E.39939
G1 X91.517 Y105.463 E.55726
G1 X91.517 Y104.817 E.58115
G1 X95.183 Y108.483 E.77282
G1 X95.829 Y108.483 E.79672
G1 X91.517 Y104.171 E1.02218
G1 X91.517 Y103.524 E1.04608
G1 X96.476 Y108.483 E1.30534
G1 X97.122 Y108.483 E1.32924
G1 X91.517 Y102.878 E1.62229
G1 X91.517 Y102.231 E1.64619
G1 X97.769 Y108.483 E1.97304
G1 X98.415 Y108.483 E1.99694
G1 X91.517 Y101.585 E2.35759
G1 X91.517 Y100.939 E2.38148
G1 X99.061 Y108.483 E2.77593
G1 X99.708 Y108.483 E2.79982
G1 X91.517 Y100.292 E3.22806
G1 X91.517 Y99.646 E3.25196
G1 X100.354 Y108.483 E3.714
G1 X101.001 Y108.483 E3.7379
G1 X91.517 Y98.999 E4.23373
G1 X91.517 Y98.353 E4.25763
G1 X101.647 Y108.483 E4.78725
G1 X102.294 Y108.483 E4.81115
G1 X91.517 Y97.706 E5.37458
G1 X91.517 Y97.06 E5.39847
G1 X102.94 Y108.483 E5.99569
G1 X103.586 Y108.483 E6.01959
G1 X91.517 Y96.414 E6.65061
G1 X91.517 Y95.767 E6.67451
G1 X104.233 Y108.483 E7.33932
G1 X104.879 Y108.483 E7.36322
G1 X91.517 Y95.121 E8.06183
G1 X91.517 Y94.474 E8.08572
G1 X105.526 Y108.483 E8.81813
G1 X106.172 Y108.483 E8.84203
G1 X91.517 Y93.828 E9.60823
G1 X91.517 Y93.182 E9.63213
G1 X106.818 Y108.483 E10.43213
G1 X107.465 Y108.483 E10.45602
G1 X91.517 Y92.535 E11.28982
G1 X91.517 Y91.889 E11.31371
G1 X108.111 Y108.483 E12.1813
G1 X108.483 Y108.483 E12.19505
G1 X108.483 Y108.208 E12.2052
G1 X91.792 Y91.517 E13.07786
G1 X92.438 Y91.517 E13.10176
G1 X108.483 Y107.562 E13.94063
G1 X108.483 Y106.915 E13.96452
G1 X93.085 Y91.517 E14.76959
G1 X93.731 Y91.517 E14.79349
G1 X108.483 Y106.269 E15.56476
G1 X108.483 Y105.623 E15.58866
G1 X94.377 Y91.517 E16.32613
G1 X95.024 Y91.517 E16.35003
G1 X108.483 Y104.976 E17.05371
G1 X108.483 Y104.33 E17.07761
G1 X95.67 Y91.517 E17.74749
G1 X96.317 Y91.517 E17.77139
G1 X108.483 Y103.683 E18.40748
G1 X108.483 Y103.037 E18.43138
G1 X96.963 Y91.517 E19.03367
G1 X97.609 Y91.517 E19.05756
G1 X108.483 Y102.391 E19.62606
G1 X108.483 Y101.744 E19.64996
G1 X98.256 Y91.517 E20.18466
G1 X98.902 Y91.517 E20.20855
G1 X108.483 Y101.098 E20.70946
G1 X108.483 Y100.451 E20.73335
G1 X99.549 Y91.517 E21.20046
G1 X100.195 Y91.517 E21.22436
G1 X108.483 Y99.805 E21.65767
G1 X108.483 Y99.158 E21.68157
G1 X100.842 Y91.517 E22.08108
G1 X101.488 Y91.517 E22.10498
G1 X108.483 Y98.512 E22.4707
G1 X108.483 Y97.866 E22.49459
G1 X102.134 Y91.517 E22.82651
G1 X102.781 Y91.517 E22.85041
G1 X108.483 Y97.219 E23.14854
G1 X108.483 Y96.573 E23.17244
G1 X103.427 Y91.517 E23.43677
G1 X104.074 Y91.517 E23.46066
G1 X108.483 Y95.926 E23.6912
G1 X108.483 Y95.28 E23.71509
G1 X104.72 Y91.517 E23.91183
G1 X105.366 Y91.517 E23.93573
G1 X108.483 Y94.634 E24.09867
G1 X108.483 Y93.987 E24.12257
G1 X106.013 Y91.517 E24.25171
G1 X106.659 Y91.517 E24.27561
G1 X108.483 Y93.341 E24.37096
G1 X108.483 Y92.694 E24.39485
G1 X107.306 Y91.517 E24.45641
G1 X107.952 Y91.517 E24.4803
G1 X108.679 Y92.245 E24.51834
;LAYER_CHANGE
;Z:4.8
;HEIGHT:0.2
G1 Z4.8 F7800
; stop printing object cube_20x20x20_stl id:0 copy 0
; printing object cube_20x20x20_stl id:0 copy 0
G1 X108.819 Y91.181
;TYPE:Perimeter
;WIDTH:0.499999
G1 F3600
G1 X108.819 Y108.819 E25.18867
G1 X91.181 Y108.819 E25.859
G1 X91.181 Y91.181 E26.52933
G1 X108.819 Y91.181 E27.19966
G1 X109.284 Y90.716 F7800
G1 F3600
G1 X109.284 Y109.284 E27.90539
G1 X90.716 Y109.284 E28.61111
G1 X90.716 Y90.716 E29.31684
G1 X109.284 Y90.716 E30.02257
G1 X109.75 Y90.25 F7800
;TYPE:External perimeter
G1 F1800
G1 X109.75 Y109.75 E30.76369
G1 X90.25 Y109.75 E31.50481
G1 X90.25 Y90.25 E32.24594
G1 X109.75 Y90.25 E32.98706
;SEAM:109.75:90.25
;WIPE_START
G1 X109.5 Y90.683 F7800
;WIPE_END
G92 E0
G1 E-2 F2400
G1 X107.755 Y108.679 F7800
G1 E0 F2400
;TYPE:Solid infill
;WIDTH:0.486363
G1 F1800
G1 X108.483 Y107.952 E.03803
G1 X108.483 Y107.306 E.06193
G1 X107.306 Y108.483 E.12348
G1 X106.659 Y108.483 E.14738
G1 X108.483 Y106.659 E.24273
G1 X108.483 Y106.013 E.26663
G1 X106.013 Y108.483 E.39577
G1 X105.366 Y108.483 E.41967
G1 X108.483 Y105.366 E.58261
G1 X108.483 Y104.72 E.60651
G1 X104.72 Y108.483 E.80324
G1 X104.074 Y108.483 E.82714
G1 X108.483 Y104.074 E1.05767
G1 X108.483 Y103.427 E1.08157
G1 X103.427 Y108.483 E1.3459
G1 X102.781 Y108.483 E1.3698
G1 X108.483 Y102.781 E1.66792
G1 X108.483 Y102.134 E1.69182
G1 X102.134 Y108.483 E2.02374
G1 X101.488 Y108.483 E2.04764
G1 X108.483 Y101.488 E2.41336
G1 X108.483 Y100.842 E2.43726
G1 X100.842 Y108.483 E2.83677
G1 X100.195 Y108.483 E2.86067
G1 X108.483 Y100.195 E3.29398
G1 X108.483 Y99.549 E3.31788
G1 X99.549 Y108.483 E3.78498
G1 X98.902 Y108.483 E3.80888
G1 X108.483 Y98.902 E4.30978
G1 X108.483 Y98.256 E4.33368
G1 X98.256 Y108.483 E4.86838
G1 X97.609 Y108.483 E4.89228
G1 X108.483 Y97.609 E5.46077
G1 X108.483 Y96.963 E5.48467
G1 X96.963 Y108.483 E6.08696
G1 X96.317 Y108.483 E6.11086
G1 X108.483 Y96.317 E6.74695
G1 X108.483 Y95.67 E6.77084
G1 X95.67 Y108.483 E7.44073
G1 X95.024 Y108.483 E7.46462
G1 X108.483 Y95.024 E8.1683
G1 X108.483 Y94.377 E8.1922
G1 X94.377 Y108.483 E8.92968
G1 X93.731 Y108.483 E8.95358
G1 X108.483 Y93.731 E9.72485
G1 X108.483 Y93.085 E9.74875
G1 X93.085 Y108.483 E10.55381
G1 X92.438 Y108.483 E10.57771
G1 X108.483 Y92.438 E11.41658
G1 X108.483 Y91.792 E11.44047
G1 X91.792 Y108.483 E12.31313
G1 X91.517 Y108.483 E12.32329
G1 X91.517 Y108.111 E12.33703
G1 X108.111 Y91.517 E13.20462
G1 X107.465 Y91.517 E13.22852
G1 X91.517 Y107.465 E14.06231
G1 X91.517 Y106.818 E14.08621
G1 X106.818 Y91.517 E14.88621
G1 X106.172 Y91.517 E14.91011
G1 X91.517 Y106.172 E15.67631
G1 X91.517 Y105.526 E15.70021
G1 X105.526 Y91.517 E16.43261
G1 X104.879 Y91.517 E16.45651
G1 X91.517 Y104.879 E17.15512
G1 X91.517 Y104.233 E17.17902
G1 X104.233 Y91.517 E17.84383
G1 X103.586 Y91.517 E17.86773
G1 X91.517 Y103.586 E18.49874
G1 X91.517 Y102.94 E18.52264
G1 X102.94 Y91.517 E19.11986
G1 X102.294 Y91.517 E19.14376
G1 X91.517 Y102.294 E19.70718
G1 X91.517 Y101.647 E19.73108
G1 X101.647 Y91.517 E20.26071
G1 X101.001 Y91.517 E20.28461
G1 X91.517 Y101.001 E20.78044
G1 X91.517 Y100.354 E20.80434
G1 X100.354 Y91.517 E21.26637
G1 X99.708 Y91.517 E21.29027
G1 X91.517 Y99.708 E21.71851
G1 X91.517 Y99.061 E21.74241
G1 X99.061 Y91.517 E22.13685
G1 X98.415 Y91.517 E22.16075
G1 X91.517 Y98.415 E22.5214
G1 X91.517 Y97.769 E22.5453
G1 X97.769 Y91.517 E22.87215
G1 X97.122 Y91.517 E22.89605
G1 X91.517 Y97.122 E23.1891
G1 X91.517 Y96.476 E23.213
G1 X96.476 Y91.517 E23.47226
G1 X95.829 Y91.517 E23.49615
G1 X91.517 Y95.829 E23.72162
G1 X91.517 Y95.183 E23.74552
G1 X95.183 Y91.517 E23.93718
G1 X94.537 Y91.517 E23.96108
G1 X91.517 Y94.537 E24.11895
G1 X91.517 Y93.89 E24.14285
G1 X93.89 Y91.517 E24.26692
G1 X93.244 Y91.517 E24.29082
G1 X91.517 Y93.244 E24.3811
G1 X91.517 Y92.597 E24.405
G1 X92.597 Y91.517 E24.46148
G1 X91.951 Y91.517 E24.48538
G1 X91.321 Y92.148 E24.51834
;LAYER_CHANGE
;Z:5
;HEIGHT:0.2
G1 Z5 F7800
; stop printing object cube_20x20x20_stl id:0 copy 0
; printing object cube_20x20x20_stl id:0 copy 0
G1 X91.181 Y91.181
;TYPE:Perimeter
;WIDTH:0.499999
G1 F3600
G1 X108.819 Y91.181 E25.18867
G1 X108.819 Y108.819 E25.859
G1 X91.181 Y108.819 E26.52933
G1 X91.181 Y91.181 E27.19966
G1 X90.716 Y90.716 F7800
G1 F3600
G1 X109.284 Y90.716 E27.90539
G1 X109.284 Y109.284 E28.61111
G1 X90.716 Y109.284 E29.31684
G1 X90.716 Y90.716 E30.02257
G1 X90.25 Y90.25 F7800
;TYPE:External perimeter
G1 F1800
G1 X109.75 Y90.25 E30.76369
G1 X109.75 Y109.75 E31.50481
G1 X90.25 Y109.75 E32.24594
G1 X90.25 Y90.25 E32.98706
;SEAM:90.25:90.25
;WIPE_START
G1 X90.683 Y90.5 F7800
;WIPE_END
G92 E0
G1 E-2 F2400
G1 X108.679 Y92.245 F7800
G1 E0 F2400
;TYPE:Solid infill
;WIDTH:0.486363
G1 F1800
G1 X107.952 Y91.517 E.03803
G1 X107.306 Y91.517 E.06193
G1 X108.483 Y92.694 E.12348
G1 X108.483 Y93.341 E.14738
G1 X106.659 Y91.517 E.24273
G1 X106.013 Y91.517 E.26663
G1 X108.483 Y93.987 E.39577
G1 X108.483 Y94.634 E.41967
G1 X105.366 Y91.517 E.58261
G1 X104.72 Y91.517 E.60651
G1 X108.483 Y95.28 E.80324
G1 X108.483 Y95.926 E.82714
G1 X104.074 Y91.517 E1.05767
G1 X103.427 Y91.517 E1.08157
G1 X108.483 Y96.573 E1.3459
G1 X108.483 Y97.219 E1.3698
G1 X102.781 Y91.517 E1.66792
G1 X102.134 Y91.517 E1.69182
G1 X108.483 Y97.866 E2.02374
G1 X108.483 Y98.512 E2.04764
G1 X101.488 Y91.517 E2.41336
G1 X100.842 Y91.517 E2.43726
G1 X108.483 Y99.158 E2.83677
G1 X108.483 Y99.805 E2.86067
G1 X100.195 Y91.517 E3.29398
G1 X99.549 Y91.517 E3.31788
G1 X108.483 Y100.451 E3.78498
G1 X108.483 Y101.098 E3.80888
G1 X98.902 Y91.517 E4.30978
G1 X98.256 Y91.517 E4.33368
G1 X108.483 Y101.744 E4.86838
G1 X108.483 Y102.391 E4.89228
G1 X97.609 Y91.517 E5.46077
G1 X96.963 Y91.517 E5.48467
G1 X108.483 Y103.037 E6.08696
G1 X108.483 Y103.683 E6.11086
G1 X96.317 Y91.517 E6.74695
G1 X95.67 Y91.517 E6.77084
G1 X108.483 Y104.33 E7.44073
G1 X108.483 Y104.976 E7.46463
G1 X95.024 Y91.517 E8.16831
G1 X94.377 Y91.517 E8.1922
G1 X108.483 Y105.623 E8.92968
G1 X108.483 Y106.269 E8.95358
G1 X93.731 Y91.517 E9.72485
G1 X93.085 Y91.517 E9.74875
G1 X108.483 Y106.915 E10.55381
G1 X108.483 Y107.562 E10.57771
G1 X92.438 Y91.517 E11.41658
G1 X91.792 Y91.517 E11.44047
G1 X108.483 Y108.208 E12.31313
G1 X108.483 Y108.483 E12.32329
G1 X108.111 Y108.483 E12.33703
G1 X91.517 Y91.889 E13.20462
G1 X91.517 Y92.535 E13.22852
G1 X107.465 Y108.483 E14.06231
G1 X106.818 Y108.483 E14.08621
G1 X91.517 Y93.182 E14.88621
G1 X91.517 Y93.828 E14.91011
G1 X106.172 Y108.483 E15.67631
G1 X105.526 Y108.483 E15.70021
G1 X91.517 Y94.474 E16.43261
G1 X91.517 Y95.121 E16.45651
G1 X104.879 Y108.483 E17.15512
G1 X104.233 Y108.483 E17.17902
G1 X91.517 Y95.767 E17.84383
G1 X91.517 Y96.414 E17.86773
G1 X103.586 Y108.483 E18.49874
G1 X102.94 Y108.483 E18.52264
G1 X91.517 Y97.06 E19.11986
G1 X91.517 Y97.706 E19.14376
G1 X102.294 Y108.483 E19.70719
G1 X101.647 Y108.483 E19.73108
G1 X91.517 Y98.353 E20.26071
G1 X91.517 Y98.999 E20.28461
G1 X101.001 Y108.483 E20.78044
G1 X100.354 Y108.483 E20.80434
G1 X91.517 Y99.646 E21.26638
G1 X91.517 Y100.292 E21.29027
G1 X99.708 Y108.483 E21.71851
G1 X99.061 Y108.483 E21.74241
G1 X91.517 Y100.939 E22.13685
G1 X91.517 Y101.585 E22.16075
G1 X98.415 Y108.483 E22.5214
G1 X97.769 Y108.483 E22.5453
G1 X91.517 Y102.231 E22.87215
G1 X91.517 Y102.878 E22.89605
G1 X97.122 Y108.483 E23.1891
G1 X96.476 Y108.483 E23.213
G1 X91.517 Y103.524 E23.47226
G1 X91.517 Y104.171 E23.49616
G1 X95.829 Y108.483 E23.72162
G1 X95.183 Y108.483 E23.74552
G1 X91.517 Y104.817 E23.93718
G1 X91.517 Y105.463 E23.96108
G1 X94.537 Y108.483 E24.11895
G1 X93.89 Y108.483 E24.14285
G1 X91.517 Y106.11 E24.26692
G1 X91.517 Y106.756 E24.29082
G1 X93.244 Y108.483 E24.3811
G1 X92.597 Y108.483 E24.405
G1 X91.517 Y107.403 E24.46148
G1 X91.517 Y108.049 E24.48538
G1 X92.148 Y108.679 E24.51834
;LAYER_CHANGE
;Z:5.2
;HEIGHT:0.2
G1 Z5.2 F7800
; stop printing object cube_20x20x20_stl id:0 copy 0
; printing object cube_20x20x20_stl id:0 copy 0
G1 X91.181 Y108.819
;TYPE:Perimeter
;WIDTH:0.499999
G1 F3600
G1 X91.181 Y91.181 E25.18867
G1 X108.819 Y91.181 E25.859
G1 X108.819 Y108.819 E26.52933
G1 X91.181 Y108.819 E27.19966
G1 X90.716 Y109.284 F7800
G1 F3600
G1 X90.716 Y90.716 E27.90539
G1 X109.284 Y90.716 E28.61111
G1 X109.284 Y109.284 E29.31684
G1 X90.716 Y109.284 E30.02257
G1 X90.25 Y109.75 F7800
;TYPE:External perimeter
G1 F1800
G1 X90.25 Y90.25 E30.76369
G1 X109.75 Y90.25 E31.50481
G1 X109.75 Y109.75 E32.24594
G1 X90.25 Y109.75 E32.98706
;SEAM:90.25:109.75
;WIPE_START
G1 X90.5 Y109.317 F7800
;WIPE_END
G92 E0
G1 E-2 F2400
G1 X91.321 Y92.148 F7800
G1 E0 F2400
;TYPE:Solid infill
;WIDTH:0.486363
G1 F1800
G1 X91.951 Y91.517 E.03296
G1 X92.597 Y91.517 E.05686
G1 X91.517 Y92.597 E.11334
G1 X91.517 Y93.244 E.13724
G1 X93.244 Y91.517 E.22752
G1 X93.89 Y91.517 E.25141
G1 X91.517 Y93.89 E.37549
G1 X91.517 Y94.537 E.39939
G1 X94.537 Y91.517 E.55726
G1 X95.183 Y91.517 E.58116
G1 X91.517 Y95.183 E.77282
G1 X91.517 Y95.829 E.79672
G1 X95.829 Y91.517 E1.02218
G1 X96.476 Y91.517 E1.04608
G1 X91.517 Y96.476 E1.30534
G1 X91.517 Y97.122 E1.32924
G1 X97.122 Y91.517 E1.62229
G1 X97.769 Y91.517 E1.64619
G1 X91.517 Y97.769 E1.97304
G1 X91.517 Y98.415 E1.99694
G1 X98.415 Y91.517 E2.35759
G1 X99.061 Y91.517 E2.38148
G1 X91.517 Y99.061 E2.77593
G1 X91.517 Y99.708 E2.79983
G1 X99.708 Y91.517 E3.22807
G1 X100.354 Y91.517 E3.25196
G1 X91.517 Y100.354 E3.714
G1 X91.517 Y101.001 E3.7379
G1 X101.001 Y91.517 E4.23373
G1 X101.647 Y91.517 E4.25763
G1 X91.517 Y101.647 E4.78726
G1 X91.517 Y102.294 E4.81115
G1 X102.294 Y91.517 E5.37458
G1 X102.94 Y91.517 E5.39847
G1 X91.517 Y102.94 E5.9957
G1 X91.517 Y103.586 E6.01959
G1 X103.586 Y91.517 E6.65061
G1 X104.233 Y91.517 E6.67451
G1 X91.517 Y104.233 E7.33932
G1 X91.517 Y104.879 E7.36322
G1 X104.879 Y91.517 E8.06183
G1 X105.526 Y91.517 E8.08573
G1 X91.517 Y105.526 E8.81813
G1 X91.517 Y106.172 E8.84203
G1 X106.172 Y91.517 E9.60823
G1 X106.818 Y91.517 E9.63213
G1 X91.517 Y106.818 E10.43213
G1 X91.517 Y107.465 E10.45602
G1 X107.465 Y91.517 E11.28982
G1 X108.111 Y91.517 E11.31372
G1 X91.517 Y108.111 E12.18131
G1 X91.517 Y108.483 E12.19505
G1 X91.792 Y108.483 E12.2052
G1 X108.483 Y91.792 E13.07786
G1 X108.483 Y92.438 E13.10176
G1 X92.438 Y108.483 E13.94063
G1 X93.085 Y108.483 E13.96452
G1 X108.483 Y93.085 E14.76959
G1 X108.483 Y93.731 E14.79349
G1 X93.731 Y108.483 E15.56476
G1 X94.377 Y108.483 E15.58866
G1 X108.483 Y94.377 E16.32614
G1 X108.483 Y95.024 E16.35003
G1 X95.024 Y108.483 E17.05371
G1 X95.67 Y108.483 E17.07761
G1 X108.483 Y95.67 E17.74749
G1 X108.483 Y96.317 E17.77139
G1 X96.317 Y108.483 E18.40748
G1 X96.963 Y108.483 E18.43138
G1 X108.483 Y96.963 E19.03367
G1 X108.483 Y97.609 E19.05756
G1 X97.609 Y108.483 E19.62606
G1 X98.256 Y108.483 E19.64996
G1 X108.483 Y98.256 E20.18466
G1 X108.483 Y98.902 E20.20855
G1 X98.902 Y108.483 E20.70946
G1 X99.549 Y108.483 E20.73335
G1 X108.483 Y99.549 E21.20046
G1 X108.483 Y100.195 E21.22436
G1 X100.195 Y108.483 E21.65767
G1 X100.842 Y108.483 E21.68157
G1 X108.483 Y100.842 E22.08108
G1 X108.483 Y101.488 E22.10498
G1 X101.488 Y108.483 E22.4707
G1 X102.134 Y108.483 E22.49459
G1 X108.483 Y102.134 E22.82651
G1 X108.483 Y102.781 E22.85041
G1 X102.781 Y108.483 E23.14854
G1 X103.427 Y108.483 E23.17244
G1 X108.483 Y103.427 E23.43676
G1 X108.483 Y104.074 E23.46066
G1 X104.074 Y108.483 E23.6912
G1 X104.72 Y108.483 E23.71509
G1 X108.483 Y104.72 E23.91183
G1 X108.483 Y105.366 E23.93573
G1 X105.366 Y108.483 E24.09867
G1 X106.013 Y108.483 E24.12257
G1 X108.483 Y106.013 E24.25171
G1 X108.483 Y106.659 E24.27561
G1 X106.659 Y108.483 E24.37096
G1 X107.306 Y108.483 E24.39485
G1 X108.483 Y107.306 E24.45641
G1 X108.483 Y107.952 E24.4803
G1 X107.755 Y108.679 E24.51834
;LAYER_CHANGE
;Z:5.4
;HEIGHT:0.2
G1 Z5.4 F7800
; stop printing object cube_20x20x20_stl id:0 copy 0
; printing object cube_20x20x20_stl id:0 copy 0
G1 X108.819 Y108.819
;TYPE:Perimeter
;WIDTH:0.499999
G1 F3600
G1 X91.181 Y108.819 E25.18867
G1 X91.181 Y91.181 E25.859
G1 X108.819 Y91.181 E26.52933
G1 X108.819 Y108.819 E27.19966
G1 X109.284 Y109.284 F7800
G1 F3600
G1 X90.716 Y109.284 E27.90539
G1 X90.716 Y90.716 E28.61111
G1 X109.284 Y90.716 E29.31684
G1 X109.284 Y109.284 E30.02257
G1 X109.75 Y109.75 F7800
;TYPE:External perimeter
G1 F1800
G1 X90.25 Y109.75 E30.76369
G1 X90.25 Y90.25 E31.50481
G1 X109.75 Y90.25 E32.24594
G1 X109.75 Y109.75 E32.98706
;SEAM:109.75:109.75
;WIPE_START
G1 X109.317 Y109.5 F7800
;WIPE_END
G92 E0
G1 E-2 F2400
G1 X92.148 Y108.679 F7800
G1 E0 F2400
;TYPE:Solid infill
;WIDTH:0.486363
G1 F1800
G1 X91.517 Y108.049 E.03296
G1 X91.517 Y107.403 E.05686
G1 X92.597 Y108.483 E.11334
G1 X93.244 Y108.483 E.13724
G1 X91.517 Y106.756 E.22752
G1 X91.517 Y106.11 E.25141
G1 X93.89 Y108.483 E.37549
G1 X94.537 Y108.483 E.39939
G1 X91.517 Y105.463 E.55726
G1 X91.517 Y104.817 E.58115
G1 X95.183 Y108.483 E.77282
G1 X95.829 Y108.483 E.79672
G1 X91.517 Y104.171 E1.02218
G1 X91.517 Y103.524 E1.04608
G1 X96.476 Y108.483 E1.30534
G1 X97.122 Y108.483 E1.32924
G1 X91.517 Y102.878 E1.62229
G1 X91.517 Y102.231 E1.64619
G1 X97.769 Y108.483 E1.97304
G1 X98.415 Y108.483 E1.99694
G1 X91.517 Y101.585 E2.35759
G1 X91.517 Y100.939 E2.38148
G1 X99.061 Y108.483 E2.77593
G1 X99.708 Y108.483 E2.79982
G1 X91.517 Y100.292 E3.22806
G1 X91.517 Y99.646 E3.25196
G1 X100.354 Y108.483 E3.714
G1 X101.001 Y108.483 E3.7379
G1 X91.517 Y98.999 E4.23373
G1 X91.517 Y98.353 E4.25763
G1 X101.647 Y108.483 E4.78725
G1 X102.294 Y108.483 E4.81115
G1 X91.517 Y97.706 E5.37458
G1 X91.517 Y97.06 E5.39847
G1 X102.94 Y108.483 E5.99569
G1 X103.586 Y108.483 E6.01959
G1 X91.517 Y96.414 E6.65061
G1 X91.517 Y95.767 E6.67451
G1 X104.233 Y108.483 E7.33932
G1 X104.879 Y108.483 E7.36322
G1 X91.517 Y95.121 E8.06183
G1 X91.517 Y94.474 E8.08572
G1 X105.526 Y108.483 E8.81813
G1 X106.172 Y108.483 E8.84203
G1 X91.517 Y93.828 E9.60823
G1 X91.517 Y93.182 E9.63213
G1 X106.818 Y108.483 E10.43213
G1 X107.465 Y108.483 E10.45602
G1 X91.517 Y92.535 E11.28982
G1 X91.517 Y91.889 E11.31371
G1 X108.111 Y108.483 E12.1813
G1 X108.483 Y108.483 E12.19505
G1 X108.483 Y108.208 E12.2052
G1 X91.792 Y91.517 E13.07786
G1 X92.438 Y91.517 E13.10176
G1 X108.483 Y107.562 E13.94063
G1 X108.483 Y106.915 E13.96452
G1 X93.085 Y91.517 E14.76959
G1 X93.731 Y91.517 E14.79349
G1 X108.483 Y106.269 E15.56476
G1 X108.483 Y105.623 E15.58866
G1 X94.377 Y91.517 E16.32613
G1 X95.024 Y91.517 E16.35003
G1 X108.483 Y104.976 E17.05371
G1 X108.483 Y104.33 E17.07761
G1 X95.67 Y91.517 E17.74749
G1 X96.317 Y91.517 E17.77139
G1 X108.483 Y103.683 E18.40748
G1 X108.483 Y103.037 E18.43138
G1 X96.963 Y91.517 E19.03367
G1 X97.609 Y91.517 E19.05756
G1 X108.483 Y102.391 E19.62606
G1 X108.483 Y101.744 E19.64996
G1 X98.256 Y91.517 E20.18466
G1 X98.902 Y91.517 E20.20855
G1 X108.483 Y101.098 E20.70946
G1 X108.483 Y100.451 E20.73335
G1 X99.549 Y91.517 E21.20046
G1 X100.195 Y91.517 E21.22436
G1 X108.483 Y99.805 E21.65767
G1 X108.483 Y99.158 E21.68157
G1 X100.842 Y91.517 E22.08108
G1 X101.488 Y91.517 E22.10498
G1 X108.483 Y98.512 E22.4707
G1 X108.483 Y97.866 E22.49459
G1 X102.134 Y91.517 E22.82651
G1 X102.781 Y91.517 E22.85041
G1 X108.483 Y97.219 E23.14854
G1 X108.483 Y96.573 E23.17244
G1 X103.427 Y91.517 E23.43677
G1 X104.074 Y91.517 E23.46066
G1 X108.483 Y95.926 E23.6912
G1 X108.483 Y95.28 E23.71509
G1 X104.72 Y91.517 E23.91183
G1 X105.366 Y91.517 E23.93573
G1 X108.483 Y94.634 E24.09867
G1 X108.483 Y93.987 E24.12257
G1 X106.013 Y91.517 E24.25171
G1 X106.659 Y91.517 E24.27561
G1 X108.483 Y93.341 E24.37096
G1 X108.483 Y92.694 E24.39485
G1 X107.306 Y91.517 E24.45641
G1 X107.952 Y91.517 E24.4803
G1 X108.679 Y92.245 E24.51834
;LAYER_CHANGE
;Z:5.6
;HEIGHT:0.2
G1 Z5.6 F7800
; stop printing object cube_20x20x20_stl id:0 copy 0
; printing object cube_20x20x20_stl id:0 copy 0
G1 X108.819 Y91.181
;TYPE:Perimeter
;WIDTH:0.499999
G1 F3600
G1 X108.819 Y108.819 E25.18867
G1 X91.181 Y108.819 E25.859
G1 X91.181 Y91.181 E26.52933
G1 X108.819 Y91.181 E27.19966
G1 X109.284 Y90.716 F7800
G1 F3600
G1 X109.284 Y109.284 E27.90539
G1 X90.716 Y109.284 E28.61111
G1 X90.716 Y90.716 E29.31684
G1 X109.284 Y90.716 E30.02257
G1 X109.75 Y90.25 F7800
;TYPE:External perimeter
G1 F1800
G1 X109.75 Y109.75 E30.76369
G1 X90.25 Y109.75 E31.50481
G1 X90.25 Y90.25 E32.24594
G1 X109.75 Y90.25 E32.98706
;SEAM:109.75:90.25
;WIPE_START
G1 X109.5 Y90.683 F7800
;WIPE_END
G92 E0
G1 E-2 F2400
G1 X107.755 Y108.679 F7800
G1 E0 F2400
;TYPE:Solid infill
;WIDTH:0.486363
G1 F1800
G1 X108.483 Y107.952 E.03803
G1 X108.483 Y107.306 E.06193
G1 X107.306 Y108.483 E.12348
G1 X106.659 Y108.483 E.14738
G1 X108.483 Y106.659 E.24273
G1 X108.483 Y106.013 E.26663
G1 X106.013 Y108.483 E.39577
G1 X105.366 Y108.483 E.41967
G1 X108.483 Y105.366 E.58261
G1 X108.483 Y104.72 E.60651
G1 X104.72 Y108.483 E.80324
G1 X104.074 Y108.483 E.82714
G1 X108.483 Y104.074 E1.05767
G1 X108.483 Y103.427 E1.08157
G1 X103.427 Y108.483 E1.3459
G1 X102.781 Y108.483 E1.3698
G1 X108.483 Y102.781 E1.66792
G1 X108.483 Y102.134 E1.69182
G1 X102.134 Y108.483 E2.02374
G1 X101.488 Y108.483 E2.04764
G1 X108.483 Y101.488 E2.41336
G1 X108.483 Y100.842 E2.43726
G1 X100.842 Y108.483 E2.83677
G1 X100.195 Y108.483 E2.86067
G1 X108.483 Y100.195 E3.29398
G1 X108.483 Y99.549 E3.31788
G1 X99.549 Y108.483 E3.78498
G1 X98.902 Y108.483 E3.80888
G1 X108.483 Y98.902 E4.30978
G1 X108.483 Y98.256 E4.33368
G1 X98.256 Y108.483 E4.86838
G1 X97.609 Y108.483 E4.89228
G1 X108.483 Y97.609 E5.46077
G1 X108.483 Y96.963 E5.48467
G1 X96.963 Y108.483 E6.08696
G1 X96.317 Y108.483 E6.11086
G1 X108.483 Y96.317 E6.74695
G1 X108.483 Y95.67 E6.77084
G1 X95.67 Y108.483 E7.44073
G1 X95.024 Y108.483 E7.46462
G1 X108.483 Y95.024 E8.1683
G1 X108.483 Y94.377 E8.1922
G1 X94.377 Y108.483 E8.92968
G1 X93.731 Y108.483 E8.95358
G1 X108.483 Y93.731 E9.72485
G1 X108.483 Y93.085 E9.74875
G1 X93.085 Y108.483 E10.55381
G1 X92.438 Y108.483 E10.57771
G1 X108.483 Y92.438 E11.41658
G1 X108.483 Y91.792 E11.44047
G1 X91.792 Y108.483 E12.31313
G1 X91.517 Y108.483 E12.32329
G1 X91.517 Y108.111 E12.33703
G1 X108.111 Y91.517 E13.20462
G1 X107.465 Y91.517 E13.22852
G1 X91.517 Y107.465 E14.06231
G1 X91.517 Y106.818 E14.08621
G1 X106.818 Y91.517 E14.88621
G1 X106.172 Y91.517 E14.91011
G1 X91.517 Y106.172 E15.67631
G1 X91.517 Y105.526 E15.70021
G1 X105.526 Y91.517 E16.43261
G1 X104.879 Y91.517 E16.45651
G1 X91.517 Y104.879 E17.15512
G1 X91.517 Y104.233 E17.17902
G1 X104.233 Y91.517 E17.84383
G1 X103.586 Y91.517 E17.86773
G1 X91.517 Y103.586 E18.49874
G1 X91.517 Y102.94 E18.52264
G1 X102.94 Y91.517 E19.11986
G1 X102.294 Y91.517 E19.14376
G1 X91.517 Y102.294 E19.70718
G1 X91.517 Y101.647 E19.73108
G1 X101.647 Y91.517 E20.26071
G1 X101.001 Y91.517 E20.28461
G1 X91.517 Y101.001 E20.78044
G1 X91.517 Y100.354 E20.80434
G1 X100.354 Y91.517 E21.26637
G1 X99.708 Y91.517 E21.29027
G1 X91.517 Y99.708 E21.71851
G1 X91.517 Y99.061 E21.74241
G1 X99.061 Y91.517 E22.13685
G1 X98.415 Y91.517 E22.16075
G1 X91.517 Y98.415 E22.5214
G1 X91.517 Y97.769 E22.5453
G1 X97.769 Y91.517 E22.87215
G1 X97.122 Y91.517 E22.89605
G1 X91.517 Y97.122 E23.1891
G1 X91.517 Y96.476 E23.213
G1 X96.476 Y91.517 E23.47226
G1 X95.829 Y91.517 E23.49615
G1 X91.517 Y95.829 E23.72162
G1 X91.517 Y95.183 E23.74552
G1 X95.183 Y91.517 E23.93718
G1 X94.537 Y91.517 E23.96108
G1 X91.517 Y94.537 E24.11895
G1 X91.517 Y93.89 E24.14285
G1 X93.89 Y91.517 E24.26692
G1 X93.244 Y91.517 E24.29082
G1 X91.517 Y93.244 E24.3811
G1 X91.517 Y92.597 E24.405
G1 X92.597 Y91.517 E24.46148
G1 X91.951 Y91.517 E24.48538
G1 X91.321 Y92.148 E24.51834
;LAYER_CHANGE
;Z:5.8
;HEIGHT:0.2
G1 Z5.8 F7800
; stop printing object cube_20x20x20_stl id:0 copy 0
; printing object cube_20x20x20_stl id:0 copy 0
G1 X91.181 Y91.181
;TYPE:Perimeter
;WIDTH:0.499999
G1 F3600
G1 X108.819 Y91.181 E25.18867
G1 X108.819 Y108.819 E25.859
G1 X91.181 Y108.819 E26.52933
G1 X91.181 Y91.181 E27.19966
G1 X90.716 Y90.716 F7800
G1 F3600
G1 X109.284 Y90.716 E27.90539
G1 X109.284 Y109.284 E28.61111
G1 X90.716 Y109.284 E29.31684
G1 X90.716 Y90.716 E30.02257
G1 X90.25 Y90.25 F7800
;TYPE:External perimeter
G1 F1800
G1 X109.75 Y90.25 E30.76369
G1 X109.75 Y109.75 E31.50481
G1 X90.25 Y109.75 E32.24594
G1 X90.25 Y90.25 E32.98706
;SEAM:90.25:90.25
;WIPE_START
G1 X90.683 Y90.5 F7800
;WIPE_END
G92 E0
G1 E-2 F2400
G1 X108.679 Y92.245 F7800
G1 E0 F2400
;TYPE:Solid infill
;WIDTH:0.486363
G1 F1800
G1 X107.952 Y91.517 E.03803
G1 X107.306 Y91.517 E.06193
G1 X108.483 Y92.694 E.12348
G1 X108.483 Y93.341 E.14738
G1 X106.659 Y91.517 E.24273
G1 X106.013 Y91.517 E.26663
G1 X108.483 Y93.987 E.39577
G1 X108.483 Y94.634 E.41967
G1 X105.366 Y91.517 E.58261
G1 X104.72 Y91.517 E.60651
G1 X108.483 Y95.28 E.80324
G1 X108.483 Y95.926 E.82714
G1 X104.074 Y91.517 E1.05767
G1 X103.427 Y91.517 E1.08157
G1 X108.483 Y96.573 E1.3459
G1 X108.483 Y97.219 E1.3698
G1 X102.781 Y91.517 E1.66792
G1 X102.134 Y91.517 E1.69182
G1 X108.483 Y97.866 E2.02374
G1 X108.483 Y98.512 E2.04764
G1 X101.488 Y91.517 E2.41336
G1 X100.842 Y91.517 E2.43726
G1 X108.483 Y99.158 E2.83677
G1 X108.483 Y99.805 E2.86067
G1 X100.195 Y91.517 E3.29398
G1 X99.549 Y91.517 E3.31788
G1 X108.483 Y100.451 E3.78498
G1 X108.483 Y101.098 E3.80888
G1 X98.902 Y91.517 E4.30978
G1 X98.256 Y91.517 E4.33368
G1 X108.483 Y101.744 E4.86838
G1 X108.483 Y102.391 E4.89228
G1 X97.609 Y91.517 E5.46077
G1 X96.963 Y91.517 E5.48467
G1 X108.483 Y103.037 E6.08696
G1 X108.483 Y103.683 E6.11086
G1 X96.317 Y91.517 E6.74695
G1 X95.67 Y91.517 E6.77084
G1 X108.483 Y104.33 E7.44073
G1 X108.483 Y104.976 E7.46463
G1 X95.024 Y91.517 E8.16831
G1 X94.377 Y91.517 E8.1922
G1 X108.483 Y105.623 E8.92968
G1 X108.483 Y106.269 E8.95358
G1 X93.731 Y91.517 E9.72485
G1 X93.085 Y91.517 E9.74875
G1 X108.483 Y106.915 E10.55381
G1 X108.483 Y107.562 E10.57771
G1 X92.438 Y91.517 E11.41658
G1 X91.792 Y91.517 E11.44047
G1 X108.483 Y108.208 E12.31313
G1 X108.483 Y108.483 E12.32329
G1 X108.111 Y108.483 E12.33703
G1 X91.517 Y91.889 E13.20462
G1 X91.517 Y92.535 E13.22852
G1 X107.465 Y108.483 E14.06231
G1 X106.818 Y108.483 E14.08621
G1 X91.517 Y93.182 E14.88621
G1 X91.517 Y93.828 E14.91011
G1 X106.172 Y108.483 E15.67631
G1 X105.526 Y108.483 E15.70021
G1 X91.517 Y94.474 E16.43261
G1 X91.517 Y95.121 E16.45651
G1 X104.879 Y108.483 E17.15512
G1 X104.233 Y108.483 E17.17902
G1 X91.517 Y95.767 E17.84383
G1 X91.517 Y96.414 E17.86773
G1 X103.586 Y108.483 E18.49874
G1 X102.94 Y108.483 E18.52264
G1 X91.517 Y97.06 E19.11986
G1 X91.517 Y97.706 E19.14376
G1 X102.294 Y108.483 E19.70719
G1 X101.647 Y108.483 E19.73108
G1 X91.517 Y98.353 E20.26071
G1 X91.517 Y98.999 E20.28461
G1 X101.001 Y108.483 E20.78044
G1 X100.354 Y108.483 E20.80434
G1 X91.517 Y99.646 E21.26638
G1 X91.517 Y100.292 E21.29027
G1 X99.708 Y108.483 E21.71851
G1 X99.061 Y108.483 E21.74241
G1 X91.517 Y100.939 E22.13685
G1 X91.517 Y101.585 E22.16075
G1 X98.415 Y108.483 E22.5214
G1 X97.769 Y108.483 E22.5453
G1 X91.517 Y102.231 E22.87215
G1 X91.517 Y102.878 E22.89605
G1 X97.122 Y108.483 E23.1891
G1 X96.476 Y108.483 E23.213
G1 X91.517 Y103.524 E23.47226
G1 X91.517 Y104.171 E23.49616
G1 X95.829 Y108.483 E23.72162
G1 X95.183 Y108.483 E23.74552
G1 X91.517 Y104.817 E23.93718
G1 X91.517 Y105.463 E23.96108
G1 X94.537 Y108.483 E24.11895
G1 X93.89 Y108.483 E24.14285
G1 X91.517 Y106.11 E24.26692
G1 X91.517 Y106.756 E24.29082
G1 X93.244 Y108.483 E24.3811
G1 X92.597 Y108.483 E24.405
G1 X91.517 Y107.403 E24.46148
G1 X91.517 Y108.049 E24.48538
G1 X92.148 Y108.679 E24.51834
;LAYER_CHANGE
;Z:6
;HEIGHT:0.2
G1 Z6 F7800
; stop printing object cube_20x20x20_stl id:0 copy 0
; printing object cube_20x20x20_stl id:0 copy 0
G1 X91.181 Y108.819
;TYPE:Perimeter
;WIDTH:0.499999
G1 F3600
G1 X91.181 Y91.181 E25.18867
G1 X108.819 Y91.181 E25.859
G1 X108.819 Y108.819 E26.52933
G1 X91.181 Y108.819 E27.19966
G1 X90.716 Y109.284 F7800
G1 F3600
G1 X90.716 Y90.716 E27.90539
G1 X109.284 Y90.716 E28.61111
G1 X109.284 Y109.284 E29.31684
G1 X90.716 Y109.284 E30.02257
G1 X90.25 Y109.75 F7800
;TYPE:External perimeter
G1 F1800
G1 X90.25 Y90.25 E30.76369
G1 X109.75 Y90.25 E31.50481
G1 X109.75 Y109.75 E32.24594
G1 X90.25 Y109.75 E32.98706
;SEAM:90.25:109.75
;WIPE_START
G1 X90.5 Y109.317 F7800
;WIPE_END
G92 E0
G1 E-2 F2400
G1 X91.321 Y92.148 F7800
G1 E0 F2400
;TYPE:Solid infill
;WIDTH:0.486363
G1 F1800
G1 X91.951 Y91.517 E.03296
G1 X92.597 Y91.517 E.05686
G1 X91.517 Y92.597 E.11334
G1 X91.517 Y93.244 E.13724
G1 X93.244 Y91.517 E.22752
G1 X93.89 Y91.517 E.25141
G1 X91.517 Y93.89 E.37549
G1 X91.517 Y94.537 E.39939
G1 X94.537 Y91.517 E.55726
G1 X95.183 Y91.517 E.58116
G1 X91.517 Y95.183 E.77282
G1 X91.517 Y95.829 E.79672
G1 X95.829 Y91.517 E1.02218
G1 X96.476 Y91.517 E1.04608
G1 X91.517 Y96.476 E1.30534
G1 X91.517 Y97.122 E1.32924
G1 X97.122 Y91.517 E1.62229
G1 X97.769 Y91.517 E1.64619
G1 X91.517 Y97.769 E1.97304
G1 X91.517 Y98.415 E1.99694
G1 X98.415 Y91.517 E2.35759
G1 X99.061 Y91.517 E2.38148
G1 X91.517 Y99.061 E2.77593
G1 X91.517 Y99.708 E2.79983
G1 X99.708 Y91.517 E3.22807
G1 X100.354 Y91.517 E3.25196
G1 X91.517 Y100.354 E3.714
G1 X91.517 Y101.001 E3.7379
G1 X101.001 Y91.517 E4.23373
G1 X101.647 Y91.517 E4.25763
G1 X91.517 Y101.647 E4.78726
G1 X91.517 Y102.294 E4.81115
G1 X102.294 Y91.517 E5.37458
G1 X102.94 Y91.517 E5.39847
G1 X91.517 Y102.94 E5.9957
G1 X91.517 Y103.586 E6.01959
G1 X103.586 Y91.517 E6.65061
G1 X104.233 Y91.517 E6.67451
G1 X91.517 Y104.233 E7.33932
G1 X91.517 Y104.879 E7.36322
G1 X104.879 Y91.517 E8.06183
G1 X105.526 Y91.517 E8.08573
G1 X91.517 Y105.526 E8.81813
G1 X91.517 Y106.172 E8.84203
G1 X106.172 Y91.517 E9.60823
G1 X106.818 Y91.517 E9.63213
G1 X91.517 Y106.818 E10.43213
G1 X91.517 Y107.465 E10.45602
G1 X107.465 Y91.517 E11.28982
G1 X108.111 Y91.517 E11.31372
G1 X91.517 Y108.111 E12.18131
G1 X91.517 Y108.483 E12.19505
G1 X91.792 Y108.483 E12.2052
G1 X108.483 Y91.792 E13.07786
G1 X108.483 Y92.438 E13.10176
G1 X92.438 Y108.483 E13.94063
G1 X93.085 Y108.483 E13.96452
G1 X108.483 Y93.085 E14.76959
G1 X108.483 Y93.731 E14.79349
G1 X93.731 Y108.483 E15.56476
G1 X94.377 Y108.483 E15.58866
G1 X108.483 Y94.377 E16.32614
G1 X108.483 Y95.024 E16.35003
G1 X95.024 Y108.483 E17.05371
G1 X95.67 Y108.483 E17.07761
G1 X108.483 Y95.67 E17.74749
G1 X108.483 Y96.317 E17.77139
G1 X96.317 Y108.483 E18.40748
G1 X96.963 Y108.483 E18.43138
G1 X108.483 Y96.963 E19.03367
G1 X108.483 Y97.609 E19.05756
G1 X97.609 Y108.483 E19.62606
G1 X98.256 Y108.483 E19.64996
G1 X108.483 Y98.256 E20.18466
G1 X108.483 Y98.902 E20.20855
G1 X98.902 Y108.483 E20.70946
G1 X99.549 Y108.483 E20.73335
G1 X108.483 Y99.549 E21.20046
G1 X108.483 Y100.195 E21.22436
G1 X100.195 Y108.483 E21.65767
G1 X100.842 Y108.483 E21.68157
G1 X108.483 Y100.842 E22.08108
G1 X108.483 Y101.488 E22.10498
G1 X101.488 Y108.483 E22.4707
G1 X102.134 Y108.483 E22.49459
G1 X108.483 Y102.134 E22.82651
G1 X108.483 Y102.781 E22.85041
G1 X102.781 Y108.483 E23.14854
G1 X103.427 Y108.483 E23.17244
G1 X108.483 Y103.427 E23.43676
G1 X108.483 Y104.074 E23.46066
G1 X104.074 Y108.483 E23.6912
G1 X104.72 Y108.483 E23.71509
G1 X108.483 Y104.72 E23.91183
G1 X108.483 Y105.366 E23.93573
G1 X105.366 Y108.483 E24.09867
G1 X106.013 Y108.483 E24.12257
G1 X108.483 Y106.013 E24.25171
G1 X108.483 Y106.659 E24.27561
G1 X106.659 Y108.483 E24.37096
G1 X107.306 Y108.483 E24.39485
G1 X108.483 Y107.306 E24.45641
G1 X108.483 Y107.952 E24.4803
G1 X107.755 Y108.679 E24.51834
;LAYER_CHANGE
;Z:6.2
;HEIGHT:0.2
G1 Z6.2 F7800
; stop printing object cube_20x20x20_stl id:0 copy 0
; printing object cube_20x20x20_stl id:0 copy 0
G1 X108.819 Y108.819
;TYPE:Perimeter
;WIDTH:0.499999
G1 F3600
G1 X91.181 Y108.819 E25.18867
G1 X91.181 Y91.181 E25.859
G1 X108.819 Y91.181 E26.52933
G1 X108.819 Y108.819 E27.19966
G1 X109.284 Y109.284 F7800
G1 F3600
G1 X90.716 Y109.284 E27.90539
G1 X90.716 Y90.716 E28.61111
G1 X109.284 Y90.716 E29.31684
G1 X109.284 Y109.284 E30.02257
G1 X109.75 Y109.75 F7800
;TYPE:External perimeter
G1 F1800
G1 X90.25 Y109.75 E30.76369
G1 X90.25 Y90.25 E31.50481
G1 X109.75 Y90.25 E32.24594
G1 X109.75 Y109.75 E32.98706
;SEAM:109.75:109.75
;WIPE_START
G1 X109.317 Y109.5 F7800
;WIPE_END
G92 E0
G1 E-2 F2400
G1 X92.148 Y108.679 F7800
G1 E0 F2400
;TYPE:Solid infill
;WIDTH:0.486363
G1 F1800
G1 X91.517 Y108.049 E.03296
G1 X91.517 Y107.403 E.05686
G1 X92.597 Y108.483 E.11334
G1 X93.244 Y108.483 E.13724
G1 X91.517 Y106.756 E.22752
G1 X91.517 Y106.11 E.25141
G1 X93.89 Y108.483 E.37549
G1 X94.537 Y108.483 E.39939
G1 X91.517 Y105.463 E.55726
G1 X91.517 Y104.817 E.58115
G1 X95.183 Y108.483 E.77282
G1 X95.829 Y108.483 E.79672
G1 X91.517 Y104.171 E1.02218
G1 X91.517 Y103.524 E1.04608
G1 X96.476 Y108.483 E1.30534
G1 X97.122 Y108.483 E1.32924
G1 X91.517 Y102.878 E1.62229
G1 X91.517 Y102.231 E1.64619
G1 X97.769 Y108.483 E1.97304
G1 X98.415 Y108.483 E1.99694
G1 X91.517 Y101.585 E2.35759
G1 X91.517 Y100.939 E2.38148
G1 X99.061 Y108.483 E2.77593
G1 X99.708 Y108.483 E2.79982
G1 X91.517 Y100.292 E3.22806
G1 X91.517 Y99.646 E3.25196
G1 X100.354 Y108.483 E3.714
G1 X101.001 Y108.483 E3.7379
G1 X91.517 Y98.999 E4.23373
G1 X91.517 Y98.353 E4.25763
G1 X101.647 Y108.483 E4.78725
G1 X102.294 Y108.483 E4.81115
G1 X91.517 Y97.706 E5.37458
G1 X91.517 Y97.06 E5.39847
G1 X102.94 Y108.483 E5.99569
G1 X103.586 Y108.483 E6.01959
G1 X91.517 Y96.414 E6.65061
G1 X91.517 Y95.767 E6.67451
G1 X104.233 Y108.483 E7.33932
G1 X104.879 Y108.483 E7.36322
G1 X91.517 Y95.121 E8.06183
G1 X91.517 Y94.474 E8.08572
G1 X105.526 Y108.483 E8.81813
G1 X106.172 Y108.483 E8.84203
G1 X91.517 Y93.828 E9.60823
G1 X91.517 Y93.182 E9.63213
G1 X106.818 Y108.483 E10.43213
G1 X107.465 Y108.483 E10.45602
G1 X91.517 Y92.535 E11.28982
G1 X91.517 Y91.889 E11.31371
G1 X108.111 Y108.483 E12.1813
G1 X108.483 Y108.483 E12.19505
G1 X108.483 Y108.208 E12.2052
G1 X91.792 Y91.517 E13.07786
G1 X92.438 Y91.517 E13.10176
G1 X108.483 Y107.562 E13.94063
G1 X108.483 Y106.915 E13.96452
G1 X93.085 Y91.517 E14.76959
G1 X93.731 Y91.517 E14.79349
G1 X108.483 Y106.269 E15.56476
G1 X108.483 Y105.623 E15.58866
G1 X94.377 Y91.517 E16.32613
G1 X95.024 Y91.517 E16.35003
G1 X108.483 Y104.976 E17.05371
G1 X108.483 Y104.33 E17.07761
G1 X95.67 Y91.517 E17.74749
G1 X96.317 Y91.517 E17.77139
G1 X108.483 Y103.683 E18.40748
G1 X108.483 Y103.037 E18.43138
G1 X96.963 Y91.517 E19.03367
G1 X97.609 Y91.517 E19.05756
G1 X108.483 Y102.391 E19.62606
G1 X108.483 Y101.744 E19.64996
G1 X98.256 Y91.517 E20.18466
G1 X98.902 Y91.517 E20.20855
G1 X108.483 Y101.098 E20.70946
G1 X108.483 Y100.451 E20.73335
G1 X99.549 Y91.517 E21.20046
G1 X100.195 Y91.517 E21.22436
G1 X108.483 Y99.805 E21.65767
G1 X108.483 Y99.158 E21.68157
G1 X100.842 Y91.517 E22.08108
G1 X101.488 Y91.517 E22.10498
G1 X108.483 Y98.512 E22.4707
G1 X108.483 Y97.866 E22.49459
G1 X102.134 Y91.517 E22.82651
G1 X102.781 Y91.517 E22.85041
G1 X108.483 Y97.219 E23.14854
G1 X108.483 Y96.573 E23.17244
G1 X103.427 Y91.517 E23.43677
G1 X104.074 Y91.517 E23.46066
G1 X108.483 Y95.926 E23.6912
G1 X108.483 Y95.28 E23.71509
G1 X104.72 Y91.517 E23.91183
G1 X105.366 Y91.517 E23.93573
G1 X108.483 Y94.634 E24.09867
G1 X108.483 Y93.987 E24.12257
G1 X106.013 Y91.517 E24.25171
G1 X106.659 Y91.517 E24.27561
G1 X108.483 Y93.341 E24.37096
G1 X108.483 Y92.694 E24.39485
G1 X107.306 Y91.517 E24.45641
G1 X107.952 Y91.517 E24.4803
G1 X108.679 Y92.245 E24.51834
;LAYER_CHANGE
;Z:6.4
;HEIGHT:0.2
G1 Z6.4 F7800
; stop printing object cube_20x20x20_stl id:0 copy 0
; printing object cube_20x20x20_stl id:0 copy 0
G1 X108.819 Y91.181
;TYPE:Perimeter
;WIDTH:0.499999
G1 F3600
G1 X108.819 Y108.819 E25.18867
G1 X91.181 Y108.819 E25.859
G1 X91.181 Y91.181 E26.52933
G1 X108.819 Y91.181 E27.19966
G1 X109.284 Y90.716 F7800
G1 F3600
G1 X109.284 Y109.284 E27.90539
G1 X90.716 Y109.284 E28.61111
G1 X90.716 Y90.716 E29.31684
G1 X109.284 Y90.716 E30.02257
G1 X109.75 Y90.25 F7800
;TYPE:External perimeter
G1 F1800
G1 X109.75 Y109.75 E30.76369
G1 X90.25 Y109.75 E31.50481
G1 X90.25 Y90.25 E32.24594
G1 X109.75 Y90.25 E32.98706
;SEAM:109.75:90.25
;WIPE_START
G1 X109.5 Y90.683 F7800
;WIPE_END
G92 E0
G1 E-2 F2400
G1 X107.755 Y108.679 F7800
G1 E0 F2400
;TYPE:Solid infill
;WIDTH:0.486363
G1 F1800
G1 X108.483 Y107.952 E.03803
G1 X108.483 Y107.306 E.06193
G1 X107.306 Y108.483 E.12348
G1 X106.659 Y108.483 E.14738
G1 X108.483 Y106.659 E.24273
G1 X108.483 Y106.013 E.26663
G1 X106.013 Y108.483 E.39577
G1 X105.366 Y108.483 E.41967
G1 X108.483 Y105.366 E.58261
G1 X108.483 Y104.72 E.60651
G1 X104.72 Y108.483 E.80324
G1 X104.074 Y108.483 E.82714
G1 X108.483 Y104.074 E1.05767
G1 X108.483 Y103.427 E1.08157
G1 X103.427 Y108.483 E1.3459
G1 X102.781 Y108.483 E1.3698
G1 X108.483 Y102.781 E1.66792
G1 X108.483 Y102.134 E1.69182
G1 X102.134 Y108.483 E2.02374
G1 X101.488 Y108.483 E2.04764
G1 X108.483 Y101.488 E2.41336
G1 X108.483 Y100.842 E2.43726
G1 X100.842 Y108.483 E2.83677
G1 X100.195 Y108.483 E2.86067
G1 X108.483 Y100.195 E3.29398
G1 X108.483 Y99.549 E3.31788
G1 X99.549 Y108.483 E3.78498
G1 X98.902 Y108.483 E3.80888
G1 X108.483 Y98.902 E4.30978
G1 X108.483 Y98.256 E4.33368
G1 X98.256 Y108.483 E4.86838
G1 X97.609 Y108.483 E4.89228
G1 X108.483 Y97.609 E5.46077
G1 X108.483 Y96.963 E5.48467
G1 X96.963 Y108.483 E6.08696
G1 X96.317 Y108.483 E6.11086
G1 X108.483 Y96.317 E6.74695
G1 X108.483 Y95.67 E6.77084
G1 X95.67 Y108.483 E7.44073
G1 X95.024 Y108.483 E7.46462
G1 X108.483 Y95.024 E8.1683
G1 X108.483 Y94.377 E8.1922
G1 X94.377 Y108.483 E8.92968
G1 X93.731 Y108.483 E8.95358
G1 X108.483 Y93.731 E9.72485
G1 X108.483 Y93.085 E9.74875
G1 X93.085 Y108.483 E10.55381
G1 X92.438 Y108.483 E10.57771
G1 X108.483 Y92.438 E11.41658
G1 X108.483 Y91.792 E11.44047
G1 X91.792 Y108.483 E12.31313
G1 X91.517 Y108.483 E12.32329
G1 X91.517 Y108.111 E12.33703
G1 X108.111 Y91.517 E13.20462
G1 X107.465 Y91.517 E13.22852
G1 X91.517 Y107.465 E14.06231
G1 X91.517 Y106.818 E14.08621
G1 X106.818 Y91.517 E14.88621
G1 X106.172 Y91.517 E14.91011
G1 X91.517 Y106.172 E15.67631
G1 X91.517 Y105.526 E15.70021
G1 X105.526 Y91.517 E16.43261
G1 X104.879 Y91.517 E16.45651
G1 X91.517 Y104.879 E17.15512
G1 X91.517 Y104.233 E17.17902
G1 X104.233 Y91.517 E17.84383
G1 X103.586 Y91.517 E17.86773
G1 X91.517 Y103.586 E18.49874
G1 X91.517 Y102.94 E18.52264
G1 X102.94 Y91.517 E19.11986
G1 X102.294 Y91.517 E19.14376
G1 X91.517 Y102.294 E19.70718
G1 X91.517 Y101.647 E19.73108
G1 X101.647 Y91.517 E20.26071
G1 X101.001 Y91.517 E20.28461
G1 X91.517 Y101.001 E20.78044
G1 X91.517 Y100.354 E20.80434
G1 X100.354 Y91.517 E21.26637
G1 X99.708 Y91.517 E21.29027
G1 X91.517 Y99.708 E21.71851
G1 X91.517 Y99.061 E21.74241
G1 X99.061 Y91.517 E22.13685
G1 X98.415 Y91.517 E22.16075
G1 X91.517 Y98.415 E22.5214
G1 X91.517 Y97.769 E22.5453
G1 X97.769 Y91.517 E22.87215
G1 X97.122 Y91.517 E22.89605
G1 X91.517 Y97.122 E23.1891
G1 X91.517 Y96.476 E23.213
G1 X96.476 Y91.517 E23.47226
G1 X95.829 Y91.517 E23.49615
G1 X91.517 Y95.829 E23.72162
G1 X91.517 Y95.183 E23.74552
G1 X95.183 Y91.517 E23.93718
G1 X94.537 Y91.517 E23.96108
G1 X91.517 Y94.537 E24.11895
G1 X91.517 Y93.89 E24.14285
G1 X93.89 Y91.517 E24.26692
G1 X93.244 Y91.517 E24.29082
G1 X91.517 Y93.244 E24.3811
G1 X91.517 Y92.597 E24.405
G1 X92.597 Y91.517 E24.46148
G1 X91.951 Y91.517 E24.48538
G1 X91.321 Y92.148 E24.51834
;LAYER_CHANGE
;Z:6.6
;HEIGHT:0.2
G1 Z6.6 F7800
; stop printing object cube_20x20x20_stl id:0 copy 0
; printing object cube_20x20x20_stl id:0 copy 0
G1 X91.181 Y91.181
;TYPE:Perimeter
;WIDTH:0.499999
G1 F3600
G1 X108.819 Y91.181 E25.18867
G1 X108.819 Y108.819 E25.859
G1 X91.181 Y108.819 E26.52933
G1 X91.181 Y91.181 E27.19966
G1 X90.716 Y90.716 F7800
G1 F3600
G1 X109.284 Y90.716 E27.90539
G1 X109.284 Y109.284 E28.61111
G1 X90.716 Y109.284 E29.31684
G1 X90.716 Y90.716 E30.02257
G1 X90.25 Y90.25 F7800
;TYPE:External perimeter
G1 F1800
G1 X109.75 Y90.25 E30.76369
G1 X109.75 Y109.75 E31.50481
G1 X90.25 Y109.75 E32.24594
G1 X90.25 Y90.25 E32.98706
;SEAM:90.25:90.25
;WIPE_START
G1 X90.683 Y90.5 F7800
;WIPE_END
G92 E0
G1 E-2 F2400
G1 X108.679 Y92.245 F7800
G1 E0 F2400
;TYPE:Solid infill
;WIDTH:0.486363
G1 F1800
G1 X107.952 Y91.517 E.03803
G1 X107.306 Y91.517 E.06193
G1 X108.483 Y92.694 E.12348
G1 X108.483 Y93.341 E.14738
G1 X106.659 Y91.517 E.24273
G1 X106.013 Y91.517 E.26663
G1 X108.483 Y93.987 E.39577
G1 X108.483 Y94.634 E.41967
G1 X105.366 Y91.517 E.58261
G1 X104.72 Y91.517 E.60651
G1 X108.483 Y95.28 E.80324
G1 X108.483 Y95.926 E.82714
G1 X104.074 Y91.517 E1.05767
G1 X103.427 Y91.517 E1.08157
G1 X108.483 Y96.573 E1.3459
G1 X108.483 Y97.219 E1.3698
G1 X102.781 Y91.517 E1.66792
G1 X102.134 Y91.517 E1.69182
G1 X108.483 Y97.866 E2.02374
G1 X108.483 Y98.512 E2.04764
G1 X101.488 Y91.517 E2.41336
G1 X100.842 Y91.517 E2.43726
G1 X108.483 Y99.158 E2.83677
G1 X108.483 Y99.805 E2.86067
G1 X100.195 Y91.517 E3.29398
G1 X99.549 Y91.517 E3.31788
G1 X108.483 Y100.451 E3.78498
G1 X108.483 Y101.098 E3.80888
G1 X98.902 Y91.517 E4.30978
G1 X98.256 Y91.517 E4.33368
G1 X108.483 Y101.744 E4.86838
G1 X108.483 Y102.391 E4.89228
G1 X97.609 Y91.517 E5.46077
G1 X96.963 Y91.517 E5.48467
G1 X108.483 Y103.037 E6.08696
G1 X108.483 Y103.683 E6.11086
G1 X96.317 Y91.517 E6.74695
G1 X95.67 Y91.517 E6.77084
G1 X108.483 Y104.33 E7.44073
G1 X108.483 Y104.976 E7.46463
G1 X95.024 Y91.517 E8.16831
G1 X94.377 Y91.517 E8.1922
G1 X108.483 Y105.623 E8.92968
G1 X108.483 Y106.269 E8.95358
G1 X93.731 Y91.517 E9.72485
G1 X93.085 Y91.517 E9.74875
G1 X108.483 Y106.915 E10.55381
G1 X108.483 Y107.562 E10.57771
G1 X92.438 Y91.517 E11.41658
G1 X91.792 Y91.517 E11.44047
G1 X108.483 Y108.208 E12.31313
G1 X108.483 Y108.483 E12.32329
G1 X108.111 Y108.483 E12.33703
G1 X91.517 Y91.889 E13.20462
G1 X91.517 Y92.535 E13.22852
G1 X107.465 Y108.483 E14.06231
G1 X106.818 Y108.483 E14.08621
G1 X91.517 Y93.182 E14.88621
G1 X91.517 Y93.828 E14.91011
G1 X106.172 Y108.483 E15.67631
G1 X105.526 Y108.483 E15.70021
G1 X91.517 Y94.474 E16.43261
G1 X91.517 Y95.121 E16.45651
G1 X104.879 Y108.483 E17.15512
G1 X104.233 Y108.483 E17.17902
G1 X91.517 Y95.767 E17.84383
G1 X91.517 Y96.414 E17.86773
G1 X103.586 Y108.483 E18.49874
G1 X102.94 Y108.483 E18.52264
G1 X91.517 Y97.06 E19.11986
G1 X91.517 Y97.706 E19.14376
G1 X102.294 Y108.483 E19.70719
G1 X101.647 Y108.483 E19.73108
G1 X91.517 Y98.353 E20.26071
G1 X91.517 Y98.999 E20.28461
G1 X101.001 Y108.483 E20.78044
G1 X100.354 Y108.483 E20.80434
G1 X91.517 Y99.646 E21.26638
G1 X91.517 Y100.292 E21.29027
G1 X99.708 Y108.483 E21.71851
G1 X99.061 Y108.483 E21.74241
G1 X91.517 Y100.939 E22.13685
G1 X91.517 Y101.585 E22.16075
G1 X98.415 Y108.483 E22.5214
G1 X97.769 Y108.483 E22.5453
G1 X91.517 Y102.231 E22.87215
G1 X91.517 Y102.878 E22.89605
G1 X97.122 Y108.483 E23.1891
G1 X96.476 Y108.483 E23.213
G1 X91.517 Y103.524 E23.47226
G1 X91.517 Y104.171 E23.49616
G1 X95.829 Y108.483 E23.72162
G1 X95.183 Y108.483 E23.74552
G1 X91.517 Y104.817 E23.93718
G1 X91.517 Y105.463 E23.96108
G1 X94.537 Y108.483 E24.11895
G1 X93.89 Y108.483 E24.14285
G1 X91.517 Y106.11 E24.26692
G1 X91.517 Y106.756 E24.29082
G1 X93.244 Y108.483 E24.3811
G1 X92.597 Y108.483 E24.405
G1 X91.517 Y107.403 E24.46148
G1 X91.517 Y108.049 E24.48538
G1 X92.148 Y108.679 E24.51834
;LAYER_CHANGE
;Z:6.8
;HEIGHT:0.2
G1 Z6.8 F7800
; stop printing object cube_20x20x20_stl id:0 copy 0
; printing object cube_20x20x20_stl id:0 copy 0
G1 X91.181 Y108.819
;TYPE:Perimeter
;WIDTH:0.499999
G1 F3600
G1 X91.181 Y91.181 E25.18867
G1 X108.819 Y91.181 E25.859
G1 X108.819 Y108.819 E26.52933
G1 X91.181 Y108.819 E27.19966
G1 X90.716 Y109.284 F7800
G1 F3600
G1 X90.716 Y90.716 E27.90539
G1 X109.284 Y90.716 E28.61111
G1 X109.284 Y109.284 E29.31684
G1 X90.716 Y109.284 E30.02257
G1 X90.25 Y109.75 F7800
;TYPE:External perimeter
G1 F1800
G1 X90.25 Y90.25 E30.76369
G1 X109.75 Y90.25 E31.50481
G1 X109.75 Y109.75 E32.24594
G1 X90.25 Y109.75 E32.98706
;SEAM:90.25:109.75
;WIPE_START
G1 X90.5 Y109.317 F7800
;WIPE_END
G92 E0
G1 E-2 F2400
G1 X91.321 Y92.148 F7800
G1 E0 F2400
;TYPE:Solid infill
;WIDTH:0.486363
G1 F1800
G1 X91.951 Y91.517 E.03296
G1 X92.597 Y91.517 E.05686
G1 X91.517 Y92.597 E.11334
G1 X91.517 Y93.244 E.13724
G1 X93.244 Y91.517 E.22752
G1 X93.89 Y91.517 E.25141
G1 X91.517 Y93.89 E.37549
G1 X91.517 Y94.537 E.39939
G1 X94.537 Y91.517 E.55726
G1 X95.183 Y91.517 E.58116
G1 X91.517 Y95.183 E.77282
G1 X91.517 Y95.829 E.79672
G1 X95.829 Y91.517 E1.02218
G1 X96.476 Y91.517 E1.04608
G1 X91.517 Y96.476 E1.30534
G1 X91.517 Y97.122 E1.32924
G1 X97.122 Y91.517 E1.62229
G1 X97.769 Y91.517 E1.64619
G1 X91.517 Y97.769 E1.97304
G1 X91.517 Y98.415 E1.99694
G1 X98.415 Y91.517 E2.35759
G1 X99.061 Y91.517 E2.38148
G1 X91.517 Y99.061 E2.77593
G1 X91.517 Y99.708 E2.79983
G1 X99.708 Y91.517 E3.22807
G1 X100.354 Y91.517 E3.25196
G1 X91.517 Y100.354 E3.714
G1 X91.517 Y101.001 E3.7379
G1 X101.001 Y91.517 E4.23373
G1 X101.647 Y91.517 E4.25763
G1 X91.517 Y101.647 E4.78726
G1 X91.517 Y102.294 E4.81115
G1 X102.294 Y91.517 E5.37458
G1 X102.94 Y91.517 E5.39847
G1 X91.517 Y102.94 E5.9957
G1 X91.517 Y103.586 E6.01959
G1 X103.586 Y91.517 E6.65061
G1 X104.233 Y91.517 E6.67451
G1 X91.517 Y104.233 E7.33932
G1 X91.517 Y104.879 E7.36322
G1 X104.879 Y91.517 E8.06183
G1 X105.526 Y91.517 E8.08573
G1 X91.517 Y105.526 E8.81813
G1 X91.517 Y106.172 E8.84203
G1 X106.172 Y91.517 E9.60823
G1 X106.818 Y91.517 E9.63213
G1 X91.517 Y106.818 E10.43213
G1 X91.517 Y107.465 E10.45602
G1 X107.465 Y91.517 E11.28982
G1 X108.111 Y91.517 E11.31372
G1 X91.517 Y108.111 E12.18131
G1 X91.517 Y108.483 E12.19505
G1 X91.792 Y108.483 E12.2052
G1 X108.483 Y91.792 E13.07786
G1 X108.483 Y92.438 E13.10176
G1 X92.438 Y108.483 E13.94063
G1 X93.085 Y108.483 E13.96452
G1 X108.483 Y93.085 E14.76959
G1 X108.483 Y93.731 E14.79349
G1 X93.731 Y108.483 E15.56476
G1 X94.377 Y108.483 E15.58866
G1 X108.483 Y94.377 E16.32614
G1 X108.483 Y95.024 E16.35003
G1 X95.024 Y108.483 E17.05371
G1 X95.67 Y108.483 E17.07761
G1 X108.483 Y95.67 E17.74749
G1 X108.483 Y96.317 E17.77139
G1 X96.317 Y108.483 E18.40748
G1 X96.963 Y108.483 E18.43138
G1 X108.483 Y96.963 E19.03367
G1 X108.483 Y97.609 E19.05756
G1 X97.609 Y108.483 E19.62606
G1 X98.256 Y108.483 E19.64996
G1 X108.483 Y98.256 E20.18466
G1 X108.483 Y98.902 E20.20855
G1 X98.902 Y108.483 E20.70946
G1 X99.549 Y108.483 E20.73335
G1 X108.483 Y99.549 E21.20046
G1 X108.483 Y100.195 E21.22436
G1 X100.195 Y108.483 E21.65767
G1 X100.842 Y108.483 E21.68157
G1 X108.483 Y100.842 E22.08108
G1 X108.483 Y101.488 E22.10498
G1 X101.488 Y108.483 E22.4707
G1 X102.134 Y108.483 E22.49459
G1 X108.483 Y102.134 E22.82651
G1 X108.483 Y102.781 E22.85041
G1 X102.781 Y108.483 E23.14854
G1 X103.427 Y108.483 E23.17244
G1 X108.483 Y103.427 E23.43676
G1 X108.483 Y104.074 E23.46066
G1 X104.074 Y108.483 E23.6912
G1 X104.72 Y108.483 E23.71509
G1 X108.483 Y104.72 E23.91183
G1 X108.483 Y105.366 E23.93573
G1 X105.366 Y108.483 E24.09867
G1 X106.013 Y108.483 E24.12257
G1 X108.483 Y106.013 E24.25171
G1 X108.483 Y106.659 E24.27561
G1 X106.659 Y108.483 E24.37096
G1 X107.306 Y108.483 E24.39485
G1 X108.483 Y107.306 E24.45641
G1 X108.483 Y107.952 E24.4803
G1 X107.755 Y108.679 E24.51834
;LAYER_CHANGE
;Z:7
;HEIGHT:0.2
G1 Z7 F7800
; stop printing object cube_20x20x20_stl id:0 copy 0
; printing object cube_20x20x20_stl id:0 copy 0
G1 X108.819 Y108.819
;TYPE:Perimeter
;WIDTH:0.499999
G1 F3600
G1 X91.181 Y108.819 E25.18867
G1 X91.181 Y91.181 E25.859
G1 X108.819 Y91.181 E26.52933
G1 X108.819 Y108.819 E27.19966
G1 X109.284 Y109.284 F7800
G1 F3600
G1 X90.716 Y109.284 E27.90539
G1 X90.716 Y90.716 E28.61111
G1 X109.284 Y90.716 E29.31684
G1 X109.284 Y109.284 E30.02257
G1 X109.75 Y109.75 F7800
;TYPE:External perimeter
G1 F1800
G1 X90.25 Y109.75 E30.76369
G1 X90.25 Y90.25 E31.50481
G1 X109.75 Y90.25 E32.24594
G1 X109.75 Y109.75 E32.98706
;SEAM:109.75:109.75
;WIPE_START
G1 X109.317 Y109.5 F7800
;WIPE_END
G92 E0
G1 E-2 F2400
G1 X92.148 Y108.679 F7800
G1 E0 F2400
;TYPE:Solid infill
;WIDTH:0.486363
G1 F1800
G1 X91.517 Y108.049 E.03296
G1 X91.517 Y107.403 E.05686
G1 X92.597 Y108.483 E.11334
G1 X93.244 Y108.483 E.13724
G1 X91.517 Y106.756 E.22752
G1 X91.517 Y106.11 E.25141
G1 X93.89 Y108.483 E.37549
G1 X94.537 Y108.483 E.39939
G1 X91.517 Y105.463 E.55726
G1 X91.517 Y104.817 E.58115
G1 X95.183 Y108.483 E.77282
G1 X95.829 Y108.483 E.79672
G1 X91.517 Y104.171 E1.02218
G1 X91.517 Y103.524 E1.04608
G1 X96.476 Y108.483 E1.30534
G1 X97.122 Y108.483 E1.32924
G1 X91.517 Y102.878 E1.62229
G1 X91.517 Y102.231 E1.64619
G1 X97.769 Y108.483 E1.97304
G1 X98.415 Y108.483 E1.99694
G1 X91.517 Y101.585 E2.35759
G1 X91.517 Y100.939 E2.38148
G1 X99.061 Y108.483 E2.77593
G1 X99.708 Y108.483 E2.79982
G1 X91.517 Y100.292 E3.22806
G1 X91.517 Y99.646 E3.25196
G1 X100.354 Y108.483 E3.714
G1 X101.001 Y108.483 E3.7379
G1 X91.517 Y98.999 E4.23373
G1 X91.517 Y98.353 E4.25763
G1 X101.647 Y108.483 E4.78725
G1 X102.294 Y108.483 E4.81115
G1 X91.517 Y97.706 E5.37458
G1 X91.517 Y97.06 E5.39847
G1 X102.94 Y108.483 E5.99569
G1 X103.586 Y108.483 E6.01959
G1 X91.517 Y96.414 E6.65061
G1 X91.517 Y95.767 E6.67451
G1 X104.233 Y108.483 E7.33932
G1 X104.879 Y108.483 E7.36322
G1 X91.517 Y95.121 E8.06183
G1 X91.517 Y94.474 E8.08572
G1 X105.526 Y108.483 E8.81813
G1 X106.172 Y108.483 E8.84203
G1 X91.517 Y93.828 E9.60823
G1 X91.517 Y93.182 E9.63213
G1 X106.818 Y108.483 E10.43213
G1 X107.465 Y108.483 E10.45602
G1 X91.517 Y92.535 E11.28982
G1 X91.517 Y91.889 E11.31371
G1 X108.111 Y108.483 E12.1813
G1 X108.483 Y108.483 E12.19505
G1 X108.483 Y108.208 E12.2052
G1 X91.792 Y91.517 E13.07786
G1 X92.438 Y91.517 E13.10176
G1 X108.483 Y107.562 E13.94063
G1 X108.483 Y106.915 E13.96452
G1 X93.085 Y91.517 E14.76959
G1 X93.731 Y91.517 E14.79349
G1 X108.483 Y106.269 E15.56476
G1 X108.483 Y105.623 E15.58866
G1 X94.377 Y91.517 E16.32613
G1 X95.024 Y91.517 E16.35003
G1 X108.483 Y104.976 E17.05371
G1 X108.483 Y104.33 E17.07761
G1 X95.67 Y91.517 E17.74749
G1 X96.317 Y91.517 E17.77139
G1 X108.483 Y103.683 E18.40748
G1 X108.483 Y103.037 E18.43138
G1 X96.963 Y91.517 E19.03367
G1 X97.609 Y91.517 E19.05756
G1 X108.483 Y102.391 E19.62606
G1 X108.483 Y101.744 E19.64996
G1 X98.256 Y91.517 E20.18466
G1 X98.902 Y91.517 E20.20855
G1 X108.483 Y101.098 E20.70946
G1 X108.483 Y100.451 E20.73335
G1 X99.549 Y91.517 E21.20046
G1 X100.195 Y91.517 E21.22436
G1 X108.483 Y99.805 E21.65767
G1 X108.483 Y99.158 E21.68157
G1 X100.842 Y91.517 E22.08108
G1 X101.488 Y91.517 E22.10498
G1 X108.483 Y98.512 E22.4707
G1 X108.483 Y97.866 E22.49459
G1 X102.134 Y91.517 E22.82651
G1 X102.781 Y91.517 E22.85041
G1 X108.483 Y97.219 E23.14854
G1 X108.483 Y96.573 E23.17244
G1 X103.427 Y91.517 E23.43677
G1 X104.074 Y91.517 E23.46066
G1 X108.483 Y95.926 E23.6912
G1 X108.483 Y95.28 E23.71509
G1 X104.72 Y91.517 E23.91183
G1 X105.366 Y91.517 E23.93573
G1 X108.483 Y94.634 E24.09867
G1 X108.483 Y93.987 E24.12257
G1 X106.013 Y91.517 E24.25171
G1 X106.659 Y91.517 E24.27561
G1 X108.483 Y93.341 E24.37096
G1 X108.483 Y92.694 E24.39485
G1 X107.306 Y91.517 E24.45641
G1 X107.952 Y91.517 E24.4803
G1 X108.679 Y92.245 E24.51834
;LAYER_CHANGE
;Z:7.2
;HEIGHT:0.2
G1 Z7.2 F7800
; stop printing object cube_20x20x20_stl id:0 copy 0
; printing object cube_20x20x20_stl id:0 copy 0
G1 X108.819 Y91.181
;TYPE:Perimeter
;WIDTH:0.499999
G1 F3600
G1 X108.819 Y108.819 E25.18867
G1 X91.181 Y108.819 E25.859
G1 X91.181 Y91.181 E26.52933
G1 X108.819 Y91.181 E27.19966
G1 X109.284 Y90.716 F7800
G1 F3600
G1 X109.284 Y109.284 E27.90539
G1 X90.716 Y109.284 E28.61111
G1 X90.716 Y90.716 E29.31684
G1 X109.284 Y90.716 E30.02257
G1 X109.75 Y90.25 F7800
;TYPE:External perimeter
G1 F1800
G1 X109.75 Y109.75 E30.76369
G1 X90.25 Y109.75 E31.50481
G1 X90.25 Y90.25 E32.24594
G1 X109.75 Y90.25 E32.98706
;SEAM:109.75:90.25
;WIPE_START
G1 X109.5 Y90.683 F7800
;WIPE_END
G92 E0
G1 E-2 F2400
G1 X107.755 Y108.679 F7800
G1 E0 F2400
;TYPE:Solid infill
;WIDTH:0.486363
G1 F1800
G1 X108.483 Y107.952 E.03803
G1 X108.483 Y107.306 E.06193
G1 X107.306 Y108.483 E.12348
G1 X106.659 Y108.483 E.14738
G1 X108.483 Y106.659 E.24273
G1 X108.483 Y106.013 E.26663
G1 X106.013 Y108.483 E.39577
G1 X105.366 Y108.483 E.41967
G1 X108.483 Y105.366 E.58261
G1 X108.483 Y104.72 E.60651
G1 X104.72 Y108.483 E.80324
G1 X104.074 Y108.483 E.82714
G1 X108.483 Y104.074 E1.05767
G1 X108.483 Y103.427 E1.08157
G1 X103.427 Y108.483 E1.3459
G1 X102.781 Y108.483 E1.3698
G1 X108.483 Y102.781 E1.66792
G1 X108.483 Y102.134 E1.69182
G1 X102.134 Y108.483 E2.02374
G1 X101.488 Y108.483 E2.04764
G1 X108.483 Y101.488 E2.41336
G1 X108.483 Y100.842 E2.43726
G1 X100.842 Y108.483 E2.83677
G1 X100.195 Y108.483 E2.86067
G1 X108.483 Y100.195 E3.29398
G1 X108.483 Y99.549 E3.31788
G1 X99.549 Y108.483 E3.78498
G1 X98.902 Y108.483 E3.80888
G1 X108.483 Y98.902 E4.30978
G1 X108.483 Y98.256 E4.33368
G1 X98.256 Y108.483 E4.86838
G1 X97.609 Y108.483 E4.89228
G1 X108.483 Y97.609 E5.46077
G1 X108.483 Y96.963 E5.48467
G1 X96.963 Y108.483 E6.08696
G1 X96.317 Y108.483 E6.11086
G1 X108.483 Y96.317 E6.74695
G1 X108.483 Y95.67 E6.77084
G1 X95.67 Y108.483 E7.44073
G1 X95.024 Y108.483 E7.46462
G1 X108.483 Y95.024 E8.1683
G1 X108.483 Y94.377 E8.1922
G1 X94.377 Y108.483 E8.92968
G1 X93.731 Y108.483 E8.95358
G1 X108.483 Y93.731 E9.72485
G1 X108.483 Y93.085 E9.74875
G1 X93.085 Y108.483 E10.55381
G1 X92.438 Y108.483 E10.57771
G1 X108.483 Y92.438 E11.41658
G1 X108.483 Y91.792 E11.44047
G1 X91.792 Y108.483 E12.31313
G1 X91.517 Y108.483 E12.32329
G1 X91.517 Y108.111 E12.33703
G1 X108.111 Y91.517 E13.20462
G1 X107.465 Y91.517 E13.22852
G1 X91.517 Y107.465 E14.06231
G1 X91.517 Y106.818 E14.08621
G1 X106.818 Y91.517 E14.88621
G1 X106.172 Y91.517 E14.91011
G1 X91.517 Y106.172 E15.67631
G1 X91.517 Y105.526 E15.70021
G1 X105.526 Y91.517 E16.43261
G1 X104.879 Y91.517 E16.45651
G1 X91.517 Y104.879 E17.15512
G1 X91.517 Y104.233 E17.17902
G1 X104.233 Y91.517 E17.84383
G1 X103.586 Y91.517 E17.86773
G1 X91.517 Y103.586 E18.49874
G1 X91.517 Y102.94 E18.52264
G1 X102.94 Y91.517 E19.11986
G1 X102.294 Y91.517 E19.14376
G1 X91.517 Y102.294 E19.70718
G1 X91.517 Y101.647 E19.73108
G1 X101.647 Y91.517 E20.26071
G1 X101.001 Y91.517 E20.28461
G1 X91.517 Y101.001 E20.78044
G1 X91.517 Y100.354 E20.80434
G1 X100.354 Y91.517 E21.26637
G1 X99.708 Y91.517 E21.29027
G1 X91.517 Y99.708 E21.71851
G1 X91.517 Y99.061 E21.74241
G1 X99.061 Y91.517 E22.13685
G1 X98.415 Y91.517 E22.16075
G1 X91.517 Y98.415 E22.5214
G1 X91.517 Y97.769 E22.5453
G1 X97.769 Y91.517 E22.87215
G1 X97.122 Y91.517 E22.89605
G1 X91.517 Y97.122 E23.1891
G1 X91.517 Y96.476 E23.213
G1 X96.476 Y91.517 E23.47226
G1 X95.829 Y91.517 E23.49615
G1 X91.517 Y95.829 E23.72162
G1 X91.517 Y95.183 E23.74552
G1 X95.183 Y91.517 E23.93718
G1 X94.537 Y91.517 E23.96108
G1 X91.517 Y94.537 E24.11895
G1 X91.517 Y93.89 E24.14285
G1 X93.89 Y91.517 E24.26692
G1 X93.244 Y91.517 E24.29082
G1 X91.517 Y93.244 E24.3811
G1 X91.517 Y92.597 E24.405
G1 X92.597 Y91.517 E24.46148
G1 X91.951 Y91.517 E24.48538
G1 X91.321 Y92.148 E24.51834
;LAYER_CHANGE
;Z:7.4
;HEIGHT:0.2
G1 Z7.4 F7800
; stop printing object cube_20x20x20_stl id:0 copy 0
; printing object cube_20x20x20_stl id:0 copy 0
G1 X91.181 Y91.181
;TYPE:Perimeter
;WIDTH:0.499999
G1 F3600
G1 X108.819 Y91.181 E25.18867
G1 X108.819 Y108.819 E25.859
G1 X91.181 Y108.819 E26.52933
G1 X91.181 Y91.181 E27.19966
G1 X90.716 Y90.716 F7800
G1 F3600
G1 X109.284 Y90.716 E27.90539
G1 X109.284 Y109.284 E28.61111
G1 X90.716 Y109.284 E29.31684
G1 X90.716 Y90.716 E30.02257
G1 X90.25 Y90.25 F7800
;TYPE:External perimeter
G1 F1800
G1 X109.75 Y90.25 E30.76369
G1 X109.75 Y109.75 E31.50481
G1 X90.25 Y109.75 E32.24594
G1 X90.25 Y90.25 E32.98706
;SEAM:90.25:90.25
;WIPE_START
G1 X90.683 Y90.5 F7800
;WIPE_END
G92 E0
G1 E-2 F2400
G1 X108.679 Y92.245 F7800
G1 E0 F2400
;TYPE:Solid infill
;WIDTH:0.486363
G1 F1800
G1 X107.952 Y91.517 E.03803
G1 X107.306 Y91.517 E.06193
G1 X108.483 Y92.694 E.12348
G1 X108.483 Y93.341 E.14738
G1 X106.659 Y91.517 E.24273
G1 X106.013 Y91.517 E.26663
G1 X108.483 Y93.987 E.39577
G1 X108.483 Y94.634 E.41967
G1 X105.366 Y91.517 E.58261
G1 X104.72 Y91.517 E.60651
G1 X108.483 Y95.28 E.80324
G1 X108.483 Y95.926 E.82714
G1 X104.074 Y91.517 E1.05767
G1 X103.427 Y91.517 E1.08157
G1 X108.483 Y96.573 E1.3459
G1 X108.483 Y97.219 E1.3698
G1 X102.781 Y91.517 E1.66792
G1 X102.134 Y91.517 E1.69182
G1 X108.483 Y97.866 E2.02374
G1 X108.483 Y98.512 E2.04764
G1 X101.488 Y91.517 E2.41336
G1 X100.842 Y91.517 E2.43726
G1 X108.483 Y99.158 E2.83677
G1 X108.483 Y99.805 E2.86067
G1 X100.195 Y91.517 E3.29398
G1 X99.549 Y91.517 E3.31788
G1 X108.483 Y100.451 E3.78498
G1 X108.483 Y101.098 E3.80888
G1 X98.902 Y91.517 E4.30978
G1 X98.256 Y91.517 E4.33368
G1 X108.483 Y101.744 E4.86838
G1 X108.483 Y102.391 E4.89228
G1 X97.609 Y91.517 E5.46077
G1 X96.963 Y91.517 E5.48467
G1 X108.483 Y103.037 E6.08696
G1 X108.483 Y103.683 E6.11086
G1 X96.317 Y91.517 E6.74695
G1 X95.67 Y91.517 E6.77084
G1 X108.483 Y104.33 E7.44073
G1 X108.483 Y104.976 E7.46463
G1 X95.024 Y91.517 E8.16831
G1 X94.377 Y91.517 E8.1922
G1 X108.483 Y105.623 E8.92968
G1 X108.483 Y106.269 E8.95358
G1 X93.731 Y91.517 E9.72485
G1 X93.085 Y91.517 E9.74875
G1 X108.483 Y106.915 E10.55381
G1 X108.483 Y107.562 E10.57771
G1 X92.438 Y91.517 E11.41658
G1 X91.792 Y91.517 E11.44047
G1 X108.483 Y108.208 E12.31313
G1 X108.483 Y108.483 E12.32329
G1 X108.111 Y108.483 E12.33703
G1 X91.517 Y91.889 E13.20462
G1 X91.517 Y92.535 E13.22852
G1 X107.465 Y108.483 E14.06231
G1 X106.818 Y108.483 E14.08621
G1 X91.517 Y93.182 E14.88621
G1 X91.517 Y93.828 E14.91011
G1 X106.172 Y108.483 E15.67631
G1 X105.526 Y108.483 E15.70021
G1 X91.517 Y94.474 E16.43261
G1 X91.517 Y95.121 E16.45651
G1 X104.879 Y108.483 E17.15512
G1 X104.233 Y108.483 E17.17902
G1 X91.517 Y95.767 E17.84383
G1 X91.517 Y96.414 E17.86773
G1 X103.586 Y108.483 E18.49874
G1 X102.94 Y108.483 E18.52264
G1 X91.517 Y97.06 E19.11986
G1 X91.517 Y97.706 E19.14376
G1 X102.294 Y108.483 E19.70719
G1 X101.647 Y108.483 E19.73108
G1 X91.517 Y98.353 E20.26071
G1 X91.517 Y98.999 E20.28461
G1 X101.001 Y108.483 E20.78044
G1 X100.354 Y108.483 E20.80434
G1 X91.517 Y99.646 E21.26638
G1 X91.517 Y100.292 E21.29027
G1 X99.708 Y108.483 E21.71851
G1 X99.061 Y108.483 E21.74241
G1 X91.517 Y100.939 E22.13685
G1 X91.517 Y101.585 E22.16075
G1 X98.415 Y108.483 E22.5214
G1 X97.769 Y108.483 E22.5453
G1 X91.517 Y102.231 E22.87215
G1 X91.517 Y102.878 E22.89605
G1 X97.122 Y108.483 E23.1891
G1 X96.476 Y108.483 E23.213
G1 X91.517 Y103.524 E23.47226
G1 X91.517 Y104.171 E23.49616
G1 X95.829 Y108.483 E23.72162
G1 X95.183 Y108.483 E23.74552
G1 X91.517 Y104.817 E23.93718
G1 X91.517 Y105.463 E23.96108
G1 X94.537 Y108.483 E24.11895
G1 X93.89 Y108.483 E24.14285
G1 X91.517 Y106.11 E24.26692
G1 X91.517 Y106.756 E24.29082
G1 X93.244 Y108.483 E24.3811
G1 X92.597 Y108.483 E24.405
G1 X91.517 Y107.403 E24.46148
G1 X91.517 Y108.049 E24.48538
G1 X92.148 Y108.679 E24.51834
;LAYER_CHANGE
;Z:7.6
;HEIGHT:0.2
G1 Z7.6 F7800
; stop printing object cube_20x20x20_stl id:0 copy 0
; printing object cube_20x20x20_stl id:0 copy 0
G1 X91.181 Y108.819
;TYPE:Perimeter
;WIDTH:0.499999
G1 F3600
G1 X91.181 Y91.181 E25.18867
G1 X108.819 Y91.181 E25.859
G1 X108.819 Y108.819 E26.52933
G1 X91.181 Y108.819 E27.19966
G1 X90.716 Y109.284 F7800
G1 F3600
G1 X90.716 Y90.716 E27.90539
G1 X109.284 Y90.716 E28.61111
G1 X109.284 Y109.284 E29.31684
G1 X90.716 Y109.284 E30.02257
G1 X90.25 Y109.75 F7800
;TYPE:External perimeter
G1 F1800
G1 X90.25 Y90.25 E30.76369
G1 X109.75 Y90.25 E31.50481
G1 X109.75 Y109.75 E32.24594
G1 X90.25 Y109.75 E32.98706
;SEAM:90.25:109.75
;WIPE_START
G1 X90.5 Y109.317 F7800
;WIPE_END
G92 E0
G1 E-2 F2400
G1 X91.321 Y92.148 F7800
G1 E0 F2400
;TYPE:Solid infill
;WIDTH:0.486363
G1 F1800
G1 X91.951 Y91.517 E.03296
G1 X92.597 Y91.517 E.05686
G1 X91.517 Y92.597 E.11334
G1 X91.517 Y93.244 E.13724
G1 X93.244 Y91.517 E.22752
G1 X93.89 Y91.517 E.25141
G1 X91.517 Y93.89 E.37549
G1 X91.517 Y94.537 E.39939
G1 X94.537 Y91.517 E.55726
G1 X95.183 Y91.517 E.58116
G1 X91.517 Y95.183 E.77282
G1 X91.517 Y95.829 E.79672
G1 X95.829 Y91.517 E1.02218
G1 X96.476 Y91.517 E1.04608
G1 X91.517 Y96.476 E1.30534
G1 X91.517 Y97.122 E1.32924
G1 X97.122 Y91.517 E1.62229
G1 X97.769 Y91.517 E1.64619
G1 X91.517 Y97.769 E1.97304
G1 X91.517 Y98.415 E1.99694
G1 X98.415 Y91.517 E2.35759
G1 X99.061 Y91.517 E2.38148
G1 X91.517 Y99.061 E2.77593
G1 X91.517 Y99.708 E2.79983
G1 X99.708 Y91.517 E3.22807
G1 X100.354 Y91.517 E3.25196
G1 X91.517 Y100.354 E3.714
G1 X91.517 Y101.001 E3.7379
G1 X101.001 Y91.517 E4.23373
G1 X101.647 Y91.517 E4.25763
G1 X91.517 Y101.647 E4.78726
G1 X91.517 Y102.294 E4.81115
G1 X102.294 Y91.517 E5.37458
G1 X102.94 Y91.517 E5.39847
G1 X91.517 Y102.94 E5.9957
G1 X91.517 Y103.586 E6.01959
G1 X103.586 Y91.517 E6.65061
G1 X104.233 Y91.517 E6.67451
G1 X91.517 Y104.233 E7.33932
G1 X91.517 Y104.879 E7.36322
G1 X104.879 Y91.517 E8.06183
G1 X105.526 Y91.517 E8.08573
G1 X91.517 Y105.526 E8.81813
G1 X91.517 Y106.172 E8.84203
G1 X106.172 Y91.517 E9.60823
G1 X106.818 Y91.517 E9.63213
G1 X91.517 Y106.818 E10.43213
G1 X91.517 Y107.465 E10.45602
G1 X107.465 Y91.517 E11.28982
G1 X108.111 Y91.517 E11.31372
G1 X91.517 Y108.111 E12.18131
G1 X91.517 Y108.483 E12.19505
G1 X91.792 Y108.483 E12.2052
G1 X108.483 Y91.792 E13.07786
G1 X108.483 Y92.438 E13.10176
G1 X92.438 Y108.483 E13.94063
G1 X93.085 Y108.483 E13.96452
G1 X108.483 Y93.085 E14.76959
G1 X108.483 Y93.731 E14.79349
G1 X93.731 Y108.483 E15.56476
G1 X94.377 Y108.483 E15.58866
G1 X108.483 Y94.377 E16.32614
G1 X108.483 Y95.024 E16.35003
G1 X95.024 Y108.483 E17.05371
G1 X95.67 Y108.483 E17.07761
G1 X108.483 Y95.67 E17.74749
G1 X108.483 Y96.317 E17.77139
G1 X96.317 Y108.483 E18.40748
G1 X96.963 Y108.483 E18.43138
G1 X108.483 Y96.963 E19.03367
G1 X108.483 Y97.609 E19.05756
G1 X97.609 Y108.483 E19.62606
G1 X98.256 Y108.483 E19.64996
G1 X108.483 Y98.256 E20.18466
G1 X108.483 Y98.902 E20.20855
G1 X98.902 Y108.483 E20.70946
G1 X99.549 Y108.483 E20.73335
G1 X108.483 Y99.549 E21.20046
G1 X108.483 Y100.195 E21.22436
G1 X100.195 Y108.483 E21.65767
G1 X100.842 Y108.483 E21.68157
G1 X108.483 Y100.842 E22.08108
G1 X108.483 Y101.488 E22.10498
G1 X101.488 Y108.483 E22.4707
G1 X102.134 Y108.483 E22.49459
G1 X108.483 Y102.134 E22.82651
G1 X108.483 Y102.781 E22.85041
G1 X102.781 Y108.483 E23.14854
G1 X103.427 Y108.483 E23.17244
G1 X108.483 Y103.427 E23.43676
G1 X108.483 Y104.074 E23.46066
G1 X104.074 Y108.483 E23.6912
G1 X104.72 Y108.483 E23.71509
G1 X108.483 Y104.72 E23.91183
G1 X108.483 Y105.366 E23.93573
G1 X105.366 Y108.483 E24.09867
G1 X106.013 Y108.483 E24.12257
G1 X108.483 Y106.013 E24.25171
G1 X108.483 Y106.659 E24.27561
G1 X106.659 Y108.483 E24.37096
G1 X107.306 Y108.483 E24.39485
G1 X108.483 Y107.306 E24.45641
G1 X108.483 Y107.952 E24.4803
G1 X107.755 Y108.679 E24.51834
;LAYER_CHANGE
;Z:7.8
;HEIGHT:0.2
G1 Z7.8 F7800
; stop printing object cube_20x20x20_stl id:0 copy 0
; printing object cube_20x20x20_stl id:0 copy 0
G1 X108.819 Y108.819
;TYPE:Perimeter
;WIDTH:0.499999
G1 F3600
G1 X91.181 Y108.819 E25.18867
G1 X91.181 Y91.181 E25.859
G1 X108.819 Y91.181 E26.52933
G1 X108.819 Y108.819 E27.19966
G1 X109.284 Y109.284 F7800
G1 F3600
G1 X90.716 Y109.284 E27.90539
G1 X90.716 Y90.716 E28.61111
G1 X109.284 Y90.716 E29.31684
G1 X109.284 Y109.284 E30.02257
G1 X109.75 Y109.75 F7800
;TYPE:External perimeter
G1 F1800
G1 X90.25 Y109.75 E30.76369
G1 X90.25 Y90.25 E31.50481
G1 X109.75 Y90.25 E32.24594
G1 X109.75 Y109.75 E32.98706
;SEAM:109.75:109.75
;WIPE_START
G1 X109.317 Y109.5 F7800
;WIPE_END
G92 E0
G1 E-2 F2400
G1 X92.148 Y108.679 F7800
G1 E0 F2400
;TYPE:Solid infill
;WIDTH:0.486363
G1 F1800
G1 X91.517 Y108.049 E.03296
G1 X91.517 Y107.403 E.05686
G1 X92.597 Y108.483 E.11334
G1 X93.244 Y108.483 E.13724
G1 X91.517 Y106.756 E.22752
G1 X91.517 Y106.11 E.25141
G1 X93.89 Y108.483 E.37549
G1 X94.537 Y108.483 E.39939
G1 X91.517 Y105.463 E.55726
G1 X91.517 Y104.817 E.58115
G1 X95.183 Y108.483 E.77282
G1 X95.829 Y108.483 E.79672
G1 X91.517 Y104.171 E1.02218
G1 X91.517 Y103.524 E1.04608
G1 X96.476 Y108.483 E1.30534
G1 X97.122 Y108.483 E1.32924
G1 X91.517 Y102.878 E1.62229
G1 X91.517 Y102.231 E1.64619
G1 X97.769 Y108.483 E1.97304
G1 X98.415 Y108.483 E1.99694
G1 X91.517 Y101.585 E2.35759
G1 X91.517 Y100.939 E2.38148
G1 X99.061 Y108.483 E2.77593
G1 X99.708 Y108.483 E2.79982
G1 X91.517 Y100.292 E3.22806
G1 X91.517 Y99.646 E3.25196
G1 X100.354 Y108.483 E3.714
G1 X101.001 Y108.483 E3.7379
G1 X91.517 Y98.999 E4.23373
G1 X91.517 Y98.353 E4.25763
G1 X101.647 Y108.483 E4.78725
G1 X102.294 Y108.483 E4.81115
G1 X91.517 Y97.706 E5.37458
G1 X91.517 Y97.06 E5.39847
G1 X102.94 Y108.483 E5.99569
G1 X103.586 Y108.483 E6.01959
G1 X91.517 Y96.414 E6.65061
G1 X91.517 Y95.767 E6.67451
G1 X104.233 Y108.483 E7.33932
G1 X104.879 Y108.483 E7.36322
G1 X91.517 Y95.121 E8.06183
G1 X91.517 Y94.474 E8.08572
G1 X105.526 Y108.483 E8.81813
G1 X106.172 Y108.483 E8.84203
G1 X91.517 Y93.828 E9.60823
G1 X91.517 Y93.182 E9.63213
G1 X106.818 Y108.483 E10.43213
G1 X107.465 Y108.483 E10.45602
G1 X91.517 Y92.535 E11.28982
G1 X91.517 Y91.889 E11.31371
G1 X108.111 Y108.483 E12.1813
G1 X108.483 Y108.483 E12.19505
G1 X108.483 Y108.208 E12.2052
G1 X91.792 Y91.517 E13.07786
G1 X92.438 Y91.517 E13.10176
G1 X108.483 Y107.562 E13.94063
G1 X108.483 Y106.915 E13.96452
G1 X93.085 Y91.517 E14.76959
G1 X93.731 Y91.517 E14.79349
G1 X108.483 Y106.269 E15.56476
G1 X108.483 Y105.623 E15.58866
G1 X94.377 Y91.517 E16.32613
G1 X95.024 Y91.517 E16.35003
G1 X108.483 Y104.976 E17.05371
G1 X108.483 Y104.33 E17.07761
G1 X95.67 Y91.517 E17.74749
G1 X96.317 Y91.517 E17.77139
G1 X108.483 Y103.683 E18.40748
G1 X108.483 Y103.037 E18.43138
G1 X96.963 Y91.517 E19.03367
G1 X97.609 Y91.517 E19.05756
G1 X108.483 Y102.391 E19.62606
G1 X108.483 Y101.744 E19.64996
G1 X98.256 Y91.517 E20.18466
G1 X98.902 Y91.517 E20.20855
G1 X108.483 Y101.098 E20.70946
G1 X108.483 Y100.451 E20.73335
G1 X99.549 Y91.517 E21.20046
G1 X100.195 Y91.517 E21.22436
G1 X108.483 Y99.805 E21.65767
G1 X108.483 Y99.158 E21.68157
G1 X100.842 Y91.517 E22.08108
G1 X101.488 Y91.517 E22.10498
G1 X108.483 Y98.512 E22.4707
G1 X108.483 Y97.866 E22.49459
G1 X102.134 Y91.517 E22.82651
G1 X102.781 Y91.517 E22.85041
G1 X108.483 Y97.219 E23.14854
G1 X108.483 Y96.573 E23.17244
G1 X103.427 Y91.517 E23.43677
G1 X104.074 Y91.517 E23.46066
G1 X108.483 Y95.926 E23.6912
G1 X108.483 Y95.28 E23.71509
G1 X104.72 Y91.517 E23.91183
G1 X105.366 Y91.517 E23.93573
G1 X108.483 Y94.634 E24.09867
G1 X108.483 Y93.987 E24.12257
G1 X106.013 Y91.517 E24.25171
G1 X106.659 Y91.517 E24.27561
G1 X108.483 Y93.341 E24.37096
G1 X108.483 Y92.694 E24.39485
G1 X107.306 Y91.517 E24.45641
G1 X107.952 Y91.517 E24.4803
G1 X108.679 Y92.245 E24.51834
;LAYER_CHANGE
;Z:8
;HEIGHT:0.2
G1 Z8 F7800
; stop printing object cube_20x20x20_stl id:0 copy 0
; printing object cube_20x20x20_stl id:0 copy 0
G1 X108.819 Y91.181
;TYPE:Perimeter
;WIDTH:0.499999
G1 F3600
G1 X108.819 Y108.819 E25.18867
G1 X91.181 Y108.819 E25.859
G1 X91.181 Y91.181 E26.52933
G1 X108.819 Y91.181 E27.19966
G1 X109.284 Y90.716 F7800
G1 F3600
G1 X109.284 Y109.284 E27.90539
G1 X90.716 Y109.284 E28.61111
G1 X90.716 Y90.716 E29.31684
G1 X109.284 Y90.716 E30.02257
G1 X109.75 Y90.25 F7800
;TYPE:External perimeter
G1 F1800
G1 X109.75 Y109.75 E30.76369
G1 X90.25 Y109.75 E31.50481
G1 X90.25 Y90.25 E32.24594
G1 X109.75 Y90.25 E32.98706
;SEAM:109.75:90.25
;WIPE_START
G1 X109.5 Y90.683 F7800
;WIPE_END
G92 E0
G1 E-2 F2400
G1 X107.755 Y108.679 F7800
G1 E0 F2400
;TYPE:Solid infill
;WIDTH:0.486363
G1 F1800
G1 X108.483 Y107.952 E.03803
G1 X108.483 Y107.306 E.06193
G1 X107.306 Y108.483 E.12348
G1 X106.659 Y108.483 E.14738
G1 X108.483 Y106.659 E.24273
G1 X108.483 Y106.013 E.26663
G1 X106.013 Y108.483 E.39577
G1 X105.366 Y108.483 E.41967
G1 X108.483 Y105.366 E.58261
G1 X108.483 Y104.72 E.60651
G1 X104.72 Y108.483 E.80324
G1 X104.074 Y108.483 E.82714
G1 X108.483 Y104.074 E1.05767
G1 X108.483 Y103.427 E1.08157
G1 X103.427 Y108.483 E1.3459
G1 X102.781 Y108.483 E1.3698
G1 X108.483 Y102.781 E1.66792
G1 X108.483 Y102.134 E1.69182
G1 X102.134 Y108.483 E2.02374
G1 X101.488 Y108.483 E2.04764
G1 X108.483 Y101.488 E2.41336
G1 X108.483 Y100.842 E2.43726
G1 X100.842 Y108.483 E2.83677
G1 X100.195 Y108.483 E2.86067
G1 X108.483 Y100.195 E3.29398
G1 X108.483 Y99.549 E3.31788
G1 X99.549 Y108.483 E3.78498
G1 X98.902 Y108.483 E3.80888
G1 X108.483 Y98.902 E4.30978
G1 X108.483 Y98.256 E4.33368
G1 X98.256 Y108.483 E4.86838
G1 X97.609 Y108.483 E4.89228
G1 X108.483 Y97.609 E5.46077
G1 X108.483 Y96.963 E5.48467
G1 X96.963 Y108.483 E6.08696
G1 X96.317 Y108.483 E6.11086
G1 X108.483 Y96.317 E6.74695
G1 X108.483 Y95.67 E6.77084
G1 X95.67 Y108.483 E7.44073
G1 X95.024 Y108.483 E7.46462
G1 X108.483 Y95.024 E8.1683
G1 X108.483 Y94.377 E8.1922
G1 X94.377 Y108.483 E8.92968
G1 X93.731 Y108.483 E8.95358
G1 X108.483 Y93.731 E9.72485
G1 X108.483 Y93.085 E9.74875
G1 X93.085 Y108.483 E10.55381
G1 X92.438 Y108.483 E10.57771
G1 X108.483 Y92.438 E11.41658
G1 X108.483 Y91.792 E11.44047
G1 X91.792 Y108.483 E12.31313
G1 X91.517 Y108.483 E12.32329
G1 X91.517 Y108.111 E12.33703
G1 X108.111 Y91.517 E13.20462
G1 X107.465 Y91.517 E13.22852
G1 X91.517 Y107.465 E14.06231
G1 X91.517 Y106.818 E14.08621
G1 X106.818 Y91.517 E14.88621
G1 X106.172 Y91.517 E14.91011
G1 X91.517 Y106.172 E15.67631
G1 X91.517 Y105.526 E15.70021
G1 X105.526 Y91.517 E16.43261
G1 X104.879 Y91.517 E16.45651
G1 X91.517 Y104.879 E17.15512
G1 X91.517 Y104.233 E17.17902
G1 X104.233 Y91.517 E17.84383
G1 X103.586 Y91.517 E17.86773
G1 X91.517 Y103.586 E18.49874
G1 X91.517 Y102.94 E18.52264
G1 X102.94 Y91.517 E19.11986
G1 X102.294 Y91.517 E19.14376
G1 X91.517 Y102.294 E19.70718
G1 X91.517 Y101.647 E19.73108
G1 X101.647 Y91.517 E20.26071
G1 X101.001 Y91.517 E20.28461
G1 X91.517 Y101.001 E20.78044
G1 X91.517 Y100.354 E20.80434
G1 X100.354 Y91.517 E21.26637
G1 X99.708 Y91.517 E21.29027
G1 X91.517 Y99.708 E21.71851
G1 X91.517 Y99.061 E21.74241
G1 X99.061 Y91.517 E22.13685
G1 X98.415 Y91.517 E22.16075
G1 X91.517 Y98.415 E22.5214
G1 X91.517 Y97.769 E22.5453
G1 X97.769 Y91.517 E22.87215
G1 X97.122 Y91.517 E22.89605
G1 X91.517 Y97.122 E23.1891
G1 X91.517 Y96.476 E23.213
G1 X96.476 Y91.517 E23.47226
G1 X95.829 Y91.517 E23.49615
G1 X91.517 Y95.829 E23.72162
G1 X91.517 Y95.183 E23.74552
G1 X95.183 Y91.517 E23.93718
G1 X94.537 Y91.517 E23.96108
G1 X91.517 Y94.537 E24.11895
G1 X91.517 Y93.89 E24.14285
G1 X93.89 Y91.517 E24.26692
G1 X93.244 Y91.517 E24.29082
G1 X91.517 Y93.244 E24.3811
G1 X91.517 Y92.597 E24.405
G1 X92.597 Y91.517 E24.46148
G1 X91.951 Y91.517 E24.48538
G1 X91.321 Y92.148 E24.51834
;LAYER_CHANGE
;Z:8.2
;HEIGHT:0.2
G1 Z8.2 F7800
; stop printing object cube_20x20x20_stl id:0 copy 0
; printing object cube_20x20x20_stl id:0 copy 0
G1 X91.181 Y91.181
;TYPE:Perimeter
;WIDTH:0.499999
G1 F3600
G1 X108.819 Y91.181 E25.18867
G1 X108.819 Y108.819 E25.859
G1 X91.181 Y108.819 E26.52933
G1 X91.181 Y91.181 E27.19966
G1 X90.716 Y90.716 F7800
G1 F3600
G1 X109.284 Y90.716 E27.90539
G1 X109.284 Y109.284 E28.61111
G1 X90.716 Y109.284 E29.31684
G1 X90.716 Y90.716 E30.02257
G1 X90.25 Y90.25 F7800
;TYPE:External perimeter
G1 F1800
G1 X109.75 Y90.25 E30.76369
G1 X109.75 Y109.75 E31.50481
G1 X90.25 Y109.75 E32.24594
G1 X90.25 Y90.25 E32.98706
;SEAM:90.25:90.25
;WIPE_START
G1 X90.683 Y90.5 F7800
;WIPE_END
G92 E0
G1 E-2 F2400
G1 X108.679 Y92.245 F7800
G1 E0 F2400
;TYPE:Solid infill
;WIDTH:0.486363
G1 F1800
G1 X107.952 Y91.517 E.03803
G1 X107.306 Y91.517 E.06193
G1 X108.483 Y92.694 E.12348
G1 X108.483 Y93.341 E.14738
G1 X106.659 Y91.517 E.24273
G1 X106.013 Y91.517 E.26663
G1 X108.483 Y93.987 E.39577
G1 X108.483 Y94.634 E.41967
G1 X105.366 Y91.517 E.58261
G1 X104.72 Y91.517 E.60651
G1 X108.483 Y95.28 E.80324
G1 X108.483 Y95.926 E.82714
G1 X104.074 Y91.517 E1.05767
G1 X103.427 Y91.517 E1.08157
G1 X108.483 Y96.573 E1.3459
G1 X108.483 Y97.219 E1.3698
G1 X102.781 Y91.517 E1.66792
G1 X102.134 Y91.517 E1.69182
G1 X108.483 Y97.866 E2.02374
G1 X108.483 Y98.512 E2.04764
G1 X101.488 Y91.517 E2.41336
G1 X100.842 Y91.517 E2.43726
G1 X108.483 Y99.158 E2.83677
G1 X108.483 Y99.805 E2.86067
G1 X100.195 Y91.517 E3.29398
G1 X99.549 Y91.517 E3.31788
G1 X108.483 Y100.451 E3.78498
G1 X108.483 Y101.098 E3.80888
G1 X98.902 Y91.517 E4.30978
G1 X98.256 Y91.517 E4.33368
G1 X108.483 Y101.744 E4.86838
G1 X108.483 Y102.391 E4.89228
G1 X97.609 Y91.517 E5.46077
G1 X96.963 Y91.517 E5.48467
G1 X108.483 Y103.037 E6.08696
G1 X108.483 Y103.683 E6.11086
G1 X96.317 Y91.517 E6.74695
G1 X95.67 Y91.517 E6.77084
G1 X108.483 Y104.33 E7.44073
G1 X108.483 Y104.976 E7.46463
G1 X95.024 Y91.517 E8.16831
G1 X94.377 Y91.517 E8.1922
G1 X108.483 Y105.623 E8.92968
G1 X108.483 Y106.269 E8.95358
G1 X93.731 Y91.517 E9.72485
G1 X93.085 Y91.517 E9.74875
G1 X108.483 Y106.915 E10.55381
G1 X108.483 Y107.562 E10.57771
G1 X92.438 Y91.517 E11.41658
G1 X91.792 Y91.517 E11.44047
G1 X108.483 Y108.208 E12.31313
G1 X108.483 Y108.483 E12.32329
G1 X108.111 Y108.483 E12.33703
G1 X91.517 Y91.889 E13.20462
G1 X91.517 Y92.535 E13.22852
G1 X107.465 Y108.483 E14.06231
G1 X106.818 Y108.483 E14.08621
G1 X91.517 Y93.182 E14.88621
G1 X91.517 Y93.828 E14.91011
G1 X106.172 Y108.483 E15.67631
G1 X105.526 Y108.483 E15.70021
G1 X91.517 Y94.474 E16.43261
G1 X91.517 Y95.121 E16.45651
G1 X104.879 Y108.483 E17.15512
G1 X104.233 Y108.483 E17.17902
G1 X91.517 Y95.767 E17.84383
G1 X91.517 Y96.414 E17.86773
G1 X103.586 Y108.483 E18.49874
G1 X102.94 Y108.483 E18.52264
G1 X91.517 Y97.06 E19.11986
G1 X91.517 Y97.706 E19.14376
G1 X102.294 Y108.483 E19.70719
G1 X101.647 Y108.483 E19.73108
G1 X91.517 Y98.353 E20.26071
G1 X91.517 Y98.999 E20.28461
G1 X101.001 Y108.483 E20.78044
G1 X100.354 Y108.483 E20.80434
G1 X91.517 Y99.646 E21.26638
G1 X91.517 Y100.292 E21.29027
G1 X99.708 Y108.483 E21.71851
G1 X99.061 Y108.483 E21.74241
G1 X91.517 Y100.939 E22.13685
G1 X91.517 Y101.585 E22.16075
G1 X98.415 Y108.483 E22.5214
G1 X97.769 Y108.483 E22.5453
G1 X91.517 Y102.231 E22.87215
G1 X91.517 Y102.878 E22.89605
G1 X97.122 Y108.483 E23.1891
G1 X96.476 Y108.483 E23.213
G1 X91.517 Y103.524 E23.47226
G1 X91.517 Y104.171 E23.49616
G1 X95.829 Y108.483 E23.72162
G1 X95.183 Y108.483 E23.74552
G1 X91.517 Y104.817 E23.93718
G1 X91.517 Y105.463 E23.96108
G1 X94.537 Y108.483 E24.11895
G1 X93.89 Y108.483 E24.14285
G1 X91.517 Y106.11 E24.26692
G1 X91.517 Y106.756 E24.29082
G1 X93.244 Y108.483 E24.3811
G1 X92.597 Y108.483 E24.405
G1 X91.517 Y107.403 E24.46148
G1 X91.517 Y108.049 E24.48538
G1 X92.148 Y108.679 E24.51834
;LAYER_CHANGE
;Z:8.4
;HEIGHT:0.2
G1 Z8.4 F7800
; stop printing object cube_20x20x20_stl id:0 copy 0
; printing object cube_20x20x20_stl id:0 copy 0
G1 X91.181 Y108.819
;TYPE:Perimeter
;WIDTH:0.499999
G1 F3600
G1 X91.181 Y91.181 E25.18867
G1 X108.819 Y91.181 E25.859
G1 X108.819 Y108.819 E26.52933
G1 X91.181 Y108.819 E27.19966
G1 X90.716 Y109.284 F7800
G1 F3600
G1 X90.716 Y90.716 E27.90539
G1 X109.284 Y90.716 E28.61111
G1 X109.284 Y109.284 E29.31684
G1 X90.716 Y109.284 E30.02257
G1 X90.25 Y109.75 F7800
;TYPE:External perimeter
G1 F1800
G1 X90.25 Y90.25 E30.76369
G1 X109.75 Y90.25 E31.50481
G1 X109.75 Y109.75 E32.24594
G1 X90.25 Y109.75 E32.98706
;SEAM:90.25:109.75
;WIPE_START
G1 X90.5 Y109.317 F7800
;WIPE_END
G92 E0
G1 E-2 F2400
G1 X91.321 Y92.148 F7800
G1 E0 F2400
;TYPE:Solid infill
;WIDTH:0.486363
G1 F1800
G1 X91.951 Y91.517 E.03296
G1 X92.597 Y91.517 E.05686
G1 X91.517 Y92.597 E.11334
G1 X91.517 Y93.244 E.13724
G1 X93.244 Y91.517 E.22752
G1 X93.89 Y91.517 E.25141
G1 X91.517 Y93.89 E.37549
G1 X91.517 Y94.537 E.39939
G1 X94.537 Y91.517 E.55726
G1 X95.183 Y91.517 E.58116
G1 X91.517 Y95.183 E.77282
G1 X91.517 Y95.829 E.79672
G1 X95.829 Y91.517 E1.02218
G1 X96.476 Y91.517 E1.04608
G1 X91.517 Y96.476 E1.30534
G1 X91.517 Y97.122 E1.32924
G1 X97.122 Y91.517 E1.62229
G1 X97.769 Y91.517 E1.64619
G1 X91.517 Y97.769 E1.97304
G1 X91.517 Y98.415 E1.99694
G1 X98.415 Y91.517 E2.35759
G1 X99.061 Y91.517 E2.38148
G1 X91.517 Y99.061 E2.77593
G1 X91.517 Y99.708 E2.79983
G1 X99.708 Y91.517 E3.22807
G1 X100.354 Y91.517 E3.25196
G1 X91.517 Y100.354 E3.714
G1 X91.517 Y101.001 E3.7379
G1 X101.001 Y91.517 E4.23373
G1 X101.647 Y91.517 E4.25763
G1 X91.517 Y101.647 E4.78726
G1 X91.517 Y102.294 E4.81115
G1 X102.294 Y91.517 E5.37458
G1 X102.94 Y91.517 E5.39847
G1 X91.517 Y102.94 E5.9957
G1 X91.517 Y103.586 E6.01959
G1 X103.586 Y91.517 E6.65061
G1 X104.233 Y91.517 E6.67451
G1 X91.517 Y104.233 E7.33932
G1 X91.517 Y104.879 E7.36322
G1 X104.879 Y91.517 E8.06183
G1 X105.526 Y91.517 E8.08573
G1 X91.517 Y105.526 E8.81813
G1 X91.517 Y106.172 E8.84203
G1 X106.172 Y91.517 E9.60823
G1 X106.818 Y91.517 E9.63213
G1 X91.517 Y106.818 E10.43213
G1 X91.517 Y107.465 E10.45602
G1 X107.465 Y91.517 E11.28982
G1 X108.111 Y91.517 E11.31372
G1 X91.517 Y108.111 E12.18131
G1 X91.517 Y108.483 E12.19505
G1 X91.792 Y108.483 E12.2052
G1 X108.483 Y91.792 E13.07786
G1 X108.483 Y92.438 E13.10176
G1 X92.438 Y108.483 E13.94063
G1 X93.085 Y108.483 E13.96452
G1 X108.483 Y93.085 E14.76959
G1 X108.483 Y93.731 E14.79349
G1 X93.731 Y108.483 E15.56476
G1 X94.377 Y108.483 E15.58866
G1 X108.483 Y94.377 E16.32614
G1 X108.483 Y95.024 E16.35003
G1 X95.024 Y108.483 E17.05371
G1 X95.67 Y108.483 E17.07761
G1 X108.483 Y95.67 E17.74749
G1 X108.483 Y96.317 E17.77139
G1 X96.317 Y108.483 E18.40748
G1 X96.963 Y108.483 E18.43138
G1 X108.483 Y96.963 E19.03367
G1 X108.483 Y97.609 E19.05756
G1 X97.609 Y108.483 E19.62606
G1 X98.256 Y108.483 E19.64996
G1 X108.483 Y98.256 E20.18466
G1 X108.483 Y98.902 E20.20855
G1 X98.902 Y108.483 E20.70946
G1 X99.549 Y108.483 E20.73335
G1 X108.483 Y99.549 E21.20046
G1 X108.483 Y100.195 E21.22436
G1 X100.195 Y108.483 E21.65767
G1 X100.842 Y108.483 E21.68157
G1 X108.483 Y100.842 E22.08108
G1 X108.483 Y101.488 E22.10498
G1 X101.488 Y108.483 E22.4707
G1 X102.134 Y108.483 E22.49459
G1 X108.483 Y102.134 E22.82651
G1 X108.483 Y102.781 E22.85041
G1 X102.781 Y108.483 E23.14854
G1 X103.427 Y108.483 E23.17244
G1 X108.483 Y103.427 E23.43676
G1 X108.483 Y104.074 E23.46066
G1 X104.074 Y108.483 E23.6912
G1 X104.72 Y108.483 E23.71509
G1 X108.483 Y104.72 E23.91183
G1 X108.483 Y105.366 E23.93573
G1 X105.366 Y108.483 E24.09867
G1 X106.013 Y108.483 E24.12257
G1 X108.483 Y106.013 E24.25171
G1 X108.483 Y106.659 E24.27561
G1 X106.659 Y108.483 E24.37096
G1 X107.306 Y108.483 E24.39485
G1 X108.483 Y107.306 E24.45641
G1 X108.483 Y107.952 E24.4803
G1 X107.755 Y108.679 E24.51834
;LAYER_CHANGE
;Z:8.6
;HEIGHT:0.2
G1 Z8.6 F7800
; stop printing object cube_20x20x20_stl id:0 copy 0
; printing object cube_20x20x20_stl id:0 copy 0
G1 X108.819 Y108.819
;TYPE:Perimeter
;WIDTH:0.499999
G1 F3600
G1 X91.181 Y108.819 E25.18867
G1 X91.181 Y91.181 E25.859
G1 X108.819 Y91.181 E26.52933
G1 X108.819 Y108.819 E27.19966
G1 X109.284 Y109.284 F7800
G1 F3600
G1 X90.716 Y109.284 E27.90539
G1 X90.716 Y90.716 E28.61111
G1 X109.284 Y90.716 E29.31684
G1 X109.284 Y109.284 E30.02257
G1 X109.75 Y109.75 F7800
;TYPE:External perimeter
G1 F1800
G1 X90.25 Y109.75 E30.76369
G1 X90.25 Y90.25 E31.50481
G1 X109.75 Y90.25 E32.24594
G1 X109.75 Y109.75 E32.98706
;SEAM:109.75:109.75
;WIPE_START
G1 X109.317 Y109.5 F7800
;WIPE_END
G92 E0
G1 E-2 F2400
G1 X92.148 Y108.679 F7800
G1 E0 F2400
;TYPE:Solid infill
;WIDTH:0.486363
G1 F1800
G1 X91.517 Y108.049 E.03296
G1 X91.517 Y107.403 E.05686
G1 X92.597 Y108.483 E.11334
G1 X93.244 Y108.483 E.13724
G1 X91.517 Y106.756 E.22752
G1 X91.517 Y106.11 E.25141
G1 X93.89 Y108.483 E.37549
G1 X94.537 Y108.483 E.39939
G1 X91.517 Y105.463 E.55726
G1 X91.517 Y104.817 E.58115
G1 X95.183 Y108.483 E.77282
G1 X95.829 Y108.483 E.79672
G1 X91.517 Y104.171 E1.02218
G1 X91.517 Y103.524 E1.04608
G1 X96.476 Y108.483 E1.30534
G1 X97.122 Y108.483 E1.32924
G1 X91.517 Y102.878 E1.62229
G1 X91.517 Y102.231 E1.64619
G1 X97.769 Y108.483 E1.97304
G1 X98.415 Y108.483 E1.99694
G1 X91.517 Y101.585 E2.35759
G1 X91.517 Y100.939 E2.38148
G1 X99.061 Y108.483 E2.77593
G1 X99.708 Y108.483 E2.79982
G1 X91.517 Y100.292 E3.22806
G1 X91.517 Y99.646 E3.25196
G1 X100.354 Y108.483 E3.714
G1 X101.001 Y108.483 E3.7379
G1 X91.517 Y98.999 E4.23373
G1 X91.517 Y98.353 E4.25763
G1 X101.647 Y108.483 E4.78725
G1 X102.294 Y108.483 E4.81115
G1 X91.517 Y97.706 E5.37458
G1 X91.517 Y97.06 E5.39847
G1 X102.94 Y108.483 E5.99569
G1 X103.586 Y108.483 E6.01959
G1 X91.517 Y96.414 E6.65061
G1 X91.517 Y95.767 E6.67451
G1 X104.233 Y108.483 E7.33932
G1 X104.879 Y108.483 E7.36322
G1 X91.517 Y95.121 E8.06183
G1 X91.517 Y94.474 E8.08572
G1 X105.526 Y108.483 E8.81813
G1 X106.172 Y108.483 E8.84203
G1 X91.517 Y93.828 E9.60823
G1 X91.517 Y93.182 E9.63213
G1 X106.818 Y108.483 E10.43213
G1 X107.465 Y108.483 E10.45602
G1 X91.517 Y92.535 E11.28982
G1 X91.517 Y91.889 E11.31371
G1 X108.111 Y108.483 E12.1813
G1 X108.483 Y108.483 E12.19505
G1 X108.483 Y108.208 E12.2052
G1 X91.792 Y91.517 E13.07786
G1 X92.438 Y91.517 E13.10176
G1 X108.483 Y107.562 E13.94063
G1 X108.483 Y106.915 E13.96452
G1 X93.085 Y91.517 E14.76959
G1 X93.731 Y91.517 E14.79349
G1 X108.483 Y106.269 E15.56476
G1 X108.483 Y105.623 E15.58866
G1 X94.377 Y91.517 E16.32613
G1 X95.024 Y91.517 E16.35003
G1 X108.483 Y104.976 E17.05371
G1 X108.483 Y104.33 E17.07761
G1 X95.67 Y91.517 E17.74749
G1 X96.317 Y91.517 E17.77139
G1 X108.483 Y103.683 E18.40748
G1 X108.483 Y103.037 E18.43138
G1 X96.963 Y91.517 E19.03367
G1 X97.609 Y91.517 E19.05756
G1 X108.483 Y102.391 E19.62606
G1 X108.483 Y101.744 E19.64996
G1 X98.256 Y91.517 E20.18466
G1 X98.902 Y91.517 E20.20855
G1 X108.483 Y101.098 E20.70946
G1 X108.483 Y100.451 E20.73335
G1 X99.549 Y91.517 E21.20046
G1 X100.195 Y91.517 E21.22436
G1 X108.483 Y99.805 E21.65767
G1 X108.483 Y99.158 E21.68157
G1 X100.842 Y91.517 E22.08108
G1 X101.488 Y91.517 E22.10498
G1 X108.483 Y98.512 E22.4707
G1 X108.483 Y97.866 E22.49459
G1 X102.134 Y91.517 E22.82651
G1 X102.781 Y91.517 E22.85041
G1 X108.483 Y97.219 E23.14854
G1 X108.483 Y96.573 E23.17244
G1 X103.427 Y91.517 E23.43677
G1 X104.074 Y91.517 E23.46066
G1 X108.483 Y95.926 E23.6912
G1 X108.483 Y95.28 E23.71509
G1 X104.72 Y91.517 E23.91183
G1 X105.366 Y91.517 E23.93573
G1 X108.483 Y94.634 E24.09867
G1 X108.483 Y93.987 E24.12257
G1 X106.013 Y91.517 E24.25171
G1 X106.659 Y91.517 E24.27561
G1 X108.483 Y93.341 E24.37096
G1 X108.483 Y92.694 E24.39485
G1 X107.306 Y91.517 E24.45641
G1 X107.952 Y91.517 E24.4803
G1 X108.679 Y92.245 E24.51834
;LAYER_CHANGE
;Z:8.8
;HEIGHT:0.2
G1 Z8.8 F7800
; stop printing object cube_20x20x20_stl id:0 copy 0
; printing object cube_20x20x20_stl id:0 copy 0
G1 X108.819 Y91.181
;TYPE:Perimeter
;WIDTH:0.499999
G1 F3600
G1 X108.819 Y108.819 E25.18867
G1 X91.181 Y108.819 E25.859
G1 X91.181 Y91.181 E26.52933
G1 X108.819 Y91.181 E27.19966
G1 X109.284 Y90.716 F7800
G1 F3600
G1 X109.284 Y109.284 E27.90539
G1 X90.716 Y109.284 E28.61111
G1 X90.716 Y90.716 E29.31684
G1 X109.284 Y90.716 E30.02257
G1 X109.75 Y90.25 F7800
;TYPE:External perimeter
G1 F1800
G1 X109.75 Y109.75 E30.76369
G1 X90.25 Y109.75 E31.50481
G1 X90.25 Y90.25 E32.24594
G1 X109.75 Y90.25 E32.98706
;SEAM:109.75:90.25
;WIPE_START
G1 X109.5 Y90.683 F7800
;WIPE_END
G92 E0
G1 E-2 F2400
G1 X107.755 Y108.679 F7800
G1 E0 F2400
;TYPE:Solid infill
;WIDTH:0.486363
G1 F1800
G1 X108.483 Y107.952 E.03803
G1 X108.483 Y107.306 E.06193
G1 X107.306 Y108.483 E.12348
G1 X106.659 Y108.483 E.14738
G1 X108.483 Y106.659 E.24273
G1 X108.483 Y106.013 E.26663
G1 X106.013 Y108.483 E.39577
G1 X105.366 Y108.483 E.41967
G1 X108.483 Y105.366 E.58261
G1 X108.483 Y104.72 E.60651
G1 X104.72 Y108.483 E.80324
G1 X104.074 Y108.483 E.82714
G1 X108.483 Y104.074 E1.05767
G1 X108.483 Y103.427 E1.08157
G1 X103.427 Y108.483 E1.3459
G1 X102.781 Y108.483 E1.3698
G1 X108.483 Y102.781 E1.66792
G1 X108.483 Y102.134 E1.69182
G1 X102.134 Y108.483 E2.02374
G1 X101.488 Y108.483 E2.04764
G1 X108.483 Y101.488 E2.41336
G1 X108.483 Y100.842 E2.43726
G1 X100.842 Y108.483 E2.83677
G1 X100.195 Y108.483 E2.86067
G1 X108.483 Y100.195 E3.29398
G1 X108.483 Y99.549 E3.31788
G1 X99.549 Y108.483 E3.78498
G1 X98.902 Y108.483 E3.80888
G1 X108.483 Y98.902 E4.30978
G1 X108.483 Y98.256 E4.33368
G1 X98.256 Y108.483 E4.86838
G1 X97.609 Y108.483 E4.89228
G1 X108.483 Y97.609 E5.46077
G1 X108.483 Y96.963 E5.48467
G1 X96.963 Y108.483 E6.08696
G1 X96.317 Y108.483 E6.11086
G1 X108.483 Y96.317 E6.74695
G1 X108.483 Y95.67 E6.77084
G1 X95.67 Y108.483 E7.44073
G1 X95.024 Y108.483 E7.46462
G1 X108.483 Y95.024 E8.1683
G1 X108.483 Y94.377 E8.1922
G1 X94.377 Y108.483 E8.92968
G1 X93.731 Y108.483 E8.95358
G1 X108.483 Y93.731 E9.72485
G1 X108.483 Y93.085 E9.74875
G1 X93.085 Y108.483 E10.55381
G1 X92.438 Y108.483 E10.57771
G1 X108.483 Y92.438 E11.41658
G1 X108.483 Y91.792 E11.44047
G1 X91.792 Y108.483 E12.31313
G1 X91.517 Y108.483 E12.32329
G1 X91.517 Y108.111 E12.33703
G1 X108.111 Y91.517 E13.20462
G1 X107.465 Y91.517 E13.22852
G1 X91.517 Y107.465 E14.06231
G1 X91.517 Y106.818 E14.08621
G1 X106.818 Y91.517 E14.88621
G1 X106.172 Y91.517 E14.91011
G1 X91.517 Y106.172 E15.67631
G1 X91.517 Y105.526 E15.70021
G1 X105.526 Y91.517 E16.43261
G1 X104.879 Y91.517 E16.45651
G1 X91.517 Y104.879 E17.15512
G1 X91.517 Y104.233 E17.17902
G1 X104.233 Y91.517 E17.84383
G1 X103.586 Y91.517 E17.86773
G1 X91.517 Y103.586 E18.49874
G1 X91.517 Y102.94 E18.52264
G1 X102.94 Y91.517 E19.11986
G1 X102.294 Y91.517 E19.14376
G1 X91.517 Y102.294 E19.70718
G1 X91.517 Y101.647 E19.73108
G1 X101.647 Y91.517 E20.26071
G1 X101.001 Y91.517 E20.28461
G1 X91.517 Y101.001 E20.78044
G1 X91.517 Y100.354 E20.80434
G1 X100.354 Y91.517 E21.26637
G1 X99.708 Y91.517 E21.29027
G1 X91.517 Y99.708 E21.71851
G1 X91.517 Y99.061 E21.74241
G1 X99.061 Y91.517 E22.13685
G1 X98.415 Y91.517 E22.16075
G1 X91.517 Y98.415 E22.5214
G1 X91.517 Y97.769 E22.5453
G1 X97.769 Y91.517 E22.87215
G1 X97.122 Y91.517 E22.89605
G1 X91.517 Y97.122 E23.1891
G1 X91.517 Y96.476 E23.213
G1 X96.476 Y91.517 E23.47226
G1 X95.829 Y91.517 E23.49615
G1 X91.517 Y95.829 E23.72162
G1 X91.517 Y95.183 E23.74552
G1 X95.183 Y91.517 E23.93718
G1 X94.537 Y91.517 E23.96108
G1 X91.517 Y94.537 E24.11895
G1 X91.517 Y93.89 E24.14285
G1 X93.89 Y91.517 E24.26692
G1 X93.244 Y91.517 E24.29082
G1 X91.517 Y93.244 E24.3811
G1 X91.517 Y92.597 E24.405
G1 X92.597 Y91.517 E24.46148
G1 X91.951 Y91.517 E24.48538
G1 X91.321 Y92.148 E24.51834
;LAYER_CHANGE
;Z:9
;HEIGHT:0.2
G1 Z9 F7800
; stop printing object cube_20x20x20_stl id:0 copy 0
; printing object cube_20x20x20_stl id:0 copy 0
G1 X91.181 Y91.181
;TYPE:Perimeter
;WIDTH:0.499999
G1 F3600
G1 X108.819 Y91.181 E25.18867
G1 X108.819 Y108.819 E25.859
G1 X91.181 Y108.819 E26.52933
G1 X91.181 Y91.181 E27.19966
G1 X90.716 Y90.716 F7800
G1 F3600
G1 X109.284 Y90.716 E27.90539
G1 X109.284 Y109.284 E28.61111
G1 X90.716 Y109.284 E29.31684
G1 X90.716 Y90.716 E30.02257
G1 X90.25 Y90.25 F7800
;TYPE:External perimeter
G1 F1800
G1 X109.75 Y90.25 E30.76369
G1 X109.75 Y109.75 E31.50481
G1 X90.25 Y109.75 E32.24594
G1 X90.25 Y90.25 E32.98706
;SEAM:90.25:90.25
;WIPE_START
G1 X90.683 Y90.5 F7800
;WIPE_END
G92 E0
G1 E-2 F2400
G1 X108.679 Y92.245 F7800
G1 E0 F2400
;TYPE:Solid infill
;WIDTH:0.486363
G1 F1800
G1 X107.952 Y91.517 E.03803
G1 X107.306 Y91.517 E.06193
G1 X108.483 Y92.694 E.12348
G1 X108.483 Y93.341 E.14738
G1 X106.659 Y91.517 E.24273
G1 X106.013 Y91.517 E.26663
G1 X108.483 Y93.987 E.39577
G1 X108.483 Y94.634 E.41967
G1 X105.366 Y91.517 E.58261
G1 X104.72 Y91.517 E.60651
G1 X108.483 Y95.28 E.80324
G1 X108.483 Y95.926 E.82714
G1 X104.074 Y91.517 E1.05767
G1 X103.427 Y91.517 E1.08157
G1 X108.483 Y96.573 E1.3459
G1 X108.483 Y97.219 E1.3698
G1 X102.781 Y91.517 E1.66792
G1 X102.134 Y91.517 E1.69182
G1 X108.483 Y97.866 E2.02374
G1 X108.483 Y98.512 E2.04764
G1 X101.488 Y91.517 E2.41336
G1 X100.842 Y91.517 E2.43726
G1 X108.483 Y99.158 E2.83677
G1 X108.483 Y99.805 E2.86067
G1 X100.195 Y91.517 E3.29398
G1 X99.549 Y91.517 E3.31788
G1 X108.483 Y100.451 E3.78498
G1 X108.483 Y101.098 E3.80888
G1 X98.902 Y91.517 E4.30978
G1 X98.256 Y91.517 E4.33368
G1 X108.483 Y101.744 E4.86838
G1 X108.483 Y102.391 E4.89228
G1 X97.609 Y91.517 E5.46077
G1 X96.963 Y91.517 E5.48467
G1 X108.483 Y103.037 E6.08696
G1 X108.483 Y103.683 E6.11086
G1 X96.317 Y91.517 E6.74695
G1 X95.67 Y91.517 E6.77084
G1 X108.483 Y104.33 E7.44073
G1 X108.483 Y104.976 E7.46463
G1 X95.024 Y91.517 E8.16831
G1 X94.377 Y91.517 E8.1922
G1 X108.483 Y105.623 E8.92968
G1 X108.483 Y106.269 E8.95358
G1 X93.731 Y91.517 E9.72485
G1 X93.085 Y91.517 E9.74875
G1 X108.483 Y106.915 E10.55381
G1 X108.483 Y107.562 E10.57771
G1 X92.438 Y91.517 E11.41658
G1 X91.792 Y91.517 E11.44047
G1 X108.483 Y108.208 E12.31313
G1 X108.483 Y108.483 E12.32329
G1 X108.111 Y108.483 E12.33703
G1 X91.517 Y91.889 E13.20462
G1 X91.517 Y92.535 E13.22852
G1 X107.465 Y108.483 E14.06231
G1 X106.818 Y108.483 E14.08621
G1 X91.517 Y93.182 E14.88621
G1 X91.517 Y93.828 E14.91011
G1 X106.172 Y108.483 E15.67631
G1 X105.526 Y108.483 E15.70021
G1 X91.517 Y94.474 E16.43261
G1 X91.517 Y95.121 E16.45651
G1 X104.879 Y108.483 E17.15512
G1 X104.233 Y108.483 E17.17902
G1 X91.517 Y95.767 E17.84383
G1 X91.517 Y96.414 E17.86773
G1 X103.586 Y108.483 E18.49874
G1 X102.94 Y108.483 E18.52264
G1 X91.517 Y97.06 E19.11986
G1 X91.517 Y97.706 E19.14376
G1 X102.294 Y108.483 E19.70719
G1 X101.647 Y108.483 E19.73108
G1 X91.517 Y98.353 E20.26071
G1 X91.517 Y98.999 E20.28461
G1 X101.001 Y108.483 E20.78044
G1 X100.354 Y108.483 E20.80434
G1 X91.517 Y99.646 E21.26638
G1 X91.517 Y100.292 E21.29027
G1 X99.708 Y108.483 E21.71851
G1 X99.061 Y108.483 E21.74241
G1 X91.517 Y100.939 E22.13685
G1 X91.517 Y101.585 E22.16075
G1 X98.415 Y108.483 E22.5214
G1 X97.769 Y108.483 E22.5453
G1 X91.517 Y102.231 E22.87215
G1 X91.517 Y102.878 E22.89605
G1 X97.122 Y108.483 E23.1891
G1 X96.476 Y108.483 E23.213
G1 X91.517 Y103.524 E23.47226
G1 X91.517 Y104.171 E23.49616
G1 X95.829 Y108.483 E23.72162
G1 X95.183 Y108.483 E23.74552
G1 X91.517 Y104.817 E23.93718
G1 X91.517 Y105.463 E23.96108
G1 X94.537 Y108.483 E24.11895
G1 X93.89 Y108.483 E24.14285
G1 X91.517 Y106.11 E24.26692
G1 X91.517 Y106.756 E24.29082
G1 X93.244 Y108.483 E24.3811
G1 X92.597 Y108.483 E24.405
G1 X91.517 Y107.403 E24.46148
G1 X91.517 Y108.049 E24.48538
G1 X92.148 Y108.679 E24.51834
;LAYER_CHANGE
;Z:9.2
;HEIGHT:0.2
G1 Z9.2 F7800
; stop printing object cube_20x20x20_stl id:0 copy 0
; printing object cube_20x20x20_stl id:0 copy 0
G1 X91.181 Y108.819
;TYPE:Perimeter
;WIDTH:0.499999
G1 F3600
G1 X91.181 Y91.181 E25.18867
G1 X108.819 Y91.181 E25.859
G1 X108.819 Y108.819 E26.52933
G1 X91.181 Y108.819 E27.19966
G1 X90.716 Y109.284 F7800
G1 F3600
G1 X90.716 Y90.716 E27.90539
G1 X109.284 Y90.716 E28.61111
G1 X109.284 Y109.284 E29.31684
G1 X90.716 Y109.284 E30.02257
G1 X90.25 Y109.75 F7800
;TYPE:External perimeter
G1 F1800
G1 X90.25 Y90.25 E30.76369
G1 X109.75 Y90.25 E31.50481
G1 X109.75 Y109.75 E32.24594
G1 X90.25 Y109.75 E32.98706
;SEAM:90.25:109.75
;WIPE_START
G1 X90.5 Y109.317 F7800
;WIPE_END
G92 E0
G1 E-2 F2400
G1 X91.321 Y92.148 F7800
G1 E0 F2400
;TYPE:Solid infill
;WIDTH:0.486363
G1 F1800
G1 X91.951 Y91.517 E.03296
G1 X92.597 Y91.517 E.05686
G1 X91.517 Y92.597 E.11334
G1 X91.517 Y93.244 E.13724
G1 X93.244 Y91.517 E.22752
G1 X93.89 Y91.517 E.25141
G1 X91.517 Y93.89 E.37549
G1 X91.517 Y94.537 E.39939
G1 X94.537 Y91.517 E.55726
G1 X95.183 Y91.517 E.58116
G1 X91.517 Y95.183 E.77282
G1 X91.517 Y95.829 E.79672
G1 X95.829 Y91.517 E1.02218
G1 X96.476 Y91.517 E1.04608
G1 X91.517 Y96.476 E1.30534
G1 X91.517 Y97.122 E1.32924
G1 X97.122 Y91.517 E1.62229
G1 X97.769 Y91.517 E1.64619
G1 X91.517 Y97.769 E1.97304
G1 X91.517 Y98.415 E1.99694
G1 X98.415 Y91.517 E2.35759
G1 X99.061 Y91.517 E2.38148
G1 X91.517 Y99.061 E2.77593
G1 X91.517 Y99.708 E2.79983
G1 X99.708 Y91.517 E3.22807
G1 X100.354 Y91.517 E3.25196
G1 X91.517 Y100.354 E3.714
G1 X91.517 Y101.001 E3.7379
G1 X101.001 Y91.517 E4.23373
G1 X101.647 Y91.517 E4.25763
G1 X91.517 Y101.647 E4.78726
G1 X91.517 Y102.294 E4.81115
G1 X102.294 Y91.517 E5.37458
G1 X102.94 Y91.517 E5.39847
G1 X91.517 Y102.94 E5.9957
G1 X91.517 Y103.586 E6.01959
G1 X103.586 Y91.517 E6.65061
G1 X104.233 Y91.517 E6.67451
G1 X91.517 Y104.233 E7.33932
G1 X91.517 Y104.879 E7.36322
G1 X104.879 Y91.517 E8.06183
G1 X105.526 Y91.517 E8.08573
G1 X91.517 Y105.526 E8.81813
G1 X91.517 Y106.172 E8.84203
G1 X106.172 Y91.517 E9.60823
G1 X106.818 Y91.517 E9.63213
G1 X91.517 Y106.818 E10.43213
G1 X91.517 Y107.465 E10.45602
G1 X107.465 Y91.517 E11.28982
G1 X108.111 Y91.517 E11.31372
G1 X91.517 Y108.111 E12.18131
G1 X91.517 Y108.483 E12.19505
G1 X91.792 Y108.483 E12.2052
G1 X108.483 Y91.792 E13.07786
G1 X108.483 Y92.438 E13.10176
G1 X92.438 Y108.483 E13.94063
G1 X93.085 Y108.483 E13.96452
G1 X108.483 Y93.085 E14.76959
G1 X108.483 Y93.731 E14.79349
G1 X93.731 Y108.483 E15.56476
G1 X94.377 Y108.483 E15.58866
G1 X108.483 Y94.377 E16.32614
G1 X108.483 Y95.024 E16.35003
G1 X95.024 Y108.483 E17.05371
G1 X95.67 Y108.483 E17.07761
G1 X108.483 Y95.67 E17.74749
G1 X108.483 Y96.317 E17.77139
G1 X96.317 Y108.483 E18.40748
G1 X96.963 Y108.483 E18.43138
G1 X108.483 Y96.963 E19.03367
G1 X108.483 Y97.609 E19.05756
G1 X97.609 Y108.483 E19.62606
G1 X98.256 Y108.483 E19.64996
G1 X108.483 Y98.256 E20.18466
G1 X108.483 Y98.902 E20.20855
G1 X98.902 Y108.483 E20.70946
G1 X99.549 Y108.483 E20.73335
G1 X108.483 Y99.549 E21.20046
G1 X108.483 Y100.195 E21.22436
G1 X100.195 Y108.483 E21.65767
G1 X100.842 Y108.483 E21.68157
G1 X108.483 Y100.842 E22.08108
G1 X108.483 Y101.488 E22.10498
G1 X101.488 Y108.483 E22.4707
G1 X102.134 Y108.483 E22.49459
G1 X108.483 Y102.134 E22.82651
G1 X108.483 Y102.781 E22.85041
G1 X102.781 Y108.483 E23.14854
G1 X103.427 Y108.483 E23.17244
G1 X108.483 Y103.427 E23.43676
G1 X108.483 Y104.074 E23.46066
G1 X104.074 Y108.483 E23.6912
G1 X104.72 Y108.483 E23.71509
G1 X108.483 Y104.72 E23.91183
G1 X108.483 Y105.366 E23.93573
G1 X105.366 Y108.483 E24.09867
G1 X106.013 Y108.483 E24.12257
G1 X108.483 Y106.013 E24.25171
G1 X108.483 Y106.659 E24.27561
G1 X106.659 Y108.483 E24.37096
G1 X107.306 Y108.483 E24.39485
G1 X108.483 Y107.306 E24.45641
G1 X108.483 Y107.952 E24.4803
G1 X107.755 Y108.679 E24.51834
;LAYER_CHANGE
;Z:9.4
;HEIGHT:0.2
G1 Z9.4 F7800
; stop printing object cube_20x20x20_stl id:0 copy 0
; printing object cube_20x20x20_stl id:0 copy 0
G1 X108.819 Y108.819
;TYPE:Perimeter
;WIDTH:0.499999
G1 F3600
G1 X91.181 Y108.819 E25.18867
G1 X91.181 Y91.181 E25.859
G1 X108.819 Y91.181 E26.52933
G1 X108.819 Y108.819 E27.19966
G1 X109.284 Y109.284 F7800
G1 F3600
G1 X90.716 Y109.284 E27.90539
G1 X90.716 Y90.716 E28.61111
G1 X109.284 Y90.716 E29.31684
G1 X109.284 Y109.284 E30.02257
G1 X109.75 Y109.75 F7800
;TYPE:External perimeter
G1 F1800
G1 X90.25 Y109.75 E30.76369
G1 X90.25 Y90.25 E31.50481
G1 X109.75 Y90.25 E32.24594
G1 X109.75 Y109.75 E32.98706
;SEAM:109.75:109.75
;WIPE_START
G1 X109.317 Y109.5 F7800
;WIPE_END
G92 E0
G1 E-2 F2400
G1 X92.148 Y108.679 F7800
G1 E0 F2400
;TYPE:Solid infill
;WIDTH:0.486363
G1 F1800
G1 X91.517 Y108.049 E.03296
G1 X91.517 Y107.403 E.05686
G1 X92.597 Y108.483 E.11334
G1 X93.244 Y108.483 E.13724
G1 X91.517 Y106.756 E.22752
G1 X91.517 Y106.11 E.25141
G1 X93.89 Y108.483 E.37549
G1 X94.537 Y108.483 E.39939
G1 X91.517 Y105.463 E.55726
G1 X91.517 Y104.817 E.58115
G1 X95.183 Y108.483 E.77282
G1 X95.829 Y108.483 E.79672
G1 X91.517 Y104.171 E1.02218
G1 X91.517 Y103.524 E1.04608
G1 X96.476 Y108.483 E1.30534
G1 X97.122 Y108.483 E1.32924
G1 X91.517 Y102.878 E1.62229
G1 X91.517 Y102.231 E1.64619
G1 X97.769 Y108.483 E1.97304
G1 X98.415 Y108.483 E1.99694
G1 X91.517 Y101.585 E2.35759
G1 X91.517 Y100.939 E2.38148
G1 X99.061 Y108.483 E2.77593
G1 X99.708 Y108.483 E2.79982
G1 X91.517 Y100.292 E3.22806
G1 X91.517 Y99.646 E3.25196
G1 X100.354 Y108.483 E3.714
G1 X101.001 Y108.483 E3.7379
G1 X91.517 Y98.999 E4.23373
G1 X91.517 Y98.353 E4.25763
G1 X101.647 Y108.483 E4.78725
G1 X102.294 Y108.483 E4.81115
G1 X91.517 Y97.706 E5.37458
G1 X91.517 Y97.06 E5.39847
G1 X102.94 Y108.483 E5.99569
G1 X103.586 Y108.483 E6.01959
G1 X91.517 Y96.414 E6.65061
G1 X91.517 Y95.767 E6.67451
G1 X104.233 Y108.483 E7.33932
G1 X104.879 Y108.483 E7.36322
G1 X91.517 Y95.121 E8.06183
G1 X91.517 Y94.474 E8.08572
G1 X105.526 Y108.483 E8.81813
G1 X106.172 Y108.483 E8.84203
G1 X91.517 Y93.828 E9.60823
G1 X91.517 Y93.182 E9.63213
G1 X106.818 Y108.483 E10.43213
G1 X107.465 Y108.483 E10.45602
G1 X91.517 Y92.535 E11.28982
G1 X91.517 Y91.889 E11.31371
G1 X108.111 Y108.483 E12.1813
G1 X108.483 Y108.483 E12.19505
G1 X108.483 Y108.208 E12.2052
G1 X91.792 Y91.517 E13.07786
G1 X92.438 Y91.517 E13.10176
G1 X108.483 Y107.562 E13.94063
G1 X108.483 Y106.915 E13.96452
G1 X93.085 Y91.517 E14.76959
G1 X93.731 Y91.517 E14.79349
G1 X108.483 Y106.269 E15.56476
G1 X108.483 Y105.623 E15.58866
G1 X94.377 Y91.517 E16.32613
G1 X95.024 Y91.517 E16.35003
G1 X108.483 Y104.976 E17.05371
G1 X108.483 Y104.33 E17.07761
G1 X95.67 Y91.517 E17.74749
G1 X96.317 Y91.517 E17.77139
G1 X108.483 Y103.683 E18.40748
G1 X108.483 Y103.037 E18.43138
G1 X96.963 Y91.517 E19.03367
G1 X97.609 Y91.517 E19.05756
G1 X108.483 Y102.391 E19.62606
G1 X108.483 Y101.744 E19.64996
G1 X98.256 Y91.517 E20.18466
G1 X98.902 Y91.517 E20.20855
G1 X108.483 Y101.098 E20.70946
G1 X108.483 Y100.451 E20.73335
G1 X99.549 Y91.517 E21.20046
G1 X100.195 Y91.517 E21.22436
G1 X108.483 Y99.805 E21.65767
G1 X108.483 Y99.158 E21.68157
G1 X100.842 Y91.517 E22.08108
G1 X101.488 Y91.517 E22.10498
G1 X108.483 Y98.512 E22.4707
G1 X108.483 Y97.866 E22.49459
G1 X102.134 Y91.517 E22.82651
G1 X102.781 Y91.517 E22.85041
G1 X108.483 Y97.219 E23.14854
G1 X108.483 Y96.573 E23.17244
G1 X103.427 Y91.517 E23.43677
G1 X104.074 Y91.517 E23.46066
G1 X108.483 Y95.926 E23.6912
G1 X108.483 Y95.28 E23.71509
G1 X104.72 Y91.517 E23.91183
G1 X105.366 Y91.517 E23.93573
G1 X108.483 Y94.634 E24.09867
G1 X108.483 Y93.987 E24.12257
G1 X106.013 Y91.517 E24.25171
G1 X106.659 Y91.517 E24.27561
G1 X108.483 Y93.341 E24.37096
G1 X108.483 Y92.694 E24.39485
G1 X107.306 Y91.517 E24.45641
G1 X107.952 Y91.517 E24.4803
G1 X108.679 Y92.245 E24.51834
;LAYER_CHANGE
;Z:9.6
;HEIGHT:0.2
G1 Z9.6 F7800
; stop printing object cube_20x20x20_stl id:0 copy 0
; printing object cube_20x20x20_stl id:0 copy 0
G1 X108.819 Y91.181
;TYPE:Perimeter
;WIDTH:0.499999
G1 F3600
G1 X108.819 Y108.819 E25.18867
G1 X91.181 Y108.819 E25.859
G1 X91.181 Y91.181 E26.52933
G1 X108.819 Y91.181 E27.19966
G1 X109.284 Y90.716 F7800
G1 F3600
G1 X109.284 Y109.284 E27.90539
G1 X90.716 Y109.284 E28.61111
G1 X90.716 Y90.716 E29.31684
G1 X109.284 Y90.716 E30.02257
G1 X109.75 Y90.25 F7800
;TYPE:External perimeter
G1 F1800
G1 X109.75 Y109.75 E30.76369
G1 X90.25 Y109.75 E31.50481
G1 X90.25 Y90.25 E32.24594
G1 X109.75 Y90.25 E32.98706
;SEAM:109.75:90.25
;WIPE_START
G1 X109.5 Y90.683 F7800
;WIPE_END
G92 E0
G1 E-2 F2400
G1 X107.755 Y108.679 F7800
G1 E0 F2400
;TYPE:Solid infill
;WIDTH:0.486363
G1 F1800
G1 X108.483 Y107.952 E.03803
G1 X108.483 Y107.306 E.06193
G1 X107.306 Y108.483 E.12348
G1 X106.659 Y108.483 E.14738
G1 X108.483 Y106.659 E.24273
G1 X108.483 Y106.013 E.26663
G1 X106.013 Y108.483 E.39577
G1 X105.366 Y108.483 E.41967
G1 X108.483 Y105.366 E.58261
G1 X108.483 Y104.72 E.60651
G1 X104.72 Y108.483 E.80324
G1 X104.074 Y108.483 E.82714
G1 X108.483 Y104.074 E1.05767
G1 X108.483 Y103.427 E1.08157
G1 X103.427 Y108.483 E1.3459
G1 X102.781 Y108.483 E1.3698
G1 X108.483 Y102.781 E1.66792
G1 X108.483 Y102.134 E1.69182
G1 X102.134 Y108.483 E2.02374
G1 X101.488 Y108.483 E2.04764
G1 X108.483 Y101.488 E2.41336
G1 X108.483 Y100.842 E2.43726
G1 X100.842 Y108.483 E2.83677
G1 X100.195 Y108.483 E2.86067
G1 X108.483 Y100.195 E3.29398
G1 X108.483 Y99.549 E3.31788
G1 X99.549 Y108.483 E3.78498
G1 X98.902 Y108.483 E3.80888
G1 X108.483 Y98.902 E4.30978
G1 X108.483 Y98.256 E4.33368
G1 X98.256 Y108.483 E4.86838
G1 X97.609 Y108.483 E4.89228
G1 X108.483 Y97.609 E5.46077
G1 X108.483 Y96.963 E5.48467
G1 X96.963 Y108.483 E6.08696
G1 X96.317 Y108.483 E6.11086
G1 X108.483 Y96.317 E6.74695
G1 X108.483 Y95.67 E6.77084
G1 X95.67 Y108.483 E7.44073
G1 X95.024 Y108.483 E7.46462
G1 X108.483 Y95.024 E8.1683
G1 X108.483 Y94.377 E8.1922
G1 X94.377 Y108.483 E8.92968
G1 X93.731 Y108.483 E8.95358
G1 X108.483 Y93.731 E9.72485
G1 X108.483 Y93.085 E9.74875
G1 X93.085 Y108.483 E10.55381
G1 X92.438 Y108.483 E10.57771
G1 X108.483 Y92.438 E11.41658
G1 X108.483 Y91.792 E11.44047
G1 X91.792 Y108.483 E12.31313
G1 X91.517 Y108.483 E12.32329
G1 X91.517 Y108.111 E12.33703
G1 X108.111 Y91.517 E13.20462
G1 X107.465 Y91.517 E13.22852
G1 X91.517 Y107.465 E14.06231
G1 X91.517 Y106.818 E14.08621
G1 X106.818 Y91.517 E14.88621
G1 X106.172 Y91.517 E14.91011
G1 X91.517 Y106.172 E15.67631
G1 X91.517 Y105.526 E15.70021
G1 X105.526 Y91.517 E16.43261
G1 X104.879 Y91.517 E16.45651
G1 X91.517 Y104.879 E17.15512
G1 X91.517 Y104.233 E17.17902
G1 X104.233 Y91.517 E17.84383
G1 X103.586 Y91.517 E17.86773
G1 X91.517 Y103.586 E18.49874
G1 X91.517 Y102.94 E18.52264
G1 X102.94 Y91.517 E19.11986
G1 X102.294 Y91.517 E19.14376
G1 X91.517 Y102.294 E19.70718
G1 X91.517 Y101.647 E19.73108
G1 X101.647 Y91.517 E20.26071
G1 X101.001 Y91.517 E20.28461
G1 X91.517 Y101.001 E20.78044
G1 X91.517 Y100.354 E20.80434
G1 X100.354 Y91.517 E21.26637
G1 X99.708 Y91.517 E21.29027
G1 X91.517 Y99.708 E21.71851
G1 X91.517 Y99.061 E21.74241
G1 X99.061 Y91.517 E22.13685
G1 X98.415 Y91.517 E22.16075
G1 X91.517 Y98.415 E22.5214
G1 X91.517 Y97.769 E22.5453
G1 X97.769 Y91.517 E22.87215
G1 X97.122 Y91.517 E22.89605
G1 X91.517 Y97.122 E23.1891
G1 X91.517 Y96.476 E23.213
G1 X96.476 Y91.517 E23.47226
G1 X95.829 Y91.517 E23.49615
G1 X91.517 Y95.829 E23.72162
G1 X91.517 Y95.183 E23.74552
G1 X95.183 Y91.517 E23.93718
G1 X94.537 Y91.517 E23.96108
G1 X91.517 Y94.537 E24.11895
G1 X91.517 Y93.89 E24.14285
G1 X93.89 Y91.517 E24.26692
G1 X93.244 Y91.517 E24.29082
G1 X91.517 Y93.244 E24.3811
G1 X91.517 Y92.597 E24.405
G1 X92.597 Y91.517 E24.46148
G1 X91.951 Y91.517 E24.48538
G1 X91.321 Y92.148 E24.51834
;LAYER_CHANGE
;Z:9.8
;HEIGHT:0.2
G1 Z9.8 F7800
; stop printing object cube_20x20x20_stl id:0 copy 0
; printing object cube_20x20x20_stl id:0 copy 0
G1 X91.181 Y91.181
;TYPE:Perimeter
;WIDTH:0.499999
G1 F3600
G1 X108.819 Y91.181 E25.18867
G1 X108.819 Y108.819 E25.859
G1 X91.181 Y108.819 E26.52933
G1 X91.181 Y91.181 E27.19966
G1 X90.716 Y90.716 F7800
G1 F3600
G1 X109.284 Y90.716 E27.90539
G1 X109.284 Y109.284 E28.61111
G1 X90.716 Y109.284 E29.31684
G1 X90.716 Y90.716 E30.02257
G1 X90.25 Y90.25 F7800
;TYPE:External perimeter
G1 F1800
G1 X109.75 Y90.25 E30.76369
G1 X109.75 Y109.75 E31.50481
G1 X90.25 Y109.75 E32.24594
G1 X90.25 Y90.25 E32.98706
;SEAM:90.25:90.25
;WIPE_START
G1 X90.683 Y90.5 F7800
;WIPE_END
G92 E0
G1 E-2 F2400
G1 X108.679 Y92.245 F7800
G1 E0 F2400
;TYPE:Solid infill
;WIDTH:0.486363
G1 F1800
G1 X107.952 Y91.517 E.03803
G1 X107.306 Y91.517 E.06193
G1 X108.483 Y92.694 E.12348
G1 X108.483 Y93.341 E.14738
G1 X106.659 Y91.517 E.24273
G1 X106.013 Y91.517 E.26663
G1 X108.483 Y93.987 E.39577
G1 X108.483 Y94.634 E.41967
G1 X105.366 Y91.517 E.58261
G1 X104.72 Y91.517 E.60651
G1 X108.483 Y95.28 E.80324
G1 X108.483 Y95.926 E.82714
G1 X104.074 Y91.517 E1.05767
G1 X103.427 Y91.517 E1.08157
G1 X108.483 Y96.573 E1.3459
G1 X108.483 Y97.219 E1.3698
G1 X102.781 Y91.517 E1.66792
G1 X102.134 Y91.517 E1.69182
G1 X108.483 Y97.866 E2.02374
G1 X108.483 Y98.512 E2.04764
G1 X101.488 Y91.517 E2.41336
G1 X100.842 Y91.517 E2.43726
G1 X108.483 Y99.158 E2.83677
G1 X108.483 Y99.805 E2.86067
G1 X100.195 Y91.517 E3.29398
G1 X99.549 Y91.517 E3.31788
G1 X108.483 Y100.451 E3.78498
G1 X108.483 Y101.098 E3.80888
G1 X98.902 Y91.517 E4.30978
G1 X98.256 Y91.517 E4.33368
G1 X108.483 Y101.744 E4.86838
G1 X108.483 Y102.391 E4.89228
G1 X97.609 Y91.517 E5.46077
G1 X96.963 Y91.517 E5.48467
G1 X108.483 Y103.037 E6.08696
G1 X108.483 Y103.683 E6.11086
G1 X96.317 Y91.517 E6.74695
G1 X95.67 Y91.517 E6.77084
G1 X108.483 Y104.33 E7.44073
G1 X108.483 Y104.976 E7.46463
G1 X95.024 Y91.517 E8.16831
G1 X94.377 Y91.517 E8.1922
G1 X108.483 Y105.623 E8.92968
G1 X108.483 Y106.269 E8.95358
G1 X93.731 Y91.517 E9.72485
G1 X93.085 Y91.517 E9.74875
G1 X108.483 Y106.915 E10.55381
G1 X108.483 Y107.562 E10.57771
G1 X92.438 Y91.517 E11.41658
G1 X91.792 Y91.517 E11.44047
G1 X108.483 Y108.208 E12.31313
G1 X108.483 Y108.483 E12.32329
G1 X108.111 Y108.483 E12.33703
G1 X91.517 Y91.889 E13.20462
G1 X91.517 Y92.535 E13.22852
G1 X107.465 Y108.483 E14.06231
G1 X106.818 Y108.483 E14.08621
G1 X91.517 Y93.182 E14.88621
G1 X91.517 Y93.828 E14.91011
G1 X106.172 Y108.483 E15.67631
G1 X105.526 Y108.483 E15.70021
G1 X91.517 Y94.474 E16.43261
G1 X91.517 Y95.121 E16.45651
G1 X104.879 Y108.483 E17.15512
G1 X104.233 Y108.483 E17.17902
G1 X91.517 Y95.767 E17.84383
G1 X91.517 Y96.414 E17.86773
G1 X103.586 Y108.483 E18.49874
G1 X102.94 Y108.483 E18.52264
G1 X91.517 Y97.06 E19.11986
G1 X91.517 Y97.706 E19.14376
G1 X102.294 Y108.483 E19.70719
G1 X101.647 Y108.483 E19.73108
G1 X91.517 Y98.353 E20.26071
G1 X91.517 Y98.999 E20.28461
G1 X101.001 Y108.483 E20.78044
G1 X100.354 Y108.483 E20.80434
G1 X91.517 Y99.646 E21.26638
G1 X91.517 Y100.292 E21.29027
G1 X99.708 Y108.483 E21.71851
G1 X99.061 Y108.483 E21.74241
G1 X91.517 Y100.939 E22.13685
G1 X91.517 Y101.585 E22.16075
G1 X98.415 Y108.483 E22.5214
G1 X97.769 Y108.483 E22.5453
G1 X91.517 Y102.231 E22.87215
G1 X91.517 Y102.878 E22.89605
G1 X97.122 Y108.483 E23.1891
G1 X96.476 Y108.483 E23.213
G1 X91.517 Y103.524 E23.47226
G1 X91.517 Y104.171 E23.49616
G1 X95.829 Y108.483 E23.72162
G1 X95.183 Y108.483 E23.74552
G1 X91.517 Y104.817 E23.93718
G1 X91.517 Y105.463 E23.96108
G1 X94.537 Y108.483 E24.11895
G1 X93.89 Y108.483 E24.14285
G1 X91.517 Y106.11 E24.26692
G1 X91.517 Y106.756 E24.29082
G1 X93.244 Y108.483 E24.3811
G1 X92.597 Y108.483 E24.405
G1 X91.517 Y107.403 E24.46148
G1 X91.517 Y108.049 E24.48538
G1 X92.148 Y108.679 E24.51834
;LAYER_CHANGE
;Z:10
;HEIGHT:0.2
G1 Z10 F7800
; stop printing object cube_20x20x20_stl id:0 copy 0
; printing object cube_20x20x20_stl id:0 copy 0
G1 X91.181 Y108.819
;TYPE:Perimeter
;WIDTH:0.499999
G1 F3600
G1 X91.181 Y91.181 E25.18867
G1 X108.819 Y91.181 E25.859
G1 X108.819 Y108.819 E26.52933
G1 X91.181 Y108.819 E27.19966
G1 X90.716 Y109.284 F7800
G1 F3600
G1 X90.716 Y90.716 E27.90539
G1 X109.284 Y90.716 E28.61111
G1 X109.284 Y109.284 E29.31684
G1 X90.716 Y109.284 E30.02257
G1 X90.25 Y109.75 F7800
;TYPE:External perimeter
G1 F1800
G1 X90.25 Y90.25 E30.76369
G1 X109.75 Y90.25 E31.50481
G1 X109.75 Y109.75 E32.24594
G1 X90.25 Y109.75 E32.98706
;SEAM:90.25:109.75
;WIPE_START
G1 X90.5 Y109.317 F7800
;WIPE_END
G92 E0
G1 E-2 F2400
G1 X91.321 Y92.148 F7800
G1 E0 F2400
;TYPE:Solid infill
;WIDTH:0.486363
G1 F1800
G1 X91.951 Y91.517 E.03296
G1 X92.597 Y91.517 E.05686
G1 X91.517 Y92.597 E.11334
G1 X91.517 Y93.244 E.13724
G1 X93.244 Y91.517 E.22752
G1 X93.89 Y91.517 E.25141
G1 X91.517 Y93.89 E.37549
G1 X91.517 Y94.537 E.39939
G1 X94.537 Y91.517 E.55726
G1 X95.183 Y91.517 E.58116
G1 X91.517 Y95.183 E.77282
G1 X91.517 Y95.829 E.79672
G1 X95.829 Y91.517 E1.02218
G1 X96.476 Y91.517 E1.04608
G1 X91.517 Y96.476 E1.30534
G1 X91.517 Y97.122 E1.32924
G1 X97.122 Y91.517 E1.62229
G1 X97.769 Y91.517 E1.64619
G1 X91.517 Y97.769 E1.97304
G1 X91.517 Y98.415 E1.99694
G1 X98.415 Y91.517 E2.35759
G1 X99.061 Y91.517 E2.38148
G1 X91.517 Y99.061 E2.77593
G1 X91.517 Y99.708 E2.79983
G1 X99.708 Y91.517 E3.22807
G1 X100.354 Y91.517 E3.25196
G1 X91.517 Y100.354 E3.714
G1 X91.517 Y101.001 E3.7379
G1 X101.001 Y91.517 E4.23373
G1 X101.647 Y91.517 E4.25763
G1 X91.517 Y101.647 E4.78726
G1 X91.517 Y102.294 E4.81115
G1 X102.294 Y91.517 E5.37458
G1 X102.94 Y91.517 E5.39847
G1 X91.517 Y102.94 E5.9957
G1 X91.517 Y103.586 E6.01959
G1 X103.586 Y91.517 E6.65061
G1 X104.233 Y91.517 E6.67451
G1 X91.517 Y104.233 E7.33932
G1 X91.517 Y104.879 E7.36322
G1 X104.879 Y91.517 E8.06183
G1 X105.526 Y91.517 E8.08573
G1 X91.517 Y105.526 E8.81813
G1 X91.517 Y106.172 E8.84203
G1 X106.172 Y91.517 E9.60823
G1 X106.818 Y91.517 E9.63213
G1 X91.517 Y106.818 E10.43213
G1 X91.517 Y107.465 E10.45602
G1 X107.465 Y91.517 E11.28982
G1 X108.111 Y91.517 E11.31372
G1 X91.517 Y108.111 E12.18131
G1 X91.517 Y108.483 E12.19505
G1 X91.792 Y108.483 E12.2052
G1 X108.483 Y91.792 E13.07786
G1 X108.483 Y92.438 E13.10176
G1 X92.438 Y108.483 E13.94063
G1 X93.085 Y108.483 E13.96452
G1 X108.483 Y93.085 E14.76959
G1 X108.483 Y93.731 E14.79349
G1 X93.731 Y108.483 E15.56476
G1 X94.377 Y108.483 E15.58866
G1 X108.483 Y94.377 E16.32614
G1 X108.483 Y95.024 E16.35003
G1 X95.024 Y108.483 E17.05371
G1 X95.67 Y108.483 E17.07761
G1 X108.483 Y95.67 E17.74749
G1 X108.483 Y96.317 E17.77139
G1 X96.317 Y108.483 E18.40748
G1 X96.963 Y108.483 E18.43138
G1 X108.483 Y96.963 E19.03367
G1 X108.483 Y97.609 E19.05756
G1 X97.609 Y108.483 E19.62606
G1 X98.256 Y108.483 E19.64996
G1 X108.483 Y98.256 E20.18466
G1 X108.483 Y98.902 E20.20855
G1 X98.902 Y108.483 E20.70946
G1 X99.549 Y108.483 E20.73335
G1 X108.483 Y99.549 E21.20046
G1 X108.483 Y100.195 E21.22436
G1 X100.195 Y108.483 E21.65767
G1 X100.842 Y108.483 E21.68157
G1 X108.483 Y100.842 E22.08108
G1 X108.483 Y101.488 E22.10498
G1 X101.488 Y108.483 E22.4707
G1 X102.134 Y108.483 E22.49459
G1 X108.483 Y102.134 E22.82651
G1 X108.483 Y102.781 E22.85041
G1 X102.781 Y108.483 E23.14854
G1 X103.427 Y108.483 E23.17244
G1 X108.483 Y103.427 E23.43676
G1 X108.483 Y104.074 E23.46066
G1 X104.074 Y108.483 E23.6912
G1 X104.72 Y108.483 E23.71509
G1 X108.483 Y104.72 E23.91183
G1 X108.483 Y105.366 E23.93573
G1 X105.366 Y108.483 E24.09867
G1 X106.013 Y108.483 E24.12257
G1 X108.483 Y106.013 E24.25171
G1 X108.483 Y106.659 E24.27561
G1 X106.659 Y108.483 E24.37096
G1 X107.306 Y108.483 E24.39485
G1 X108.483 Y107.306 E24.45641
G1 X108.483 Y107.952 E24.4803
G1 X107.755 Y108.679 E24.51834
;LAYER_CHANGE
;Z:10.2
;HEIGHT:0.2
G1 Z10.2 F7800
; stop printing object cube_20x20x20_stl id:0 copy 0
; printing object cube_20x20x20_stl id:0 copy 0
G1 X108.819 Y108.819
;TYPE:Perimeter
;WIDTH:0.499999
G1 F3600
G1 X91.181 Y108.819 E25.18867
G1 X91.181 Y91.181 E25.859
G1 X108.819 Y91.181 E26.52933
G1 X108.819 Y108.819 E27.19966
G1 X109.284 Y109.284 F7800
G1 F3600
G1 X90.716 Y109.284 E27.90539
G1 X90.716 Y90.716 E28.61111
G1 X109.284 Y90.716 E29.31684
G1 X109.284 Y109.284 E30.02257
G1 X109.75 Y109.75 F7800
;TYPE:External perimeter
G1 F1800
G1 X90.25 Y109.75 E30.76369
G1 X90.25 Y90.25 E31.50481
G1 X109.75 Y90.25 E32.24594
G1 X109.75 Y109.75 E32.98706
;SEAM:109.75:109.75
;WIPE_START
G1 X109.317 Y109.5 F7800
;WIPE_END
G92 E0
G1 E-2 F2400
G1 X92.148 Y108.679 F7800
G1 E0 F2400
;TYPE:Solid infill
;WIDTH:0.486363
G1 F1800
G1 X91.517 Y108.049 E.03296
G1 X91.517 Y107.403 E.05686
G1 X92.597 Y108.483 E.11334
G1 X93.244 Y108.483 E.13724
G1 X91.517 Y106.756 E.22752
G1 X91.517 Y106.11 E.25141
G1 X93.89 Y108.483 E.37549
G1 X94.537 Y108.483 E.39939
G1 X91.517 Y105.463 E.55726
G1 X91.517 Y104.817 E.58115
G1 X95.183 Y108.483 E.77282
G1 X95.829 Y108.483 E.79672
G1 X91.517 Y104.171 E1.02218
G1 X91.517 Y103.524 E1.04608
G1 X96.476 Y108.483 E1.30534
G1 X97.122 Y108.483 E1.32924
G1 X91.517 Y102.878 E1.62229
G1 X91.517 Y102.231 E1.64619
G1 X97.769 Y108.483 E1.97304
G1 X98.415 Y108.483 E1.99694
G1 X91.517 Y101.585 E2.35759
G1 X91.517 Y100.939 E2.38148
G1 X99.061 Y108.483 E2.77593
G1 X99.708 Y108.483 E2.79982
G1 X91.517 Y100.292 E3.22806
G1 X91.517 Y99.646 E3.25196
G1 X100.354 Y108.483 E3.714
G1 X101.001 Y108.483 E3.7379
G1 X91.517 Y98.999 E4.23373
G1 X91.517 Y98.353 E4.25763
G1 X101.647 Y108.483 E4.78725
G1 X102.294 Y108.483 E4.81115
G1 X91.517 Y97.706 E5.37458
G1 X91.517 Y97.06 E5.39847
G1 X102.94 Y108.483 E5.99569
G1 X103.586 Y108.483 E6.01959
G1 X91.517 Y96.414 E6.65061
G1 X91.517 Y95.767 E6.67451
G1 X104.233 Y108.483 E7.33932
G1 X104.879 Y108.483 E7.36322
G1 X91.517 Y95.121 E8.06183
G1 X91.517 Y94.474 E8.08572
G1 X105.526 Y108.483 E8.81813
G1 X106.172 Y108.483 E8.84203
G1 X91.517 Y93.828 E9.60823
G1 X91.517 Y93.182 E9.63213
G1 X106.818 Y108.483 E10.43213
G1 X107.465 Y108.483 E10.45602
G1 X91.517 Y92.535 E11.28982
G1 X91.517 Y91.889 E11.31371
G1 X108.111 Y108.483 E12.1813
G1 X108.483 Y108.483 E12.19505
G1 X108.483 Y108.208 E12.2052
G1 X91.792 Y91.517 E13.07786
G1 X92.438 Y91.517 E13.10176
G1 X108.483 Y107.562 E13.94063
G1 X108.483 Y106.915 E13.96452
G1 X93.085 Y91.517 E14.76959
G1 X93.731 Y91.517 E14.79349
G1 X108.483 Y106.269 E15.56476
G1 X108.483 Y105.623 E15.58866
G1 X94.377 Y91.517 E16.32613
G1 X95.024 Y91.517 E16.35003
G1 X108.483 Y104.976 E17.05371
G1 X108.483 Y104.33 E17.07761
G1 X95.67 Y91.517 E17.74749
G1 X96.317 Y91.517 E17.77139
G1 X108.483 Y103.683 E18.40748
G1 X108.483 Y103.037 E18.43138
G1 X96.963 Y91.517 E19.03367
G1 X97.609 Y91.517 E19.05756
G1 X108.483 Y102.391 E19.62606
G1 X108.483 Y101.744 E19.64996
G1 X98.256 Y91.517 E20.18466
G1 X98.902 Y91.517 E20.20855
G1 X108.483 Y101.098 E20.70946
G1 X108.483 Y100.451 E20.73335
G1 X99.549 Y91.517 E21.20046
G1 X100.195 Y91.517 E21.22436
G1 X108.483 Y99.805 E21.65767
G1 X108.483 Y99.158 E21.68157
G1 X100.842 Y91.517 E22.08108
G1 X101.488 Y91.517 E22.10498
G1 X108.483 Y98.512 E22.4707
G1 X108.483 Y97.866 E22.49459
G1 X102.134 Y91.517 E22.82651
G1 X102.781 Y91.517 E22.85041
G1 X108.483 Y97.219 E23.14854
G1 X108.483 Y96.573 E23.17244
G1 X103.427 Y91.517 E23.43677
G1 X104.074 Y91.517 E23.46066
G1 X108.483 Y95.926 E23.6912
G1 X108.483 Y95.28 E23.71509
G1 X104.72 Y91.517 E23.91183
G1 X105.366 Y91.517 E23.93573
G1 X108.483 Y94.634 E24.09867
G1 X108.483 Y93.987 E24.12257
G1 X106.013 Y91.517 E24.25171
G1 X106.659 Y91.517 E24.27561
G1 X108.483 Y93.341 E24.37096
G1 X108.483 Y92.694 E24.39485
G1 X107.306 Y91.517 E24.45641
G1 X107.952 Y91.517 E24.4803
G1 X108.679 Y92.245 E24.51834
;LAYER_CHANGE
;Z:10.4
;HEIGHT:0.2
G1 Z10.4 F7800
; stop printing object cube_20x20x20_stl id:0 copy 0
; printing object cube_20x20x20_stl id:0 copy 0
G1 X108.819 Y91.181
;TYPE:Perimeter
;WIDTH:0.499999
G1 F3600
G1 X108.819 Y108.819 E25.18867
G1 X91.181 Y108.819 E25.859
G1 X91.181 Y91.181 E26.52933
G1 X108.819 Y91.181 E27.19966
G1 X109.284 Y90.716 F7800
G1 F3600
G1 X109.284 Y109.284 E27.90539
G1 X90.716 Y109.284 E28.61111
G1 X90.716 Y90.716 E29.31684
G1 X109.284 Y90.716 E30.02257
G1 X109.75 Y90.25 F7800
;TYPE:External perimeter
G1 F1800
G1 X109.75 Y109.75 E30.76369
G1 X90.25 Y109.75 E31.50481
G1 X90.25 Y90.25 E32.24594
G1 X109.75 Y90.25 E32.98706
;SEAM:109.75:90.25
;WIPE_START
G1 X109.5 Y90.683 F7800
;WIPE_END
G92 E0
G1 E-2 F2400
G1 X107.755 Y108.679 F7800
G1 E0 F2400
;TYPE:Solid infill
;WIDTH:0.486363
G1 F1800
G1 X108.483 Y107.952 E.03803
G1 X108.483 Y107.306 E.06193
G1 X107.306 Y108.483 E.12348
G1 X106.659 Y108.483 E.14738
G1 X108.483 Y106.659 E.24273
G1 X108.483 Y106.013 E.26663
G1 X106.013 Y108.483 E.39577
G1 X105.366 Y108.483 E.41967
G1 X108.483 Y105.366 E.58261
G1 X108.483 Y104.72 E.60651
G1 X104.72 Y108.483 E.80324
G1 X104.074 Y108.483 E.82714
G1 X108.483 Y104.074 E1.05767
G1 X108.483 Y103.427 E1.08157
G1 X103.427 Y108.483 E1.3459
G1 X102.781 Y108.483 E1.3698
G1 X108.483 Y102.781 E1.66792
G1 X108.483 Y102.134 E1.69182
G1 X102.134 Y108.483 E2.02374
G1 X101.488 Y108.483 E2.04764
G1 X108.483 Y101.488 E2.41336
G1 X108.483 Y100.842 E2.43726
G1 X100.842 Y108.483 E2.83677
G1 X100.195 Y108.483 E2.86067
G1 X108.483 Y100.195 E3.29398
G1 X108.483 Y99.549 E3.31788
G1 X99.549 Y108.483 E3.78498
G1 X98.902 Y108.483 E3.80888
G1 X108.483 Y98.902 E4.30978
G1 X108.483 Y98.256 E4.33368
G1 X98.256 Y108.483 E4.86838
G1 X97.609 Y108.483 E4.89228
G1 X108.483 Y97.609 E5.46077
G1 X108.483 Y96.963 E5.48467
G1 X96.963 Y108.483 E6.08696
G1 X96.317 Y108.483 E6.11086
G1 X108.483 Y96.317 E6.74695
G1 X108.483 Y95.67 E6.77084
G1 X95.67 Y108.483 E7.44073
G1 X95.024 Y108.483 E7.46462
G1 X108.483 Y95.024 E8.1683
G1 X108.483 Y94.377 E8.1922
G1 X94.377 Y108.483 E8.92968
G1 X93.731 Y108.483 E8.95358
G1 X108.483 Y93.731 E9.72485
G1 X108.483 Y93.085 E9.74875
G1 X93.085 Y108.483 E10.55381
G1 X92.438 Y108.483 E10.57771
G1 X108.483 Y92.438 E11.41658
G1 X108.483 Y91.792 E11.44047
G1 X91.792 Y108.483 E12.31313
G1 X91.517 Y108.483 E12.32329
G1 X91.517 Y108.111 E12.33703
G1 X108.111 Y91.517 E13.20462
G1 X107.465 Y91.517 E13.22852
G1 X91.517 Y107.465 E14.06231
G1 X91.517 Y106.818 E14.08621
G1 X106.818 Y91.517 E14.88621
G1 X106.172 Y91.517 E14.91011
G1 X91.517 Y106.172 E15.67631
G1 X91.517 Y105.526 E15.70021
G1 X105.526 Y91.517 E16.43261
G1 X104.879 Y91.517 E16.45651
G1 X91.517 Y104.879 E17.15512
G1 X91.517 Y104.233 E17.17902
G1 X104.233 Y91.517 E17.84383
G1 X103.586 Y91.517 E17.86773
G1 X91.517 Y103.586 E18.49874
G1 X91.517 Y102.94 E18.52264
G1 X102.94 Y91.517 E19.11986
G1 X102.294 Y91.517 E19.14376
G1 X91.517 Y102.294 E19.70718
G1 X91.517 Y101.647 E19.73108
G1 X101.647 Y91.517 E20.26071
G1 X101.001 Y91.517 E20.28461
G1 X91.517 Y101.001 E20.78044
G1 X91.517 Y100.354 E20.80434
G1 X100.354 Y91.517 E21.26637
G1 X99.708 Y91.517 E21.29027
G1 X91.517 Y99.708 E21.71851
G1 X91.517 Y99.061 E21.74241
G1 X99.061 Y91.517 E22.13685
G1 X98.415 Y91.517 E22.16075
G1 X91.517 Y98.415 E22.5214
G1 X91.517 Y97.769 E22.5453
G1 X97.769 Y91.517 E22.87215
G1 X97.122 Y91.517 E22.89605
G1 X91.517 Y97.122 E23.1891
G1 X91.517 Y96.476 E23.213
G1 X96.476 Y91.517 E23.47226
G1 X95.829 Y91.517 E23.49615
G1 X91.517 Y95.829 E23.72162
G1 X91.517 Y95.183 E23.74552
G1 X95.183 Y91.517 E23.93718
G1 X94.537 Y91.517 E23.96108
G1 X91.517 Y94.537 E24.11895
G1 X91.517 Y93.89 E24.14285
G1 X93.89 Y91.517 E24.26692
G1 X93.244 Y91.517 E24.29082
G1 X91.517 Y93.244 E24.3811
G1 X91.517 Y92.597 E24.405
G1 X92.597 Y91.517 E24.46148
G1 X91.951 Y91.517 E24.48538
G1 X91.321 Y92.148 E24.51834
;LAYER_CHANGE
;Z:10.6
;HEIGHT:0.2
G1 Z10.6 F7800
; stop printing object cube_20x20x20_stl id:0 copy 0
; printing object cube_20x20x20_stl id:0 copy 0
G1 X91.181 Y91.181
;TYPE:Perimeter
;WIDTH:0.499999
G1 F3600
G1 X108.819 Y91.181 E25.18867
G1 X108.819 Y108.819 E25.859
G1 X91.181 Y108.819 E26.52933
G1 X91.181 Y91.181 E27.19966
G1 X90.716 Y90.716 F7800
G1 F3600
G1 X109.284 Y90.716 E27.90539
G1 X109.284 Y109.284 E28.61111
G1 X90.716 Y109.284 E29.31684
G1 X90.716 Y90.716 E30.02257
G1 X90.25 Y90.25 F7800
;TYPE:External perimeter
G1 F1800
G1 X109.75 Y90.25 E30.76369
G1 X109.75 Y109.75 E31.50481
G1 X90.25 Y109.75 E32.24594
G1 X90.25 Y90.25 E32.98706
;SEAM:90.25:90.25
;WIPE_START
G1 X90.683 Y90.5 F7800
;WIPE_END
G92 E0
G1 E-2 F2400
G1 X108.679 Y92.245 F7800
G1 E0 F2400
;TYPE:Solid infill
;WIDTH:0.486363
G1 F1800
G1 X107.952 Y91.517 E.03803
G1 X107.306 Y91.517 E.06193
G1 X108.483 Y92.694 E.12348
G1 X108.483 Y93.341 E.14738
G1 X106.659 Y91.517 E.24273
G1 X106.013 Y91.517 E.26663
G1 X108.483 Y93.987 E.39577
G1 X108.483 Y94.634 E.41967
G1 X105.366 Y91.517 E.58261
G1 X104.72 Y91.517 E.60651
G1 X108.483 Y95.28 E.80324
G1 X108.483 Y95.926 E.82714
G1 X104.074 Y91.517 E1.05767
G1 X103.427 Y91.517 E1.08157
G1 X108.483 Y96.573 E1.3459
G1 X108.483 Y97.219 E1.3698
G1 X102.781 Y91.517 E1.66792
G1 X102.134 Y91.517 E1.69182
G1 X108.483 Y97.866 E2.02374
G1 X108.483 Y98.512 E2.04764
G1 X101.488 Y91.517 E2.41336
G1 X100.842 Y91.517 E2.43726
G1 X108.483 Y99.158 E2.83677
G1 X108.483 Y99.805 E2.86067
G1 X100.195 Y91.517 E3.29398
G1 X99.549 Y91.517 E3.31788
G1 X108.483 Y100.451 E3.78498
G1 X108.483 Y101.098 E3.80888
G1 X98.902 Y91.517 E4.30978
G1 X98.256 Y91.517 E4.33368
G1 X108.483 Y101.744 E4.86838
G1 X108.483 Y102.391 E4.89228
G1 X97.609 Y91.517 E5.46077
G1 X96.963 Y91.517 E5.48467
G1 X108.483 Y103.037 E6.08696
G1 X108.483 Y103.683 E6.11086
G1 X96.317 Y91.517 E6.74695
G1 X95.67 Y91.517 E6.77084
G1 X108.483 Y104.33 E7.44073
G1 X108.483 Y104.976 E7.46463
G1 X95.024 Y91.517 E8.16831
G1 X94.377 Y91.517 E8.1922
G1 X108.483 Y105.623 E8.92968
G1 X108.483 Y106.269 E8.95358
G1 X93.731 Y91.517 E9.72485
G1 X93.085 Y91.517 E9.74875
G1 X108.483 Y106.915 E10.55381
G1 X108.483 Y107.562 E10.57771
G1 X92.438 Y91.517 E11.41658
G1 X91.792 Y91.517 E11.44047
G1 X108.483 Y108.208 E12.31313
G1 X108.483 Y108.483 E12.32329
G1 X108.111 Y108.483 E12.33703
G1 X91.517 Y91.889 E13.20462
G1 X91.517 Y92.535 E13.22852
G1 X107.465 Y108.483 E14.06231
G1 X106.818 Y108.483 E14.08621
G1 X91.517 Y93.182 E14.88621
G1 X91.517 Y93.828 E14.91011
G1 X106.172 Y108.483 E15.67631
G1 X105.526 Y108.483 E15.70021
G1 X91.517 Y94.474 E16.43261
G1 X91.517 Y95.121 E16.45651
G1 X104.879 Y108.483 E17.15512
G1 X104.233 Y108.483 E17.17902
G1 X91.517 Y95.767 E17.84383
G1 X91.517 Y96.414 E17.86773
G1 X103.586 Y108.483 E18.49874
G1 X102.94 Y108.483 E18.52264
G1 X91.517 Y97.06 E19.11986
G1 X91.517 Y97.706 E19.14376
G1 X102.294 Y108.483 E19.70719
G1 X101.647 Y108.483 E19.73108
G1 X91.517 Y98.353 E20.26071
G1 X91.517 Y98.999 E20.28461
G1 X101.001 Y108.483 E20.78044
G1 X100.354 Y108.483 E20.80434
G1 X91.517 Y99.646 E21.26638
G1 X91.517 Y100.292 E21.29027
G1 X99.708 Y108.483 E21.71851
G1 X99.061 Y108.483 E21.74241
G1 X91.517 Y100.939 E22.13685
G1 X91.517 Y101.585 E22.16075
G1 X98.415 Y108.483 E22.5214
G1 X97.769 Y108.483 E22.5453
G1 X91.517 Y102.231 E22.87215
G1 X91.517 Y102.878 E22.89605
G1 X97.122 Y108.483 E23.1891
G1 X96.476 Y108.483 E23.213
G1 X91.517 Y103.524 E23.47226
G1 X91.517 Y104.171 E23.49616
G1 X95.829 Y108.483 E23.72162
G1 X95.183 Y108.483 E23.74552
G1 X91.517 Y104.817 E23.93718
G1 X91.517 Y105.463 E23.96108
G1 X94.537 Y108.483 E24.11895
G1 X93.89 Y108.483 E24.14285
G1 X91.517 Y106.11 E24.26692
G1 X91.517 Y106.756 E24.29082
G1 X93.244 Y108.483 E24.3811
G1 X92.597 Y108.483 E24.405
G1 X91.517 Y107.403 E24.46148
G1 X91.517 Y108.049 E24.48538
G1 X92.148 Y108.679 E24.51834
;LAYER_CHANGE
;Z:10.8
;HEIGHT:0.2
G1 Z10.8 F7800
; stop printing object cube_20x20x20_stl id:0 copy 0
; printing object cube_20x20x20_stl id:0 copy 0
G1 X91.181 Y108.819
;TYPE:Perimeter
;WIDTH:0.499999
G1 F3600
G1 X91.181 Y91.181 E25.18867
G1 X108.819 Y91.181 E25.859
G1 X108.819 Y108.819 E26.52933
G1 X91.181 Y108.819 E27.19966
G1 X90.716 Y109.284 F7800
G1 F3600
G1 X90.716 Y90.716 E27.90539
G1 X109.284 Y90.716 E28.61111
G1 X109.284 Y109.284 E29.31684
G1 X90.716 Y109.284 E30.02257
G1 X90.25 Y109.75 F7800
;TYPE:External perimeter
G1 F1800
G1 X90.25 Y90.25 E30.76369
G1 X109.75 Y90.25 E31.50481
G1 X109.75 Y109.75 E32.24594
G1 X90.25 Y109.75 E32.98706
;SEAM:90.25:109.75
;WIPE_START
G1 X90.5 Y109.317 F7800
;WIPE_END
G92 E0
G1 E-2 F2400
G1 X91.321 Y92.148 F7800
G1 E0 F2400
;TYPE:Solid infill
;WIDTH:0.486363
G1 F1800
G1 X91.951 Y91.517 E.03296
G1 X92.597 Y91.517 E.05686
G1 X91.517 Y92.597 E.11334
G1 X91.517 Y93.244 E.13724
G1 X93.244 Y91.517 E.22752
G1 X93.89 Y91.517 E.25141
G1 X91.517 Y93.89 E.37549
G1 X91.517 Y94.537 E.39939
G1 X94.537 Y91.517 E.55726
G1 X95.183 Y91.517 E.58116
G1 X91.517 Y95.183 E.77282
G1 X91.517 Y95.829 E.79672
G1 X95.829 Y91.517 E1.02218
G1 X96.476 Y91.517 E1.04608
G1 X91.517 Y96.476 E1.30534
G1 X91.517 Y97.122 E1.32924
G1 X97.122 Y91.517 E1.62229
G1 X97.769 Y91.517 E1.64619
G1 X91.517 Y97.769 E1.97304
G1 X91.517 Y98.415 E1.99694
G1 X98.415 Y91.517 E2.35759
G1 X99.061 Y91.517 E2.38148
G1 X91.517 Y99.061 E2.77593
G1 X91.517 Y99.708 E2.79983
G1 X99.708 Y91.517 E3.22807
G1 X100.354 Y91.517 E3.25196
G1 X91.517 Y100.354 E3.714
G1 X91.517 Y101.001 E3.7379
G1 X101.001 Y91.517 E4.23373
G1 X101.647 Y91.517 E4.25763
G1 X91.517 Y101.647 E4.78726
G1 X91.517 Y102.294 E4.81115
G1 X102.294 Y91.517 E5.37458
G1 X102.94 Y91.517 E5.39847
G1 X91.517 Y102.94 E5.9957
G1 X91.517 Y103.586 E6.01959
G1 X103.586 Y91.517 E6.65061
G1 X104.233 Y91.517 E6.67451
G1 X91.517 Y104.233 E7.33932
G1 X91.517 Y104.879 E7.36322
G1 X104.879 Y91.517 E8.06183
G1 X105.526 Y91.517 E8.08573
G1 X91.517 Y105.526 E8.81813
G1 X91.517 Y106.172 E8.84203
G1 X106.172 Y91.517 E9.60823
G1 X106.818 Y91.517 E9.63213
G1 X91.517 Y106.818 E10.43213
G1 X91.517 Y107.465 E10.45602
G1 X107.465 Y91.517 E11.28982
G1 X108.111 Y91.517 E11.31372
G1 X91.517 Y108.111 E12.18131
G1 X91.517 Y108.483 E12.19505
G1 X91.792 Y108.483 E12.2052
G1 X108.483 Y91.792 E13.07786
G1 X108.483 Y92.438 E13.10176
G1 X92.438 Y108.483 E13.94063
G1 X93.085 Y108.483 E13.96452
G1 X108.483 Y93.085 E14.76959
G1 X108.483 Y93.731 E14.79349
G1 X93.731 Y108.483 E15.56476
G1 X94.377 Y108.483 E15.58866
G1 X108.483 Y94.377 E16.32614
G1 X108.483 Y95.024 E16.35003
G1 X95.024 Y108.483 E17.05371
G1 X95.67 Y108.483 E17.07761
G1 X108.483 Y95.67 E17.74749
G1 X108.483 Y96.317 E17.77139
G1 X96.317 Y108.483 E18.40748
G1 X96.963 Y108.483 E18.43138
G1 X108.483 Y96.963 E19.03367
G1 X108.483 Y97.609 E19.05756
G1 X97.609 Y108.483 E19.62606
G1 X98.256 Y108.483 E19.64996
G1 X108.483 Y98.256 E20.18466
G1 X108.483 Y98.902 E20.20855
G1 X98.902 Y108.483 E20.70946
G1 X99.549 Y108.483 E20.73335
G1 X108.483 Y99.549 E21.20046
G1 X108.483 Y100.195 E21.22436
G1 X100.195 Y108.483 E21.65767
G1 X100.842 Y108.483 E21.68157
G1 X108.483 Y100.842 E22.08108
G1 X108.483 Y101.488 E22.10498
G1 X101.488 Y108.483 E22.4707
G1 X102.134 Y108.483 E22.49459
G1 X108.483 Y102.134 E22.82651
G1 X108.483 Y102.781 E22.85041
G1 X102.781 Y108.483 E23.14854
G1 X103.427 Y108.483 E23.17244
G1 X108.483 Y103.427 E23.43676
G1 X108.483 Y104.074 E23.46066
G1 X104.074 Y108.483 E23.6912
G1 X104.72 Y108.483 E23.71509
G1 X108.483 Y104.72 E23.91183
G1 X108.483 Y105.366 E23.93573
G1 X105.366 Y108.483 E24.09867
G1 X106.013 Y108.483 E24.12257
G1 X108.483 Y106.013 E24.25171
G1 X108.483 Y106.659 E24.27561
G1 X106.659 Y108.483 E24.37096
G1 X107.306 Y108.483 E24.39485
G1 X108.483 Y107.306 E24.45641
G1 X108.483 Y107.952 E24.4803
G1 X107.755 Y108.679 E24.51834
;LAYER_CHANGE
;Z:11
;HEIGHT:0.2
G1 Z11 F7800
; stop printing object cube_20x20x20_stl id:0 copy 0
; printing object cube_20x20x20_stl id:0 copy 0
G1 X108.819 Y108.819
;TYPE:Perimeter
;WIDTH:0.499999
G1 F3600
G1 X91.181 Y108.819 E25.18867
G1 X91.181 Y91.181 E25.859
G1 X108.819 Y91.181 E26.52933
G1 X108.819 Y108.819 E27.19966
G1 X109.284 Y109.284 F7800
G1 F3600
G1 X90.716 Y109.284 E27.90539
G1 X90.716 Y90.716 E28.61111
G1 X109.284 Y90.716 E29.31684
G1 X109.284 Y109.284 E30.02257
G1 X109.75 Y109.75 F7800
;TYPE:External perimeter
G1 F1800
G1 X90.25 Y109.75 E30.76369
G1 X90.25 Y90.25 E31.50481
G1 X109.75 Y90.25 E32.24594
G1 X109.75 Y109.75 E32.98706
;SEAM:109.75:109.75
;WIPE_START
G1 X109.317 Y109.5 F7800
;WIPE_END
G92 E0
G1 E-2 F2400
G1 X92.148 Y108.679 F7800
G1 E0 F2400
;TYPE:Solid infill
;WIDTH:0.486363
G1 F1800
G1 X91.517 Y108.049 E.03296
G1 X91.517 Y107.403 E.05686
G1 X92.597 Y108.483 E.11334
G1 X93.244 Y108.483 E.13724
G1 X91.517 Y106.756 E.22752
G1 X91.517 Y106.11 E.25141
G1 X93.89 Y108.483 E.37549
G1 X94.537 Y108.483 E.39939
G1 X91.517 Y105.463 E.55726
G1 X91.517 Y104.817 E.58115
G1 X95.183 Y108.483 E.77282
G1 X95.829 Y108.483 E.79672
G1 X91.517 Y104.171 E1.02218
G1 X91.517 Y103.524 E1.04608
G1 X96.476 Y108.483 E1.30534
G1 X97.122 Y108.483 E1.32924
G1 X91.517 Y102.878 E1.62229
G1 X91.517 Y102.231 E1.64619
G1 X97.769 Y108.483 E1.97304
G1 X98.415 Y108.483 E1.99694
G1 X91.517 Y101.585 E2.35759
G1 X91.517 Y100.939 E2.38148
G1 X99.061 Y108.483 E2.77593
G1 X99.708 Y108.483 E2.79982
G1 X91.517 Y100.292 E3.22806
G1 X91.517 Y99.646 E3.25196
G1 X100.354 Y108.483 E3.714
G1 X101.001 Y108.483 E3.7379
G1 X91.517 Y98.999 E4.23373
G1 X91.517 Y98.353 E4.25763
G1 X101.647 Y108.483 E4.78725
G1 X102.294 Y108.483 E4.81115
G1 X91.517 Y97.706 E5.37458
G1 X91.517 Y97.06 E5.39847
G1 X102.94 Y108.483 E5.99569
G1 X103.586 Y108.483 E6.01959
G1 X91.517 Y96.414 E6.65061
G1 X91.517 Y95.767 E6.67451
G1 X104.233 Y108.483 E7.33932
G1 X104.879 Y108.483 E7.36322
G1 X91.517 Y95.121 E8.06183
G1 X91.517 Y94.474 E8.08572
G1 X105.526 Y108.483 E8.81813
G1 X106.172 Y108.483 E8.84203
G1 X91.517 Y93.828 E9.60823
G1 X91.517 Y93.182 E9.63213
G1 X106.818 Y108.483 E10.43213
G1 X107.465 Y108.483 E10.45602
G1 X91.517 Y92.535 E11.28982
G1 X91.517 Y91.889 E11.31371
G1 X108.111 Y108.483 E12.1813
G1 X108.483 Y108.483 E12.19505
G1 X108.483 Y108.208 E12.2052
G1 X91.792 Y91.517 E13.07786
G1 X92.438 Y91.517 E13.10176
G1 X108.483 Y107.562 E13.94063
G1 X108.483 Y106.915 E13.96452
G1 X93.085 Y91.517 E14.76959
G1 X93.731 Y91.517 E14.79349
G1 X108.483 Y106.269 E15.56476
G1 X108.483 Y105.623 E15.58866
G1 X94.377 Y91.517 E16.32613
G1 X95.024 Y91.517 E16.35003
G1 X108.483 Y104.976 E17.05371
G1 X108.483 Y104.33 E17.07761
G1 X95.67 Y91.517 E17.74749
G1 X96.317 Y91.517 E17.77139
G1 X108.483 Y103.683 E18.40748
G1 X108.483 Y103.037 E18.43138
G1 X96.963 Y91.517 E19.03367
G1 X97.609 Y91.517 E19.05756
G1 X108.483 Y102.391 E19.62606
G1 X108.483 Y101.744 E19.64996
G1 X98.256 Y91.517 E20.18466
G1 X98.902 Y91.517 E20.20855
G1 X108.483 Y101.098 E20.70946
G1 X108.483 Y100.451 E20.73335
G1 X99.549 Y91.517 E21.20046
G1 X100.195 Y91.517 E21.22436
G1 X108.483 Y99.805 E21.65767
G1 X108.483 Y99.158 E21.68157
G1 X100.842 Y91.517 E22.08108
G1 X101.488 Y91.517 E22.10498
G1 X108.483 Y98.512 E22.4707
G1 X108.483 Y97.866 E22.49459
G1 X102.134 Y91.517 E22.82651
G1 X102.781 Y91.517 E22.85041
G1 X108.483 Y97.219 E23.14854
G1 X108.483 Y96.573 E23.17244
G1 X103.427 Y91.517 E23.43677
G1 X104.074 Y91.517 E23.46066
G1 X108.483 Y95.926 E23.6912
G1 X108.483 Y95.28 E23.71509
G1 X104.72 Y91.517 E23.91183
G1 X105.366 Y91.517 E23.93573
G1 X108.483 Y94.634 E24.09867
G1 X108.483 Y93.987 E24.12257
G1 X106.013 Y91.517 E24.25171
G1 X106.659 Y91.517 E24.27561
G1 X108.483 Y93.341 E24.37096
G1 X108.483 Y92.694 E24.39485
G1 X107.306 Y91.517 E24.45641
G1 X107.952 Y91.517 E24.4803
G1 X108.679 Y92.245 E24.51834
;LAYER_CHANGE
;Z:11.2
;HEIGHT:0.2
G1 Z11.2 F7800
; stop printing object cube_20x20x20_stl id:0 copy 0
; printing object cube_20x20x20_stl id:0 copy 0
G1 X108.819 Y91.181
;TYPE:Perimeter
;WIDTH:0.499999
G1 F3600
G1 X108.819 Y108.819 E25.18867
G1 X91.181 Y108.819 E25.859
G1 X91.181 Y91.181 E26.52933
G1 X108.819 Y91.181 E27.19966
G1 X109.284 Y90.716 F7800
G1 F3600
G1 X109.284 Y109.284 E27.90539
G1 X90.716 Y109.284 E28.61111
G1 X90.716 Y90.716 E29.31684
G1 X109.284 Y90.716 E30.02257
G1 X109.75 Y90.25 F7800
;TYPE:External perimeter
G1 F1800
G1 X109.75 Y109.75 E30.76369
G1 X90.25 Y109.75 E31.50481
G1 X90.25 Y90.25 E32.24594
G1 X109.75 Y90.25 E32.98706
;SEAM:109.75:90.25
;WIPE_START
G1 X109.5 Y90.683 F7800
;WIPE_END
G92 E0
G1 E-2 F2400
G1 X107.755 Y108.679 F7800
G1 E0 F2400
;TYPE:Solid infill
;WIDTH:0.486363
G1 F1800
G1 X108.483 Y107.952 E.03803
G1 X108.483 Y107.306 E.06193
G1 X107.306 Y108.483 E.12348
G1 X106.659 Y108.483 E.14738
G1 X108.483 Y106.659 E.24273
G1 X108.483 Y106.013 E.26663
G1 X106.013 Y108.483 E.39577
G1 X105.366 Y108.483 E.41967
G1 X108.483 Y105.366 E.58261
G1 X108.483 Y104.72 E.60651
G1 X104.72 Y108.483 E.80324
G1 X104.074 Y108.483 E.82714
G1 X108.483 Y104.074 E1.05767
G1 X108.483 Y103.427 E1.08157
G1 X103.427 Y108.483 E1.3459
G1 X102.781 Y108.483 E1.3698
G1 X108.483 Y102.781 E1.66792
G1 X108.483 Y102.134 E1.69182
G1 X102.134 Y108.483 E2.02374
G1 X101.488 Y108.483 E2.04764
G1 X108.483 Y101.488 E2.41336
G1 X108.483 Y100.842 E2.43726
G1 X100.842 Y108.483 E2.83677
G1 X100.195 Y108.483 E2.86067
G1 X108.483 Y100.195 E3.29398
G1 X108.483 Y99.549 E3.31788
G1 X99.549 Y108.483 E3.78498
G1 X98.902 Y108.483 E3.80888
G1 X108.483 Y98.902 E4.30978
G1 X108.483 Y98.256 E4.33368
G1 X98.256 Y108.483 E4.86838
G1 X97.609 Y108.483 E4.89228
G1 X108.483 Y97.609 E5.46077
G1 X108.483 Y96.963 E5.48467
G1 X96.963 Y108.483 E6.08696
G1 X96.317 Y108.483 E6.11086
G1 X108.483 Y96.317 E6.74695
G1 X108.483 Y95.67 E6.77084
G1 X95.67 Y108.483 E7.44073
G1 X95.024 Y108.483 E7.46462
G1 X108.483 Y95.024 E8.1683
G1 X108.483 Y94.377 E8.1922
G1 X94.377 Y108.483 E8.92968
G1 X93.731 Y108.483 E8.95358
G1 X108.483 Y93.731 E9.72485
G1 X108.483 Y93.085 E9.74875
G1 X93.085 Y108.483 E10.55381
G1 X92.438 Y108.483 E10.57771
G1 X108.483 Y92.438 E11.41658
G1 X108.483 Y91.792 E11.44047
G1 X91.792 Y108.483 E12.31313
G1 X91.517 Y108.483 E12.32329
G1 X91.517 Y108.111 E12.33703
G1 X108.111 Y91.517 E13.20462
G1 X107.465 Y91.517 E13.22852
G1 X91.517 Y107.465 E14.06231
G1 X91.517 Y106.818 E14.08621
G1 X106.818 Y91.517 E14.88621
G1 X106.172 Y91.517 E14.91011
G1 X91.517 Y106.172 E15.67631
G1 X91.517 Y105.526 E15.70021
G1 X105.526 Y91.517 E16.43261
G1 X104.879 Y91.517 E16.45651
G1 X91.517 Y104.879 E17.15512
G1 X91.517 Y104.233 E17.17902
G1 X104.233 Y91.517 E17.84383
G1 X103.586 Y91.517 E17.86773
G1 X91.517 Y103.586 E18.49874
G1 X91.517 Y102.94 E18.52264
G1 X102.94 Y91.517 E19.11986
G1 X102.294 Y91.517 E19.14376
G1 X91.517 Y102.294 E19.70718
G1 X91.517 Y101.647 E19.73108
G1 X101.647 Y91.517 E20.26071
G1 X101.001 Y91.517 E20.28461
G1 X91.517 Y101.001 E20.78044
G1 X91.517 Y100.354 E20.80434
G1 X100.354 Y91.517 E21.26637
G1 X99.708 Y91.517 E21.29027
G1 X91.517 Y99.708 E21.71851
G1 X91.517 Y99.061 E21.74241
G1 X99.061 Y91.517 E22.13685
G1 X98.415 Y91.517 E22.16075
G1 X91.517 Y98.415 E22.5214
G1 X91.517 Y97.769 E22.5453
G1 X97.769 Y91.517 E22.87215
G1 X97.122 Y91.517 E22.89605
G1 X91.517 Y97.122 E23.1891
G1 X91.517 Y96.476 E23.213
G1 X96.476 Y91.517 E23.47226
G1 X95.829 Y91.517 E23.49615
G1 X91.517 Y95.829 E23.72162
G1 X91.517 Y95.183 E23.74552
G1 X95.183 Y91.517 E23.93718
G1 X94.537 Y91.517 E23.96108
G1 X91.517 Y94.537 E24.11895
G1 X91.517 Y93.89 E24.14285
G1 X93.89 Y91.517 E24.26692
G1 X93.244 Y91.517 E24.29082
G1 X91.517 Y93.244 E24.3811
G1 X91.517 Y92.597 E24.405
G1 X92.597 Y91.517 E24.46148
G1 X91.951 Y91.517 E24.48538
G1 X91.321 Y92.148 E24.51834
;LAYER_CHANGE
;Z:11.4
;HEIGHT:0.2
G1 Z11.4 F7800
; stop printing object cube_20x20x20_stl id:0 copy 0
; printing object cube_20x20x20_stl id:0 copy 0
G1 X91.181 Y91.181
;TYPE:Perimeter
;WIDTH:0.499999
G1 F3600
G1 X108.819 Y91.181 E25.18867
G1 X108.819 Y108.819 E25.859
G1 X91.181 Y108.819 E26.52933
G1 X91.181 Y91.181 E27.19966
G1 X90.716 Y90.716 F7800
G1 F3600
G1 X109.284 Y90.716 E27.90539
G1 X109.284 Y109.284 E28.61111
G1 X90.716 Y109.284 E29.31684
G1 X90.716 Y90.716 E30.02257
G1 X90.25 Y90.25 F7800
;TYPE:External perimeter
G1 F1800
G1 X109.75 Y90.25 E30.76369
G1 X109.75 Y109.75 E31.50481
G1 X90.25 Y109.75 E32.24594
G1 X90.25 Y90.25 E32.98706
;SEAM:90.25:90.25
;WIPE_START
G1 X90.683 Y90.5 F7800
;WIPE_END
G92 E0
G1 E-2 F2400
G1 X108.679 Y92.245 F7800
G1 E0 F2400
;TYPE:Solid infill
;WIDTH:0.486363
G1 F1800
G1 X107.952 Y91.517 E.03803
G1 X107.306 Y91.517 E.06193
G1 X108.483 Y92.694 E.12348
G1 X108.483 Y93.341 E.14738
G1 X106.659 Y91.517 E.24273
G1 X106.013 Y91.517 E.26663
G1 X108.483 Y93.987 E.39577
G1 X108.483 Y94.634 E.41967
G1 X105.366 Y91.517 E.58261
G1 X104.72 Y91.517 E.60651
G1 X108.483 Y95.28 E.80324
G1 X108.483 Y95.926 E.82714
G1 X104.074 Y91.517 E1.05767
G1 X103.427 Y91.517 E1.08157
G1 X108.483 Y96.573 E1.3459
G1 X108.483 Y97.219 E1.3698
G1 X102.781 Y91.517 E1.66792
G1 X102.134 Y91.517 E1.69182
G1 X108.483 Y97.866 E2.02374
G1 X108.483 Y98.512 E2.04764
G1 X101.488 Y91.517 E2.41336
G1 X100.842 Y91.517 E2.43726
G1 X108.483 Y99.158 E2.83677
G1 X108.483 Y99.805 E2.86067
G1 X100.195 Y91.517 E3.29398
G1 X99.549 Y91.517 E3.31788
G1 X108.483 Y100.451 E3.78498
G1 X108.483 Y101.098 E3.80888
G1 X98.902 Y91.517 E4.30978
G1 X98.256 Y91.517 E4.33368
G1 X108.483 Y101.744 E4.86838
G1 X108.483 Y102.391 E4.89228
G1 X97.609 Y91.517 E5.46077
G1 X96.963 Y91.517 E5.48467
G1 X108.483 Y103.037 E6.08696
G1 X108.483 Y103.683 E6.11086
G1 X96.317 Y91.517 E6.74695
G1 X95.67 Y91.517 E6.77084
G1 X108.483 Y104.33 E7.44073
G1 X108.483 Y104.976 E7.46463
G1 X95.024 Y91.517 E8.16831
G1 X94.377 Y91.517 E8.1922
G1 X108.483 Y105.623 E8.92968
G1 X108.483 Y106.269 E8.95358
G1 X93.731 Y91.517 E9.72485
G1 X93.085 Y91.517 E9.74875
G1 X108.483 Y106.915 E10.55381
G1 X108.483 Y107.562 E10.57771
G1 X92.438 Y91.517 E11.41658
G1 X91.792 Y91.517 E11.44047
G1 X108.483 Y108.208 E12.31313
G1 X108.483 Y108.483 E12.32329
G1 X108.111 Y108.483 E12.33703
G1 X91.517 Y91.889 E13.20462
G1 X91.517 Y92.535 E13.22852
G1 X107.465 Y108.483 E14.06231
G1 X106.818 Y108.483 E14.08621
G1 X91.517 Y93.182 E14.88621
G1 X91.517 Y93.828 E14.91011
G1 X106.172 Y108.483 E15.67631
G1 X105.526 Y108.483 E15.70021
G1 X91.517 Y94.474 E16.43261
G1 X91.517 Y95.121 E16.45651
G1 X104.879 Y108.483 E17.15512
G1 X104.233 Y108.483 E17.17902
G1 X91.517 Y95.767 E17.84383
G1 X91.517 Y96.414 E17.86773
G1 X103.586 Y108.483 E18.49874
G1 X102.94 Y108.483 E18.52264
G1 X91.517 Y97.06 E19.11986
G1 X91.517 Y97.706 E19.14376
G1 X102.294 Y108.483 E19.70719
G1 X101.647 Y108.483 E19.73108
G1 X91.517 Y98.353 E20.26071
G1 X91.517 Y98.999 E20.28461
G1 X101.001 Y108.483 E20.78044
G1 X100.354 Y108.483 E20.80434
G1 X91.517 Y99.646 E21.26638
G1 X91.517 Y100.292 E21.29027
G1 X99.708 Y108.483 E21.71851
G1 X99.061 Y108.483 E21.74241
G1 X91.517 Y100.939 E22.13685
G1 X91.517 Y101.585 E22.16075
G1 X98.415 Y108.483 E22.5214
G1 X97.769 Y108.483 E22.5453
G1 X91.517 Y102.231 E22.87215
G1 X91.517 Y102.878 E22.89605
G1 X97.122 Y108.483 E23.1891
G1 X96.476 Y108.483 E23.213
G1 X91.517 Y103.524 E23.47226
G1 X91.517 Y104.171 E23.49616
G1 X95.829 Y108.483 E23.72162
G1 X95.183 Y108.483 E23.74552
G1 X91.517 Y104.817 E23.93718
G1 X91.517 Y105.463 E23.96108
G1 X94.537 Y108.483 E24.11895
G1 X93.89 Y108.483 E24.14285
G1 X91.517 Y106.11 E24.26692
G1 X91.517 Y106.756 E24.29082
G1 X93.244 Y108.483 E24.3811
G1 X92.597 Y108.483 E24.405
G1 X91.517 Y107.403 E24.46148
G1 X91.517 Y108.049 E24.48538
G1 X92.148 Y108.679 E24.51834
;LAYER_CHANGE
;Z:11.6
;HEIGHT:0.2
G1 Z11.6 F7800
; stop printing object cube_20x20x20_stl id:0 copy 0
; printing object cube_20x20x20_stl id:0 copy 0
G1 X91.181 Y108.819
;TYPE:Perimeter
;WIDTH:0.499999
G1 F3600
G1 X91.181 Y91.181 E25.18867
G1 X108.819 Y91.181 E25.859
G1 X108.819 Y108.819 E26.52933
G1 X91.181 Y108.819 E27.19966
G1 X90.716 Y109.284 F7800
G1 F3600
G1 X90.716 Y90.716 E27.90539
G1 X109.284 Y90.716 E28.61111
G1 X109.284 Y109.284 E29.31684
G1 X90.716 Y109.284 E30.02257
G1 X90.25 Y109.75 F7800
;TYPE:External perimeter
G1 F1800
G1 X90.25 Y90.25 E30.76369
G1 X109.75 Y90.25 E31.50481
G1 X109.75 Y109.75 E32.24594
G1 X90.25 Y109.75 E32.98706
;SEAM:90.25:109.75
;WIPE_START
G1 X90.5 Y109.317 F7800
;WIPE_END
G92 E0
G1 E-2 F2400
G1 X91.321 Y92.148 F7800
G1 E0 F2400
;TYPE:Solid infill
;WIDTH:0.486363
G1 F1800
G1 X91.951 Y91.517 E.03296
G1 X92.597 Y91.517 E.05686
G1 X91.517 Y92.597 E.11334
G1 X91.517 Y93.244 E.13724
G1 X93.244 Y91.517 E.22752
G1 X93.89 Y91.517 E.25141
G1 X91.517 Y93.89 E.37549
G1 X91.517 Y94.537 E.39939
G1 X94.537 Y91.517 E.55726
G1 X95.183 Y91.517 E.58116
G1 X91.517 Y95.183 E.77282
G1 X91.517 Y95.829 E.79672
G1 X95.829 Y91.517 E1.02218
G1 X96.476 Y91.517 E1.04608
G1 X91.517 Y96.476 E1.30534
G1 X91.517 Y97.122 E1.32924
G1 X97.122 Y91.517 E1.62229
G1 X97.769 Y91.517 E1.64619
G1 X91.517 Y97.769 E1.97304
G1 X91.517 Y98.415 E1.99694
G1 X98.415 Y91.517 E2.35759
G1 X99.061 Y91.517 E2.38148
G1 X91.517 Y99.061 E2.77593
G1 X91.517 Y99.708 E2.79983
G1 X99.708 Y91.517 E3.22807
G1 X100.354 Y91.517 E3.25196
G1 X91.517 Y100.354 E3.714
G1 X91.517 Y101.001 E3.7379
G1 X101.001 Y91.517 E4.23373
G1 X101.647 Y91.517 E4.25763
G1 X91.517 Y101.647 E4.78726
G1 X91.517 Y102.294 E4.81115
G1 X102.294 Y91.517 E5.37458
G1 X102.94 Y91.517 E5.39847
G1 X91.517 Y102.94 E5.9957
G1 X91.517 Y103.586 E6.01959
G1 X103.586 Y91.517 E6.65061
G1 X104.233 Y91.517 E6.67451
G1 X91.517 Y104.233 E7.33932
G1 X91.517 Y104.879 E7.36322
G1 X104.879 Y91.517 E8.06183
G1 X105.526 Y91.517 E8.08573
G1 X91.517 Y105.526 E8.81813
G1 X91.517 Y106.172 E8.84203
G1 X106.172 Y91.517 E9.60823
G1 X106.818 Y91.517 E9.63213
G1 X91.517 Y106.818 E10.43213
G1 X91.517 Y107.465 E10.45602
G1 X107.465 Y91.517 E11.28982
G1 X108.111 Y91.517 E11.31372
G1 X91.517 Y108.111 E12.18131
G1 X91.517 Y108.483 E12.19505
G1 X91.792 Y108.483 E12.2052
G1 X108.483 Y91.792 E13.07786
G1 X108.483 Y92.438 E13.10176
G1 X92.438 Y108.483 E13.94063
G1 X93.085 Y108.483 E13.96452
G1 X108.483 Y93.085 E14.76959
G1 X108.483 Y93.731 E14.79349
G1 X93.731 Y108.483 E15.56476
G1 X94.377 Y108.483 E15.58866
G1 X108.483 Y94.377 E16.32614
G1 X108.483 Y95.024 E16.35003
G1 X95.024 Y108.483 E17.05371
G1 X95.67 Y108.483 E17.07761
G1 X108.483 Y95.67 E17.74749
G1 X108.483 Y96.317 E17.77139
G1 X96.317 Y108.483 E18.40748
G1 X96.963 Y108.483 E18.43138
G1 X108.483 Y96.963 E19.03367
G1 X108.483 Y97.609 E19.05756
G1 X97.609 Y108.483 E19.62606
G1 X98.256 Y108.483 E19.64996
G1 X108.483 Y98.256 E20.18466
G1 X108.483 Y98.902 E20.20855
G1 X98.902 Y108.483 E20.70946
G1 X99.549 Y108.483 E20.73335
G1 X108.483 Y99.549 E21.20046
G1 X108.483 Y100.195 E21.22436
G1 X100.195 Y108.483 E21.65767
G1 X100.842 Y108.483 E21.68157
G1 X108.483 Y100.842 E22.08108
G1 X108.483 Y101.488 E22.10498
G1 X101.488 Y108.483 E22.4707
G1 X102.134 Y108.483 E22.49459
G1 X108.483 Y102.134 E22.82651
G1 X108.483 Y102.781 E22.85041
G1 X102.781 Y108.483 E23.14854
G1 X103.427 Y108.483 E23.17244
G1 X108.483 Y103.427 E23.43676
G1 X108.483 Y104.074 E23.46066
G1 X104.074 Y108.483 E23.6912
G1 X104.72 Y108.483 E23.71509
G1 X108.483 Y104.72 E23.91183
G1 X108.483 Y105.366 E23.93573
G1 X105.366 Y108.483 E24.09867
G1 X106.013 Y108.483 E24.12257
G1 X108.483 Y106.013 E24.25171
G1 X108.483 Y106.659 E24.27561
G1 X106.659 Y108.483 E24.37096
G1 X107.306 Y108.483 E24.39485
G1 X108.483 Y107.306 E24.45641
G1 X108.483 Y107.952 E24.4803
G1 X107.755 Y108.679 E24.51834
;LAYER_CHANGE
;Z:11.8
;HEIGHT:0.2
G1 Z11.8 F7800
; stop printing object cube_20x20x20_stl id:0 copy 0
; printing object cube_20x20x20_stl id:0 copy 0
G1 X108.819 Y108.819
;TYPE:Perimeter
;WIDTH:0.499999
G1 F3600
G1 X91.181 Y108.819 E25.18867
G1 X91.181 Y91.181 E25.859
G1 X108.819 Y91.181 E26.52933
G1 X108.819 Y108.819 E27.19966
G1 X109.284 Y109.284 F7800
G1 F3600
G1 X90.716 Y109.284 E27.90539
G1 X90.716 Y90.716 E28.61111
G1 X109.284 Y90.716 E29.31684
G1 X109.284 Y109.284 E30.02257
G1 X109.75 Y109.75 F7800
;TYPE:External perimeter
G1 F1800
G1 X90.25 Y109.75 E30.76369
G1 X90.25 Y90.25 E31.50481
G1 X109.75 Y90.25 E32.24594
G1 X109.75 Y109.75 E32.98706
;SEAM:109.75:109.75
;WIPE_START
G1 X109.317 Y109.5 F7800
;WIPE_END
G92 E0
G1 E-2 F2400
G1 X92.148 Y108.679 F7800
G1 E0 F2400
;TYPE:Solid infill
;WIDTH:0.486363
G1 F1800
G1 X91.517 Y108.049 E.03296
G1 X91.517 Y107.403 E.05686
G1 X92.597 Y108.483 E.11334
G1 X93.244 Y108.483 E.13724
G1 X91.517 Y106.756 E.22752
G1 X91.517 Y106.11 E.25141
G1 X93.89 Y108.483 E.37549
G1 X94.537 Y108.483 E.39939
G1 X91.517 Y105.463 E.55726
G1 X91.517 Y104.817 E.58115
G1 X95.183 Y108.483 E.77282
G1 X95.829 Y108.483 E.79672
G1 X91.517 Y104.171 E1.02218
G1 X91.517 Y103.524 E1.04608
G1 X96.476 Y108.483 E1.30534
G1 X97.122 Y108.483 E1.32924
G1 X91.517 Y102.878 E1.62229
G1 X91.517 Y102.231 E1.64619
G1 X97.769 Y108.483 E1.97304
G1 X98.415 Y108.483 E1.99694
G1 X91.517 Y101.585 E2.35759
G1 X91.517 Y100.939 E2.38148
G1 X99.061 Y108.483 E2.77593
G1 X99.708 Y108.483 E2.79982
G1 X91.517 Y100.292 E3.22806
G1 X91.517 Y99.646 E3.25196
G1 X100.354 Y108.483 E3.714
G1 X101.001 Y108.483 E3.7379
G1 X91.517 Y98.999 E4.23373
G1 X91.517 Y98.353 E4.25763
G1 X101.647 Y108.483 E4.78725
G1 X102.294 Y108.483 E4.81115
G1 X91.517 Y97.706 E5.37458
G1 X91.517 Y97.06 E5.39847
G1 X102.94 Y108.483 E5.99569
G1 X103.586 Y108.483 E6.01959
G1 X91.517 Y96.414 E6.65061
G1 X91.517 Y95.767 E6.67451
G1 X104.233 Y108.483 E7.33932
G1 X104.879 Y108.483 E7.36322
G1 X91.517 Y95.121 E8.06183
G1 X91.517 Y94.474 E8.08572
G1 X105.526 Y108.483 E8.81813
G1 X106.172 Y108.483 E8.84203
G1 X91.517 Y93.828 E9.60823
G1 X91.517 Y93.182 E9.63213
G1 X106.818 Y108.483 E10.43213
G1 X107.465 Y108.483 E10.45602
G1 X91.517 Y92.535 E11.28982
G1 X91.517 Y91.889 E11.31371
G1 X108.111 Y108.483 E12.1813
G1 X108.483 Y108.483 E12.19505
G1 X108.483 Y108.208 E12.2052
G1 X91.792 Y91.517 E13.07786
G1 X92.438 Y91.517 E13.10176
G1 X108.483 Y107.562 E13.94063
G1 X108.483 Y106.915 E13.96452
G1 X93.085 Y91.517 E14.76959
G1 X93.731 Y91.517 E14.79349
G1 X108.483 Y106.269 E15.56476
G1 X108.483 Y105.623 E15.58866
G1 X94.377 Y91.517 E16.32613
G1 X95.024 Y91.517 E16.35003
G1 X108.483 Y104.976 E17.05371
G1 X108.483 Y104.33 E17.07761
G1 X95.67 Y91.517 E17.74749
G1 X96.317 Y91.517 E17.77139
G1 X108.483 Y103.683 E18.40748
G1 X108.483 Y103.037 E18.43138
G1 X96.963 Y91.517 E19.03367
G1 X97.609 Y91.517 E19.05756
G1 X108.483 Y102.391 E19.62606
G1 X108.483 Y101.744 E19.64996
G1 X98.256 Y91.517 E20.18466
G1 X98.902 Y91.517 E20.20855
G1 X108.483 Y101.098 E20.70946
G1 X108.483 Y100.451 E20.73335
G1 X99.549 Y91.517 E21.20046
G1 X100.195 Y91.517 E21.22436
G1 X108.483 Y99.805 E21.65767
G1 X108.483 Y99.158 E21.68157
G1 X100.842 Y91.517 E22.08108
G1 X101.488 Y91.517 E22.10498
G1 X108.483 Y98.512 E22.4707
G1 X108.483 Y97.866 E22.49459
G1 X102.134 Y91.517 E22.82651
G1 X102.781 Y91.517 E22.85041
G1 X108.483 Y97.219 E23.14854
G1 X108.483 Y96.573 E23.17244
G1 X103.427 Y91.517 E23.43677
G1 X104.074 Y91.517 E23.46066
G1 X108.483 Y95.926 E23.6912
G1 X108.483 Y95.28 E23.71509
G1 X104.72 Y91.517 E23.91183
G1 X105.366 Y91.517 E23.93573
G1 X108.483 Y94.634 E24.09867
G1 X108.483 Y93.987 E24.12257
G1 X106.013 Y91.517 E24.25171
G1 X106.659 Y91.517 E24.27561
G1 X108.483 Y93.341 E24.37096
G1 X108.483 Y92.694 E24.39485
G1 X107.306 Y91.517 E24.45641
G1 X107.952 Y91.517 E24.4803
G1 X108.679 Y92.245 E24.51834
;LAYER_CHANGE
;Z:12
;HEIGHT:0.2
G1 Z12 F7800
; stop printing object cube_20x20x20_stl id:0 copy 0
; printing object cube_20x20x20_stl id:0 copy 0
G1 X108.819 Y91.181
;TYPE:Perimeter
;WIDTH:0.499999
G1 F3600
G1 X108.819 Y108.819 E25.18867
G1 X91.181 Y108.819 E25.859
G1 X91.181 Y91.181 E26.52933
G1 X108.819 Y91.181 E27.19966
G1 X109.284 Y90.716 F7800
G1 F3600
G1 X109.284 Y109.284 E27.90539
G1 X90.716 Y109.284 E28.61111
G1 X90.716 Y90.716 E29.31684
G1 X109.284 Y90.716 E30.02257
G1 X109.75 Y90.25 F7800
;TYPE:External perimeter
G1 F1800
G1 X109.75 Y109.75 E30.76369
G1 X90.25 Y109.75 E31.50481
G1 X90.25 Y90.25 E32.24594
G1 X109.75 Y90.25 E32.98706
;SEAM:109.75:90.25
;WIPE_START
G1 X109.5 Y90.683 F7800
;WIPE_END
G92 E0
G1 E-2 F2400
G1 X107.755 Y108.679 F7800
G1 E0 F2400
;TYPE:Solid infill
;WIDTH:0.486363
G1 F1800
G1 X108.483 Y107.952 E.03803
G1 X108.483 Y107.306 E.06193
G1 X107.306 Y108.483 E.12348
G1 X106.659 Y108.483 E.14738
G1 X108.483 Y106.659 E.24273
G1 X108.483 Y106.013 E.26663
G1 X106.013 Y108.483 E.39577
G1 X105.366 Y108.483 E.41967
G1 X108.483 Y105.366 E.58261
G1 X108.483 Y104.72 E.60651
G1 X104.72 Y108.483 E.80324
G1 X104.074 Y108.483 E.82714
G1 X108.483 Y104.074 E1.05767
G1 X108.483 Y103.427 E1.08157
G1 X103.427 Y108.483 E1.3459
G1 X102.781 Y108.483 E1.3698
G1 X108.483 Y102.781 E1.66792
G1 X108.483 Y102.134 E1.69182
G1 X102.134 Y108.483 E2.02374
G1 X101.488 Y108.483 E2.04764
G1 X108.483 Y101.488 E2.41336
G1 X108.483 Y100.842 E2.43726
G1 X100.842 Y108.483 E2.83677
G1 X100.195 Y108.483 E2.86067
G1 X108.483 Y100.195 E3.29398
G1 X108.483 Y99.549 E3.31788
G1 X99.549 Y108.483 E3.78498
G1 X98.902 Y108.483 E3.80888
G1 X108.483 Y98.902 E4.30978
G1 X108.483 Y98.256 E4.33368
G1 X98.256 Y108.483 E4.86838
G1 X97.609 Y108.483 E4.89228
G1 X108.483 Y97.609 E5.46077
G1 X108.483 Y96.963 E5.48467
G1 X96.963 Y108.483 E6.08696
G1 X96.317 Y108.483 E6.11086
G1 X108.483 Y96.317 E6.74695
G1 X108.483 Y95.67 E6.77084
G1 X95.67 Y108.483 E7.44073
G1 X95.024 Y108.483 E7.46462
G1 X108.483 Y95.024 E8.1683
G1 X108.483 Y94.377 E8.1922
G1 X94.377 Y108.483 E8.92968
G1 X93.731 Y108.483 E8.95358
G1 X108.483 Y93.731 E9.72485
G1 X108.483 Y93.085 E9.74875
G1 X93.085 Y108.483 E10.55381
G1 X92.438 Y108.483 E10.57771
G1 X108.483 Y92.438 E11.41658
G1 X108.483 Y91.792 E11.44047
G1 X91.792 Y108.483 E12.31313
G1 X91.517 Y108.483 E12.32329
G1 X91.517 Y108.111 E12.33703
G1 X108.111 Y91.517 E13.20462
G1 X107.465 Y91.517 E13.22852
G1 X91.517 Y107.465 E14.06231
G1 X91.517 Y106.818 E14.08621
G1 X106.818 Y91.517 E14.88621
G1 X106.172 Y91.517 E14.91011
G1 X91.517 Y106.172 E15.67631
G1 X91.517 Y105.526 E15.70021
G1 X105.526 Y91.517 E16.43261
G1 X104.879 Y91.517 E16.45651
G1 X91.517 Y104.879 E17.15512
G1 X91.517 Y104.233 E17.17902
G1 X104.233 Y91.517 E17.84383
G1 X103.586 Y91.517 E17.86773
G1 X91.517 Y103.586 E18.49874
G1 X91.517 Y102.94 E18.52264
G1 X102.94 Y91.517 E19.11986
G1 X102.294 Y91.517 E19.14376
G1 X91.517 Y102.294 E19.70718
G1 X91.517 Y101.647 E19.73108
G1 X101.647 Y91.517 E20.26071
G1 X101.001 Y91.517 E20.28461
G1 X91.517 Y101.001 E20.78044
G1 X91.517 Y100.354 E20.80434
G1 X100.354 Y91.517 E21.26637
G1 X99.708 Y91.517 E21.29027
G1 X91.517 Y99.708 E21.71851
G1 X91.517 Y99.061 E21.74241
G1 X99.061 Y91.517 E22.13685
G1 X98.415 Y91.517 E22.16075
G1 X91.517 Y98.415 E22.5214
G1 X91.517 Y97.769 E22.5453
G1 X97.769 Y91.517 E22.87215
G1 X97.122 Y91.517 E22.89605
G1 X91.517 Y97.122 E23.1891
G1 X91.517 Y96.476 E23.213
G1 X96.476 Y91.517 E23.47226
G1 X95.829 Y91.517 E23.49615
G1 X91.517 Y95.829 E23.72162
G1 X91.517 Y95.183 E23.74552
G1 X95.183 Y91.517 E23.93718
G1 X94.537 Y91.517 E23.96108
G1 X91.517 Y94.537 E24.11895
G1 X91.517 Y93.89 E24.14285
G1 X93.89 Y91.517 E24.26692
G1 X93.244 Y91.517 E24.29082
G1 X91.517 Y93.244 E24.3811
G1 X91.517 Y92.597 E24.405
G1 X92.597 Y91.517 E24.46148
G1 X91.951 Y91.517 E24.48538
G1 X91.321 Y92.148 E24.51834
;LAYER_CHANGE
;Z:12.2
;HEIGHT:0.2
G1 Z12.2 F7800
; stop printing object cube_20x20x20_stl id:0 copy 0
; printing object cube_20x20x20_stl id:0 copy 0
G1 X91.181 Y91.181
;TYPE:Perimeter
;WIDTH:0.499999
G1 F3600
G1 X108.819 Y91.181 E25.18867
G1 X108.819 Y108.819 E25.859
G1 X91.181 Y108.819 E26.52933
G1 X91.181 Y91.181 E27.19966
G1 X90.716 Y90.716 F7800
G1 F3600
G1 X109.284 Y90.716 E27.90539
G1 X109.284 Y109.284 E28.61111
G1 X90.716 Y109.284 E29.31684
G1 X90.716 Y90.716 E30.02257
G1 X90.25 Y90.25 F7800
;TYPE:External perimeter
G1 F1800
G1 X109.75 Y90.25 E30.76369
G1 X109.75 Y109.75 E31.50481
G1 X90.25 Y109.75 E32.24594
G1 X90.25 Y90.25 E32.98706
;SEAM:90.25:90.25
;WIPE_START
G1 X90.683 Y90.5 F7800
;WIPE_END
G92 E0
G1 E-2 F2400
G1 X108.679 Y92.245 F7800
G1 E0 F2400
;TYPE:Solid infill
;WIDTH:0.486363
G1 F1800
G1 X107.952 Y91.517 E.03803
G1 X107.306 Y91.517 E.06193
G1 X108.483 Y92.694 E.12348
G1 X108.483 Y93.341 E.14738
G1 X106.659 Y91.517 E.24273
G1 X106.013 Y91.517 E.26663
G1 X108.483 Y93.987 E.39577
G1 X108.483 Y94.634 E.41967
G1 X105.366 Y91.517 E.58261
G1 X104.72 Y91.517 E.60651
G1 X108.483 Y95.28 E.80324
G1 X108.483 Y95.926 E.82714
G1 X104.074 Y91.517 E1.05767
G1 X103.427 Y91.517 E1.08157
G1 X108.483 Y96.573 E1.3459
G1 X108.483 Y97.219 E1.3698
G1 X102.781 Y91.517 E1.66792
G1 X102.134 Y91.517 E1.69182
G1 X108.483 Y97.866 E2.02374
G1 X108.483 Y98.512 E2.04764
G1 X101.488 Y91.517 E2.41336
G1 X100.842 Y91.517 E2.43726
G1 X108.483 Y99.158 E2.83677
G1 X108.483 Y99.805 E2.86067
G1 X100.195 Y91.517 E3.29398
G1 X99.549 Y91.517 E3.31788
G1 X108.483 Y100.451 E3.78498
G1 X108.483 Y101.098 E3.80888
G1 X98.902 Y91.517 E4.30978
G1 X98.256 Y91.517 E4.33368
G1 X108.483 Y101.744 E4.86838
G1 X108.483 Y102.391 E4.89228
G1 X97.609 Y91.517 E5.46077
G1 X96.963 Y91.517 E5.48467
G1 X108.483 Y103.037 E6.08696
G1 X108.483 Y103.683 E6.11086
G1 X96.317 Y91.517 E6.74695
G1 X95.67 Y91.517 E6.77084
G1 X108.483 Y104.33 E7.44073
G1 X108.483 Y104.976 E7.46463
G1 X95.024 Y91.517 E8.16831
G1 X94.377 Y91.517 E8.1922
G1 X108.483 Y105.623 E8.92968
G1 X108.483 Y106.269 E8.95358
G1 X93.731 Y91.517 E9.72485
G1 X93.085 Y91.517 E9.74875
G1 X108.483 Y106.915 E10.55381
G1 X108.483 Y107.562 E10.57771
G1 X92.438 Y91.517 E11.41658
G1 X91.792 Y91.517 E11.44047
G1 X108.483 Y108.208 E12.31313
G1 X108.483 Y108.483 E12.32329
G1 X108.111 Y108.483 E12.33703
G1 X91.517 Y91.889 E13.20462
G1 X91.517 Y92.535 E13.22852
G1 X107.465 Y108.483 E14.06231
G1 X106.818 Y108.483 E14.08621
G1 X91.517 Y93.182 E14.88621
G1 X91.517 Y93.828 E14.91011
G1 X106.172 Y108.483 E15.67631
G1 X105.526 Y108.483 E15.70021
G1 X91.517 Y94.474 E16.43261
G1 X91.517 Y95.121 E16.45651
G1 X104.879 Y108.483 E17.15512
G1 X104.233 Y108.483 E17.17902
G1 X91.517 Y95.767 E17.84383
G1 X91.517 Y96.414 E17.86773
G1 X103.586 Y108.483 E18.49874
G1 X102.94 Y108.483 E18.52264
G1 X91.517 Y97.06 E19.11986
G1 X91.517 Y97.706 E19.14376
G1 X102.294 Y108.483 E19.70719
G1 X101.647 Y108.483 E19.73108
G1 X91.517 Y98.353 E20.26071
G1 X91.517 Y98.999 E20.28461
G1 X101.001 Y108.483 E20.78044
G1 X100.354 Y108.483 E20.80434
G1 X91.517 Y99.646 E21.26638
G1 X91.517 Y100.292 E21.29027
G1 X99.708 Y108.483 E21.71851
G1 X99.061 Y108.483 E21.74241
G1 X91.517 Y100.939 E22.13685
G1 X91.517 Y101.585 E22.16075
G1 X98.415 Y108.483 E22.5214
G1 X97.769 Y108.483 E22.5453
G1 X91.517 Y102.231 E22.87215
G1 X91.517 Y102.878 E22.89605
G1 X97.122 Y108.483 E23.1891
G1 X96.476 Y108.483 E23.213
G1 X91.517 Y103.524 E23.47226
G1 X91.517 Y104.171 E23.49616
G1 X95.829 Y108.483 E23.72162
G1 X95.183 Y108.483 E23.74552
G1 X91.517 Y104.817 E23.93718
G1 X91.517 Y105.463 E23.96108
G1 X94.537 Y108.483 E24.11895
G1 X93.89 Y108.483 E24.14285
G1 X91.517 Y106.11 E24.26692
G1 X91.517 Y106.756 E24.29082
G1 X93.244 Y108.483 E24.3811
G1 X92.597 Y108.483 E24.405
G1 X91.517 Y107.403 E24.46148
G1 X91.517 Y108.049 E24.48538
G1 X92.148 Y108.679 E24.51834
;LAYER_CHANGE
;Z:12.4
;HEIGHT:0.2
G1 Z12.4 F7800
; stop printing object cube_20x20x20_stl id:0 copy 0
; printing object cube_20x20x20_stl id:0 copy 0
G1 X91.181 Y108.819
;TYPE:Perimeter
;WIDTH:0.499999
G1 F3600
G1 X91.181 Y91.181 E25.18867
G1 X108.819 Y91.181 E25.859
G1 X108.819 Y108.819 E26.52933
G1 X91.181 Y108.819 E27.19966
G1 X90.716 Y109.284 F7800
G1 F3600
G1 X90.716 Y90.716 E27.90539
G1 X109.284 Y90.716 E28.61111
G1 X109.284 Y109.284 E29.31684
G1 X90.716 Y109.284 E30.02257
G1 X90.25 Y109.75 F7800
;TYPE:External perimeter
G1 F1800
G1 X90.25 Y90.25 E30.76369
G1 X109.75 Y90.25 E31.50481
G1 X109.75 Y109.75 E32.24594
G1 X90.25 Y109.75 E32.98706
;SEAM:90.25:109.75
;WIPE_START
G1 X90.5 Y109.317 F7800
;WIPE_END
G92 E0
G1 E-2 F2400
G1 X91.321 Y92.148 F7800
G1 E0 F2400
;TYPE:Solid infill
;WIDTH:0.486363
G1 F1800
G1 X91.951 Y91.517 E.03296
G1 X92.597 Y91.517 E.05686
G1 X91.517 Y92.597 E.11334
G1 X91.517 Y93.244 E.13724
G1 X93.244 Y91.517 E.22752
G1 X93.89 Y91.517 E.25141
G1 X91.517 Y93.89 E.37549
G1 X91.517 Y94.537 E.39939
G1 X94.537 Y91.517 E.55726
G1 X95.183 Y91.517 E.58116
G1 X91.517 Y95.183 E.77282
G1 X91.517 Y95.829 E.79672
G1 X95.829 Y91.517 E1.02218
G1 X96.476 Y91.517 E1.04608
G1 X91.517 Y96.476 E1.30534
G1 X91.517 Y97.122 E1.32924
G1 X97.122 Y91.517 E1.62229
G1 X97.769 Y91.517 E1.64619
G1 X91.517 Y97.769 E1.97304
G1 X91.517 Y98.415 E1.99694
G1 X98.415 Y91.517 E2.35759
G1 X99.061 Y91.517 E2.38148
G1 X91.517 Y99.061 E2.77593
G1 X91.517 Y99.708 E2.79983
G1 X99.708 Y91.517 E3.22807
G1 X100.354 Y91.517 E3.25196
G1 X91.517 Y100.354 E3.714
G1 X91.517 Y101.001 E3.7379
G1 X101.001 Y91.517 E4.23373
G1 X101.647 Y91.517 E4.25763
G1 X91.517 Y101.647 E4.78726
G1 X91.517 Y102.294 E4.81115
G1 X102.294 Y91.517 E5.37458
G1 X102.94 Y91.517 E5.39847
G1 X91.517 Y102.94 E5.9957
G1 X91.517 Y103.586 E6.01959
G1 X103.586 Y91.517 E6.65061
G1 X104.233 Y91.517 E6.67451
G1 X91.517 Y104.233 E7.33932
G1 X91.517 Y104.879 E7.36322
G1 X104.879 Y91.517 E8.06183
G1 X105.526 Y91.517 E8.08573
G1 X91.517 Y105.526 E8.81813
G1 X91.517 Y106.172 E8.84203
G1 X106.172 Y91.517 E9.60823
G1 X106.818 Y91.517 E9.63213
G1 X91.517 Y106.818 E10.43213
G1 X91.517 Y107.465 E10.45602
G1 X107.465 Y91.517 E11.28982
G1 X108.111 Y91.517 E11.31372
G1 X91.517 Y108.111 E12.18131
G1 X91.517 Y108.483 E12.19505
G1 X91.792 Y108.483 E12.2052
G1 X108.483 Y91.792 E13.07786
G1 X108.483 Y92.438 E13.10176
G1 X92.438 Y108.483 E13.94063
G1 X93.085 Y108.483 E13.96452
G1 X108.483 Y93.085 E14.76959
G1 X108.483 Y93.731 E14.79349
G1 X93.731 Y108.483 E15.56476
G1 X94.377 Y108.483 E15.58866
G1 X108.483 Y94.377 E16.32614
G1 X108.483 Y95.024 E16.35003
G1 X95.024 Y108.483 E17.05371
G1 X95.67 Y108.483 E17.07761
G1 X108.483 Y95.67 E17.74749
G1 X108.483 Y96.317 E17.77139
G1 X96.317 Y108.483 E18.40748
G1 X96.963 Y108.483 E18.43138
G1 X108.483 Y96.963 E19.03367
G1 X108.483 Y97.609 E19.05756
G1 X97.609 Y108.483 E19.62606
G1 X98.256 Y108.483 E19.64996
G1 X108.483 Y98.256 E20.18466
G1 X108.483 Y98.902 E20.20855
G1 X98.902 Y108.483 E20.70946
G1 X99.549 Y108.483 E20.73335
G1 X108.483 Y99.549 E21.20046
G1 X108.483 Y100.195 E21.22436
G1 X100.195 Y108.483 E21.65767
G1 X100.842 Y108.483 E21.68157
G1 X108.483 Y100.842 E22.08108
G1 X108.483 Y101.488 E22.10498
G1 X101.488 Y108.483 E22.4707
G1 X102.134 Y108.483 E22.49459
G1 X108.483 Y102.134 E22.82651
G1 X108.483 Y102.781 E22.85041
G1 X102.781 Y108.483 E23.14854
G1 X103.427 Y108.483 E23.17244
G1 X108.483 Y103.427 E23.43676
G1 X108.483 Y104.074 E23.46066
G1 X104.074 Y108.483 E23.6912
G1 X104.72 Y108.483 E23.71509
G1 X108.483 Y104.72 E23.91183
G1 X108.483 Y105.366 E23.93573
G1 X105.366 Y108.483 E24.09867
G1 X106.013 Y108.483 E24.12257
G1 X108.483 Y106.013 E24.25171
G1 X108.483 Y106.659 E24.27561
G1 X106.659 Y108.483 E24.37096
G1 X107.306 Y108.483 E24.39485
G1 X108.483 Y107.306 E24.45641
G1 X108.483 Y107.952 E24.4803
G1 X107.755 Y108.679 E24.51834
;LAYER_CHANGE
;Z:12.6
;HEIGHT:0.2
G1 Z12.6 F7800
; stop printing object cube_20x20x20_stl id:0 copy 0
; printing object cube_20x20x20_stl id:0 copy 0
G1 X108.819 Y108.819
;TYPE:Perimeter
;WIDTH:0.499999
G1 F3600
G1 X91.181 Y108.819 E25.18867
G1 X91.181 Y91.181 E25.859
G1 X108.819 Y91.181 E26.52933
G1 X108.819 Y108.819 E27.19966
G1 X109.284 Y109.284 F7800
G1 F3600
G1 X90.716 Y109.284 E27.90539
G1 X90.716 Y90.716 E28.61111
G1 X109.284 Y90.716 E29.31684
G1 X109.284 Y109.284 E30.02257
G1 X109.75 Y109.75 F7800
;TYPE:External perimeter
G1 F1800
G1 X90.25 Y109.75 E30.76369
G1 X90.25 Y90.25 E31.50481
G1 X109.75 Y90.25 E32.24594
G1 X109.75 Y109.75 E32.98706
;SEAM:109.75:109.75
;WIPE_START
G1 X109.317 Y109.5 F7800
;WIPE_END
G92 E0
G1 E-2 F2400
G1 X92.148 Y108.679 F7800
G1 E0 F2400
;TYPE:Solid infill
;WIDTH:0.486363
G1 F1800
G1 X91.517 Y108.049 E.03296
G1 X91.517 Y107.403 E.05686
G1 X92.597 Y108.483 E.11334
G1 X93.244 Y108.483 E.13724
G1 X91.517 Y106.756 E.22752
G1 X91.517 Y106.11 E.25141
G1 X93.89 Y108.483 E.37549
G1 X94.537 Y108.483 E.39939
G1 X91.517 Y105.463 E.55726
G1 X91.517 Y104.817 E.58115
G1 X95.183 Y108.483 E.77282
G1 X95.829 Y108.483 E.79672
G1 X91.517 Y104.171 E1.02218
G1 X91.517 Y103.524 E1.04608
G1 X96.476 Y108.483 E1.30534
G1 X97.122 Y108.483 E1.32924
G1 X91.517 Y102.878 E1.62229
G1 X91.517 Y102.231 E1.64619
G1 X97.769 Y108.483 E1.97304
G1 X98.415 Y108.483 E1.99694
G1 X91.517 Y101.585 E2.35759
G1 X91.517 Y100.939 E2.38148
G1 X99.061 Y108.483 E2.77593
G1 X99.708 Y108.483 E2.79982
G1 X91.517 Y100.292 E3.22806
G1 X91.517 Y99.646 E3.25196
G1 X100.354 Y108.483 E3.714
G1 X101.001 Y108.483 E3.7379
G1 X91.517 Y98.999 E4.23373
G1 X91.517 Y98.353 E4.25763
G1 X101.647 Y108.483 E4.78725
G1 X102.294 Y108.483 E4.81115
G1 X91.517 Y97.706 E5.37458
G1 X91.517 Y97.06 E5.39847
G1 X102.94 Y108.483 E5.99569
G1 X103.586 Y108.483 E6.01959
G1 X91.517 Y96.414 E6.65061
G1 X91.517 Y95.767 E6.67451
G1 X104.233 Y108.483 E7.33932
G1 X104.879 Y108.483 E7.36322
G1 X91.517 Y95.121 E8.06183
G1 X91.517 Y94.474 E8.08572
G1 X105.526 Y108.483 E8.81813
G1 X106.172 Y108.483 E8.84203
G1 X91.517 Y93.828 E9.60823
G1 X91.517 Y93.182 E9.63213
G1 X106.818 Y108.483 E10.43213
G1 X107.465 Y108.483 E10.45602
G1 X91.517 Y92.535 E11.28982
G1 X91.517 Y91.889 E11.31371
G1 X108.111 Y108.483 E12.1813
G1 X108.483 Y108.483 E12.19505
G1 X108.483 Y108.208 E12.2052
G1 X91.792 Y91.517 E13.07786
G1 X92.438 Y91.517 E13.10176
G1 X108.483 Y107.562 E13.94063
G1 X108.483 Y106.915 E13.96452
G1 X93.085 Y91.517 E14.76959
G1 X93.731 Y91.517 E14.79349
G1 X108.483 Y106.269 E15.56476
G1 X108.483 Y105.623 E15.58866
G1 X94.377 Y91.517 E16.32613
G1 X95.024 Y91.517 E16.35003
G1 X108.483 Y104.976 E17.05371
G1 X108.483 Y104.33 E17.07761
G1 X95.67 Y91.517 E17.74749
G1 X96.317 Y91.517 E17.77139
G1 X108.483 Y103.683 E18.40748
G1 X108.483 Y103.037 E18.43138
G1 X96.963 Y91.517 E19.03367
G1 X97.609 Y91.517 E19.05756
G1 X108.483 Y102.391 E19.62606
G1 X108.483 Y101.744 E19.64996
G1 X98.256 Y91.517 E20.18466
G1 X98.902 Y91.517 E20.20855
G1 X108.483 Y101.098 E20.70946
G1 X108.483 Y100.451 E20.73335
G1 X99.549 Y91.517 E21.20046
G1 X100.195 Y91.517 E21.22436
G1 X108.483 Y99.805 E21.65767
G1 X108.483 Y99.158 E21.68157
G1 X100.842 Y91.517 E22.08108
G1 X101.488 Y91.517 E22.10498
G1 X108.483 Y98.512 E22.4707
G1 X108.483 Y97.866 E22.49459
G1 X102.134 Y91.517 E22.82651
G1 X102.781 Y91.517 E22.85041
G1 X108.483 Y97.219 E23.14854
G1 X108.483 Y96.573 E23.17244
G1 X103.427 Y91.517 E23.43677
G1 X104.074 Y91.517 E23.46066
G1 X108.483 Y95.926 E23.6912
G1 X108.483 Y95.28 E23.71509
G1 X104.72 Y91.517 E23.91183
G1 X105.366 Y91.517 E23.93573
G1 X108.483 Y94.634 E24.09867
G1 X108.483 Y93.987 E24.12257
G1 X106.013 Y91.517 E24.25171
G1 X106.659 Y91.517 E24.27561
G1 X108.483 Y93.341 E24.37096
G1 X108.483 Y92.694 E24.39485
G1 X107.306 Y91.517 E24.45641
G1 X107.952 Y91.517 E24.4803
G1 X108.679 Y92.245 E24.51834
;LAYER_CHANGE
;Z:12.8
;HEIGHT:0.2
G1 Z12.8 F7800
; stop printing object cube_20x20x20_stl id:0 copy 0
; printing object cube_20x20x20_stl id:0 copy 0
G1 X108.819 Y91.181
;TYPE:Perimeter
;WIDTH:0.499999
G1 F3600
G1 X108.819 Y108.819 E25.18867
G1 X91.181 Y108.819 E25.859
G1 X91.181 Y91.181 E26.52933
G1 X108.819 Y91.181 E27.19966
G1 X109.284 Y90.716 F7800
G1 F3600
G1 X109.284 Y109.284 E27.90539
G1 X90.716 Y109.284 E28.61111
G1 X90.716 Y90.716 E29.31684
G1 X109.284 Y90.716 E30.02257
G1 X109.75 Y90.25 F7800
;TYPE:External perimeter
G1 F1800
G1 X109.75 Y109.75 E30.76369
G1 X90.25 Y109.75 E31.50481
G1 X90.25 Y90.25 E32.24594
G1 X109.75 Y90.25 E32.98706
;SEAM:109.75:90.25
;WIPE_START
G1 X109.5 Y90.683 F7800
;WIPE_END
G92 E0
G1 E-2 F2400
G1 X107.755 Y108.679 F7800
G1 E0 F2400
;TYPE:Solid infill
;WIDTH:0.486363
G1 F1800
G1 X108.483 Y107.952 E.03803
G1 X108.483 Y107.306 E.06193
G1 X107.306 Y108.483 E.12348
G1 X106.659 Y108.483 E.14738
G1 X108.483 Y106.659 E.24273
G1 X108.483 Y106.013 E.26663
G1 X106.013 Y108.483 E.39577
G1 X105.366 Y108.483 E.41967
G1 X108.483 Y105.366 E.58261
G1 X108.483 Y104.72 E.60651
G1 X104.72 Y108.483 E.80324
G1 X104.074 Y108.483 E.82714
G1 X108.483 Y104.074 E1.05767
G1 X108.483 Y103.427 E1.08157
G1 X103.427 Y108.483 E1.3459
G1 X102.781 Y108.483 E1.3698
G1 X108.483 Y102.781 E1.66792
G1 X108.483 Y102.134 E1.69182
G1 X102.134 Y108.483 E2.02374
G1 X101.488 Y108.483 E2.04764
G1 X108.483 Y101.488 E2.41336
G1 X108.483 Y100.842 E2.43726
G1 X100.842 Y108.483 E2.83677
G1 X100.195 Y108.483 E2.86067
G1 X108.483 Y100.195 E3.29398
G1 X108.483 Y99.549 E3.31788
G1 X99.549 Y108.483 E3.78498
G1 X98.902 Y108.483 E3.80888
G1 X108.483 Y98.902 E4.30978
G1 X108.483 Y98.256 E4.33368
G1 X98.256 Y108.483 E4.86838
G1 X97.609 Y108.483 E4.89228
G1 X108.483 Y97.609 E5.46077
G1 X108.483 Y96.963 E5.48467
G1 X96.963 Y108.483 E6.08696
G1 X96.317 Y108.483 E6.11086
G1 X108.483 Y96.317 E6.74695
G1 X108.483 Y95.67 E6.77084
G1 X95.67 Y108.483 E7.44073
G1 X95.024 Y108.483 E7.46462
G1 X108.483 Y95.024 E8.1683
G1 X108.483 Y94.377 E8.1922
G1 X94.377 Y108.483 E8.92968
G1 X93.731 Y108.483 E8.95358
G1 X108.483 Y93.731 E9.72485
G1 X108.483 Y93.085 E9.74875
G1 X93.085 Y108.483 E10.55381
G1 X92.438 Y108.483 E10.57771
G1 X108.483 Y92.438 E11.41658
G1 X108.483 Y91.792 E11.44047
G1 X91.792 Y108.483 E12.31313
G1 X91.517 Y108.483 E12.32329
G1 X91.517 Y108.111 E12.33703
G1 X108.111 Y91.517 E13.20462
G1 X107.465 Y91.517 E13.22852
G1 X91.517 Y107.465 E14.06231
G1 X91.517 Y106.818 E14.08621
G1 X106.818 Y91.517 E14.88621
G1 X106.172 Y91.517 E14.91011
G1 X91.517 Y106.172 E15.67631
G1 X91.517 Y105.526 E15.70021
G1 X105.526 Y91.517 E16.43261
G1 X104.879 Y91.517 E16.45651
G1 X91.517 Y104.879 E17.15512
G1 X91.517 Y104.233 E17.17902
G1 X104.233 Y91.517 E17.84383
G1 X103.586 Y91.517 E17.86773
G1 X91.517 Y103.586 E18.49874
G1 X91.517 Y102.94 E18.52264
G1 X102.94 Y91.517 E19.11986
G1 X102.294 Y91.517 E19.14376
G1 X91.517 Y102.294 E19.70718
G1 X91.517 Y101.647 E19.73108
G1 X101.647 Y91.517 E20.26071
G1 X101.001 Y91.517 E20.28461
G1 X91.517 Y101.001 E20.78044
G1 X91.517 Y100.354 E20.80434
G1 X100.354 Y91.517 E21.26637
G1 X99.708 Y91.517 E21.29027
G1 X91.517 Y99.708 E21.71851
G1 X91.517 Y99.061 E21.74241
G1 X99.061 Y91.517 E22.13685
G1 X98.415 Y91.517 E22.16075
G1 X91.517 Y98.415 E22.5214
G1 X91.517 Y97.769 E22.5453
G1 X97.769 Y91.517 E22.87215
G1 X97.122 Y91.517 E22.89605
G1 X91.517 Y97.122 E23.1891
G1 X91.517 Y96.476 E23.213
G1 X96.476 Y91.517 E23.47226
G1 X95.829 Y91.517 E23.49615
G1 X91.517 Y95.829 E23.72162
G1 X91.517 Y95.183 E23.74552
G1 X95.183 Y91.517 E23.93718
G1 X94.537 Y91.517 E23.96108
G1 X91.517 Y94.537 E24.11895
G1 X91.517 Y93.89 E24.14285
G1 X93.89 Y91.517 E24.26692
G1 X93.244 Y91.517 E24.29082
G1 X91.517 Y93.244 E24.3811
G1 X91.517 Y92.597 E24.405
G1 X92.597 Y91.517 E24.46148
G1 X91.951 Y91.517 E24.48538
G1 X91.321 Y92.148 E24.51834
;LAYER_CHANGE
;Z:13
;HEIGHT:0.2
G1 Z13 F7800
; stop printing object cube_20x20x20_stl id:0 copy 0
; printing object cube_20x20x20_stl id:0 copy 0
G1 X91.181 Y91.181
;TYPE:Perimeter
;WIDTH:0.499999
G1 F3600
G1 X108.819 Y91.181 E25.18867
G1 X108.819 Y108.819 E25.859
G1 X91.181 Y108.819 E26.52933
G1 X91.181 Y91.181 E27.19966
G1 X90.716 Y90.716 F7800
G1 F3600
G1 X109.284 Y90.716 E27.90539
G1 X109.284 Y109.284 E28.61111
G1 X90.716 Y109.284 E29.31684
G1 X90.716 Y90.716 E30.02257
G1 X90.25 Y90.25 F7800
;TYPE:External perimeter
G1 F1800
G1 X109.75 Y90.25 E30.76369
G1 X109.75 Y109.75 E31.50481
G1 X90.25 Y109.75 E32.24594
G1 X90.25 Y90.25 E32.98706
;SEAM:90.25:90.25
;WIPE_START
G1 X90.683 Y90.5 F7800
;WIPE_END
G92 E0
G1 E-2 F2400
G1 X108.679 Y92.245 F7800
G1 E0 F2400
;TYPE:Solid infill
;WIDTH:0.486363
G1 F1800
G1 X107.952 Y91.517 E.03803
G1 X107.306 Y91.517 E.06193
G1 X108.483 Y92.694 E.12348
G1 X108.483 Y93.341 E.14738
G1 X106.659 Y91.517 E.24273
G1 X106.013 Y91.517 E.26663
G1 X108.483 Y93.987 E.39577
G1 X108.483 Y94.634 E.41967
G1 X105.366 Y91.517 E.58261
G1 X104.72 Y91.517 E.60651
G1 X108.483 Y95.28 E.80324
G1 X108.483 Y95.926 E.82714
G1 X104.074 Y91.517 E1.05767
G1 X103.427 Y91.517 E1.08157
G1 X108.483 Y96.573 E1.3459
G1 X108.483 Y97.219 E1.3698
G1 X102.781 Y91.517 E1.66792
G1 X102.134 Y91.517 E1.69182
G1 X108.483 Y97.866 E2.02374
G1 X108.483 Y98.512 E2.04764
G1 X101.488 Y91.517 E2.41336
G1 X100.842 Y91.517 E2.43726
G1 X108.483 Y99.158 E2.83677
G1 X108.483 Y99.805 E2.86067
G1 X100.195 Y91.517 E3.29398
G1 X99.549 Y91.517 E3.31788
G1 X108.483 Y100.451 E3.78498
G1 X108.483 Y101.098 E3.80888
G1 X98.902 Y91.517 E4.30978
G1 X98.256 Y91.517 E4.33368
G1 X108.483 Y101.744 E4.86838
G1 X108.483 Y102.391 E4.89228
G1 X97.609 Y91.517 E5.46077
G1 X96.963 Y91.517 E5.48467
G1 X108.483 Y103.037 E6.08696
G1 X108.483 Y103.683 E6.11086
G1 X96.317 Y91.517 E6.74695
G1 X95.67 Y91.517 E6.77084
G1 X108.483 Y104.33 E7.44073
G1 X108.483 Y104.976 E7.46463
G1 X95.024 Y91.517 E8.16831
G1 X94.377 Y91.517 E8.1922
G1 X108.483 Y105.623 E8.92968
G1 X108.483 Y106.269 E8.95358
G1 X93.731 Y91.517 E9.72485
G1 X93.085 Y91.517 E9.74875
G1 X108.483 Y106.915 E10.55381
G1 X108.483 Y107.562 E10.57771
G1 X92.438 Y91.517 E11.41658
G1 X91.792 Y91.517 E11.44047
G1 X108.483 Y108.208 E12.31313
G1 X108.483 Y108.483 E12.32329
G1 X108.111 Y108.483 E12.33703
G1 X91.517 Y91.889 E13.20462
G1 X91.517 Y92.535 E13.22852
G1 X107.465 Y108.483 E14.06231
G1 X106.818 Y108.483 E14.08621
G1 X91.517 Y93.182 E14.88621
G1 X91.517 Y93.828 E14.91011
G1 X106.172 Y108.483 E15.67631
G1 X105.526 Y108.483 E15.70021
G1 X91.517 Y94.474 E16.43261
G1 X91.517 Y95.121 E16.45651
G1 X104.879 Y108.483 E17.15512
G1 X104.233 Y108.483 E17.17902
G1 X91.517 Y95.767 E17.84383
G1 X91.517 Y96.414 E17.86773
G1 X103.586 Y108.483 E18.49874
G1 X102.94 Y108.483 E18.52264
G1 X91.517 Y97.06 E19.11986
G1 X91.517 Y97.706 E19.14376
G1 X102.294 Y108.483 E19.70719
G1 X101.647 Y108.483 E19.73108
G1 X91.517 Y98.353 E20.26071
G1 X91.517 Y98.999 E20.28461
G1 X101.001 Y108.483 E20.78044
G1 X100.354 Y108.483 E20.80434
G1 X91.517 Y99.646 E21.26638
G1 X91.517 Y100.292 E21.29027
G1 X99.708 Y108.483 E21.71851
G1 X99.061 Y108.483 E21.74241
G1 X91.517 Y100.939 E22.13685
G1 X91.517 Y101.585 E22.16075
G1 X98.415 Y108.483 E22.5214
G1 X97.769 Y108.483 E22.5453
G1 X91.517 Y102.231 E22.87215
G1 X91.517 Y102.878 E22.89605
G1 X97.122 Y108.483 E23.1891
G1 X96.476 Y108.483 E23.213
G1 X91.517 Y103.524 E23.47226
G1 X91.517 Y104.171 E23.49616
G1 X95.829 Y108.483 E23.72162
G1 X95.183 Y108.483 E23.74552
G1 X91.517 Y104.817 E23.93718
G1 X91.517 Y105.463 E23.96108
G1 X94.537 Y108.483 E24.11895
G1 X93.89 Y108.483 E24.14285
G1 X91.517 Y106.11 E24.26692
G1 X91.517 Y106.756 E24.29082
G1 X93.244 Y108.483 E24.3811
G1 X92.597 Y108.483 E24.405
G1 X91.517 Y107.403 E24.46148
G1 X91.517 Y108.049 E24.48538
G1 X92.148 Y108.679 E24.51834
;LAYER_CHANGE
;Z:13.2
;HEIGHT:0.2
G1 Z13.2 F7800
; stop printing object cube_20x20x20_stl id:0 copy 0
; printing object cube_20x20x20_stl id:0 copy 0
G1 X91.181 Y108.819
;TYPE:Perimeter
;WIDTH:0.499999
G1 F3600
G1 X91.181 Y91.181 E25.18867
G1 X108.819 Y91.181 E25.859
G1 X108.819 Y108.819 E26.52933
G1 X91.181 Y108.819 E27.19966
G1 X90.716 Y109.284 F7800
G1 F3600
G1 X90.716 Y90.716 E27.90539
G1 X109.284 Y90.716 E28.61111
G1 X109.284 Y109.284 E29.31684
G1 X90.716 Y109.284 E30.02257
G1 X90.25 Y109.75 F7800
;TYPE:External perimeter
G1 F1800
G1 X90.25 Y90.25 E30.76369
G1 X109.75 Y90.25 E31.50481
G1 X109.75 Y109.75 E32.24594
G1 X90.25 Y109.75 E32.98706
;SEAM:90.25:109.75
;WIPE_START
G1 X90.5 Y109.317 F7800
;WIPE_END
G92 E0
G1 E-2 F2400
G1 X91.321 Y92.148 F7800
G1 E0 F2400
;TYPE:Solid infill
;WIDTH:0.486363
G1 F1800
G1 X91.951 Y91.517 E.03296
G1 X92.597 Y91.517 E.05686
G1 X91.517 Y92.597 E.11334
G1 X91.517 Y93.244 E.13724
G1 X93.244 Y91.517 E.22752
G1 X93.89 Y91.517 E.25141
G1 X91.517 Y93.89 E.37549
G1 X91.517 Y94.537 E.39939
G1 X94.537 Y91.517 E.55726
G1 X95.183 Y91.517 E.58116
G1 X91.517 Y95.183 E.77282
G1 X91.517 Y95.829 E.79672
G1 X95.829 Y91.517 E1.02218
G1 X96.476 Y91.517 E1.04608
G1 X91.517 Y96.476 E1.30534
G1 X91.517 Y97.122 E1.32924
G1 X97.122 Y91.517 E1.62229
G1 X97.769 Y91.517 E1.64619
G1 X91.517 Y97.769 E1.97304
G1 X91.517 Y98.415 E1.99694
G1 X98.415 Y91.517 E2.35759
G1 X99.061 Y91.517 E2.38148
G1 X91.517 Y99.061 E2.77593
G1 X91.517 Y99.708 E2.79983
G1 X99.708 Y91.517 E3.22807
G1 X100.354 Y91.517 E3.25196
G1 X91.517 Y100.354 E3.714
G1 X91.517 Y101.001 E3.7379
G1 X101.001 Y91.517 E4.23373
G1 X101.647 Y91.517 E4.25763
G1 X91.517 Y101.647 E4.78726
G1 X91.517 Y102.294 E4.81115
G1 X102.294 Y91.517 E5.37458
G1 X102.94 Y91.517 E5.39847
G1 X91.517 Y102.94 E5.9957
G1 X91.517 Y103.586 E6.01959
G1 X103.586 Y91.517 E6.65061
G1 X104.233 Y91.517 E6.67451
G1 X91.517 Y104.233 E7.33932
G1 X91.517 Y104.879 E7.36322
G1 X104.879 Y91.517 E8.06183
G1 X105.526 Y91.517 E8.08573
G1 X91.517 Y105.526 E8.81813
G1 X91.517 Y106.172 E8.84203
G1 X106.172 Y91.517 E9.60823
G1 X106.818 Y91.517 E9.63213
G1 X91.517 Y106.818 E10.43213
G1 X91.517 Y107.465 E10.45602
G1 X107.465 Y91.517 E11.28982
G1 X108.111 Y91.517 E11.31372
G1 X91.517 Y108.111 E12.18131
G1 X91.517 Y108.483 E12.19505
G1 X91.792 Y108.483 E12.2052
G1 X108.483 Y91.792 E13.07786
G1 X108.483 Y92.438 E13.10176
G1 X92.438 Y108.483 E13.94063
G1 X93.085 Y108.483 E13.96452
G1 X108.483 Y93.085 E14.76959
G1 X108.483 Y93.731 E14.79349
G1 X93.731 Y108.483 E15.56476
G1 X94.377 Y108.483 E15.58866
G1 X108.483 Y94.377 E16.32614
G1 X108.483 Y95.024 E16.35003
G1 X95.024 Y108.483 E17.05371
G1 X95.67 Y108.483 E17.07761
G1 X108.483 Y95.67 E17.74749
G1 X108.483 Y96.317 E17.77139
G1 X96.317 Y108.483 E18.40748
G1 X96.963 Y108.483 E18.43138
G1 X108.483 Y96.963 E19.03367
G1 X108.483 Y97.609 E19.05756
G1 X97.609 Y108.483 E19.62606
G1 X98.256 Y108.483 E19.64996
G1 X108.483 Y98.256 E20.18466
G1 X108.483 Y98.902 E20.20855
G1 X98.902 Y108.483 E20.70946
G1 X99.549 Y108.483 E20.73335
G1 X108.483 Y99.549 E21.20046
G1 X108.483 Y100.195 E21.22436
G1 X100.195 Y108.483 E21.65767
G1 X100.842 Y108.483 E21.68157
G1 X108.483 Y100.842 E22.08108
G1 X108.483 Y101.488 E22.10498
G1 X101.488 Y108.483 E22.4707
G1 X102.134 Y108.483 E22.49459
G1 X108.483 Y102.134 E22.82651
G1 X108.483 Y102.781 E22.85041
G1 X102.781 Y108.483 E23.14854
G1 X103.427 Y108.483 E23.17244
G1 X108.483 Y103.427 E23.43676
G1 X108.483 Y104.074 E23.46066
G1 X104.074 Y108.483 E23.6912
G1 X104.72 Y108.483 E23.71509
G1 X108.483 Y104.72 E23.91183
G1 X108.483 Y105.366 E23.93573
G1 X105.366 Y108.483 E24.09867
G1 X106.013 Y108.483 E24.12257
G1 X108.483 Y106.013 E24.25171
G1 X108.483 Y106.659 E24.27561
G1 X106.659 Y108.483 E24.37096
G1 X107.306 Y108.483 E24.39485
G1 X108.483 Y107.306 E24.45641
G1 X108.483 Y107.952 E24.4803
G1 X107.755 Y108.679 E24.51834
;LAYER_CHANGE
;Z:13.4
;HEIGHT:0.2
G1 Z13.4 F7800
; stop printing object cube_20x20x20_stl id:0 copy 0
; printing object cube_20x20x20_stl id:0 copy 0
G1 X108.819 Y108.819
;TYPE:Perimeter
;WIDTH:0.499999
G1 F3600
G1 X91.181 Y108.819 E25.18867
G1 X91.181 Y91.181 E25.859
G1 X108.819 Y91.181 E26.52933
G1 X108.819 Y108.819 E27.19966
G1 X109.284 Y109.284 F7800
G1 F3600
G1 X90.716 Y109.284 E27.90539
G1 X90.716 Y90.716 E28.61111
G1 X109.284 Y90.716 E29.31684
G1 X109.284 Y109.284 E30.02257
G1 X109.75 Y109.75 F7800
;TYPE:External perimeter
G1 F1800
G1 X90.25 Y109.75 E30.76369
G1 X90.25 Y90.25 E31.50481
G1 X109.75 Y90.25 E32.24594
G1 X109.75 Y109.75 E32.98706
;SEAM:109.75:109.75
;WIPE_START
G1 X109.317 Y109.5 F7800
;WIPE_END
G92 E0
G1 E-2 F2400
G1 X92.148 Y108.679 F7800
G1 E0 F2400
;TYPE:Solid infill
;WIDTH:0.486363
G1 F1800
G1 X91.517 Y108.049 E.03296
G1 X91.517 Y107.403 E.05686
G1 X92.597 Y108.483 E.11334
G1 X93.244 Y108.483 E.13724
G1 X91.517 Y106.756 E.22752
G1 X91.517 Y106.11 E.25141
G1 X93.89 Y108.483 E.37549
G1 X94.537 Y108.483 E.39939
G1 X91.517 Y105.463 E.55726
G1 X91.517 Y104.817 E.58115
G1 X95.183 Y108.483 E.77282
G1 X95.829 Y108.483 E.79672
G1 X91.517 Y104.171 E1.02218
G1 X91.517 Y103.524 E1.04608
G1 X96.476 Y108.483 E1.30534
G1 X97.122 Y108.483 E1.32924
G1 X91.517 Y102.878 E1.62229
G1 X91.517 Y102.231 E1.64619
G1 X97.769 Y108.483 E1.97304
G1 X98.415 Y108.483 E1.99694
G1 X91.517 Y101.585 E2.35759
G1 X91.517 Y100.939 E2.38148
G1 X99.061 Y108.483 E2.77593
G1 X99.708 Y108.483 E2.79982
G1 X91.517 Y100.292 E3.22806
G1 X91.517 Y99.646 E3.25196
G1 X100.354 Y108.483 E3.714
G1 X101.001 Y108.483 E3.7379
G1 X91.517 Y98.999 E4.23373
G1 X91.517 Y98.353 E4.25763
G1 X101.647 Y108.483 E4.78725
G1 X102.294 Y108.483 E4.81115
G1 X91.517 Y97.706 E5.37458
G1 X91.517 Y97.06 E5.39847
G1 X102.94 Y108.483 E5.99569
G1 X103.586 Y108.483 E6.01959
G1 X91.517 Y96.414 E6.65061
G1 X91.517 Y95.767 E6.67451
G1 X104.233 Y108.483 E7.33932
G1 X104.879 Y108.483 E7.36322
G1 X91.517 Y95.121 E8.06183
G1 X91.517 Y94.474 E8.08572
G1 X105.526 Y108.483 E8.81813
G1 X106.172 Y108.483 E8.84203
G1 X91.517 Y93.828 E9.60823
G1 X91.517 Y93.182 E9.63213
G1 X106.818 Y108.483 E10.43213
G1 X107.465 Y108.483 E10.45602
G1 X91.517 Y92.535 E11.28982
G1 X91.517 Y91.889 E11.31371
G1 X108.111 Y108.483 E12.1813
G1 X108.483 Y108.483 E12.19505
G1 X108.483 Y108.208 E12.2052
G1 X91.792 Y91.517 E13.07786
G1 X92.438 Y91.517 E13.10176
G1 X108.483 Y107.562 E13.94063
G1 X108.483 Y106.915 E13.96452
G1 X93.085 Y91.517 E14.76959
G1 X93.731 Y91.517 E14.79349
G1 X108.483 Y106.269 E15.56476
G1 X108.483 Y105.623 E15.58866
G1 X94.377 Y91.517 E16.32613
G1 X95.024 Y91.517 E16.35003
G1 X108.483 Y104.976 E17.05371
G1 X108.483 Y104.33 E17.07761
G1 X95.67 Y91.517 E17.74749
G1 X96.317 Y91.517 E17.77139
G1 X108.483 Y103.683 E18.40748
G1 X108.483 Y103.037 E18.43138
G1 X96.963 Y91.517 E19.03367
G1 X97.609 Y91.517 E19.05756
G1 X108.483 Y102.391 E19.62606
G1 X108.483 Y101.744 E19.64996
G1 X98.256 Y91.517 E20.18466
G1 X98.902 Y91.517 E20.20855
G1 X108.483 Y101.098 E20.70946
G1 X108.483 Y100.451 E20.73335
G1 X99.549 Y91.517 E21.20046
G1 X100.195 Y91.517 E21.22436
G1 X108.483 Y99.805 E21.65767
G1 X108.483 Y99.158 E21.68157
G1 X100.842 Y91.517 E22.08108
G1 X101.488 Y91.517 E22.10498
G1 X108.483 Y98.512 E22.4707
G1 X108.483 Y97.866 E22.49459
G1 X102.134 Y91.517 E22.82651
G1 X102.781 Y91.517 E22.85041
G1 X108.483 Y97.219 E23.14854
G1 X108.483 Y96.573 E23.17244
G1 X103.427 Y91.517 E23.43677
G1 X104.074 Y91.517 E23.46066
G1 X108.483 Y95.926 E23.6912
G1 X108.483 Y95.28 E23.71509
G1 X104.72 Y91.517 E23.91183
G1 X105.366 Y91.517 E23.93573
G1 X108.483 Y94.634 E24.09867
G1 X108.483 Y93.987 E24.12257
G1 X106.013 Y91.517 E24.25171
G1 X106.659 Y91.517 E24.27561
G1 X108.483 Y93.341 E24.37096
G1 X108.483 Y92.694 E24.39485
G1 X107.306 Y91.517 E24.45641
G1 X107.952 Y91.517 E24.4803
G1 X108.679 Y92.245 E24.51834
;LAYER_CHANGE
;Z:13.6
;HEIGHT:0.2
G1 Z13.6 F7800
; stop printing object cube_20x20x20_stl id:0 copy 0
; printing object cube_20x20x20_stl id:0 copy 0
G1 X108.819 Y91.181
;TYPE:Perimeter
;WIDTH:0.499999
G1 F3600
G1 X108.819 Y108.819 E25.18867
G1 X91.181 Y108.819 E25.859
G1 X91.181 Y91.181 E26.52933
G1 X108.819 Y91.181 E27.19966
G1 X109.284 Y90.716 F7800
G1 F3600
G1 X109.284 Y109.284 E27.90539
G1 X90.716 Y109.284 E28.61111
G1 X90.716 Y90.716 E29.31684
G1 X109.284 Y90.716 E30.02257
G1 X109.75 Y90.25 F7800
;TYPE:External perimeter
G1 F1800
G1 X109.75 Y109.75 E30.76369
G1 X90.25 Y109.75 E31.50481
G1 X90.25 Y90.25 E32.24594
G1 X109.75 Y90.25 E32.98706
;SEAM:109.75:90.25
;WIPE_START
G1 X109.5 Y90.683 F7800
;WIPE_END
G92 E0
G1 E-2 F2400
G1 X107.755 Y108.679 F7800
G1 E0 F2400
;TYPE:Solid infill
;WIDTH:0.486363
G1 F1800
G1 X108.483 Y107.952 E.03803
G1 X108.483 Y107.306 E.06193
G1 X107.306 Y108.483 E.12348
G1 X106.659 Y108.483 E.14738
G1 X108.483 Y106.659 E.24273
G1 X108.483 Y106.013 E.26663
G1 X106.013 Y108.483 E.39577
G1 X105.366 Y108.483 E.41967
G1 X108.483 Y105.366 E.58261
G1 X108.483 Y104.72 E.60651
G1 X104.72 Y108.483 E.80324
G1 X104.074 Y108.483 E.82714
G1 X108.483 Y104.074 E1.05767
G1 X108.483 Y103.427 E1.08157
G1 X103.427 Y108.483 E1.3459
G1 X102.781 Y108.483 E1.3698
G1 X108.483 Y102.781 E1.66792
G1 X108.483 Y102.134 E1.69182
G1 X102.134 Y108.483 E2.02374
G1 X101.488 Y108.483 E2.04764
G1 X108.483 Y101.488 E2.41336
G1 X108.483 Y100.842 E2.43726
G1 X100.842 Y108.483 E2.83677
G1 X100.195 Y108.483 E2.86067
G1 X108.483 Y100.195 E3.29398
G1 X108.483 Y99.549 E3.31788
G1 X99.549 Y108.483 E3.78498
G1 X98.902 Y108.483 E3.80888
G1 X108.483 Y98.902 E4.30978
G1 X108.483 Y98.256 E4.33368
G1 X98.256 Y108.483 E4.86838
G1 X97.609 Y108.483 E4.89228
G1 X108.483 Y97.609 E5.46077
G1 X108.483 Y96.963 E5.48467
G1 X96.963 Y108.483 E6.08696
G1 X96.317 Y108.483 E6.11086
G1 X108.483 Y96.317 E6.74695
G1 X108.483 Y95.67 E6.77084
G1 X95.67 Y108.483 E7.44073
G1 X95.024 Y108.483 E7.46462
G1 X108.483 Y95.024 E8.1683
G1 X108.483 Y94.377 E8.1922
G1 X94.377 Y108.483 E8.92968
G1 X93.731 Y108.483 E8.95358
G1 X108.483 Y93.731 E9.72485
G1 X108.483 Y93.085 E9.74875
G1 X93.085 Y108.483 E10.55381
G1 X92.438 Y108.483 E10.57771
G1 X108.483 Y92.438 E11.41658
G1 X108.483 Y91.792 E11.44047
G1 X91.792 Y108.483 E12.31313
G1 X91.517 Y108.483 E12.32329
G1 X91.517 Y108.111 E12.33703
G1 X108.111 Y91.517 E13.20462
G1 X107.465 Y91.517 E13.22852
G1 X91.517 Y107.465 E14.06231
G1 X91.517 Y106.818 E14.08621
G1 X106.818 Y91.517 E14.88621
G1 X106.172 Y91.517 E14.91011
G1 X91.517 Y106.172 E15.67631
G1 X91.517 Y105.526 E15.70021
G1 X105.526 Y91.517 E16.43261
G1 X104.879 Y91.517 E16.45651
G1 X91.517 Y104.879 E17.15512
G1 X91.517 Y104.233 E17.17902
G1 X104.233 Y91.517 E17.84383
G1 X103.586 Y91.517 E17.86773
G1 X91.517 Y103.586 E18.49874
G1 X91.517 Y102.94 E18.52264
G1 X102.94 Y91.517 E19.11986
G1 X102.294 Y91.517 E19.14376
G1 X91.517 Y102.294 E19.70718
G1 X91.517 Y101.647 E19.73108
G1 X101.647 Y91.517 E20.26071
G1 X101.001 Y91.517 E20.28461
G1 X91.517 Y101.001 E20.78044
G1 X91.517 Y100.354 E20.80434
G1 X100.354 Y91.517 E21.26637
G1 X99.708 Y91.517 E21.29027
G1 X91.517 Y99.708 E21.71851
G1 X91.517 Y99.061 E21.74241
G1 X99.061 Y91.517 E22.13685
G1 X98.415 Y91.517 E22.16075
G1 X91.517 Y98.415 E22.5214
G1 X91.517 Y97.769 E22.5453
G1 X97.769 Y91.517 E22.87215
G1 X97.122 Y91.517 E22.89605
G1 X91.517 Y97.122 E23.1891
G1 X91.517 Y96.476 E23.213
G1 X96.476 Y91.517 E23.47226
G1 X95.829 Y91.517 E23.49615
G1 X91.517 Y95.829 E23.72162
G1 X91.517 Y95.183 E23.74552
G1 X95.183 Y91.517 E23.93718
G1 X94.537 Y91.517 E23.96108
G1 X91.517 Y94.537 E24.11895
G1 X91.517 Y93.89 E24.14285
G1 X93.89 Y91.517 E24.26692
G1 X93.244 Y91.517 E24.29082
G1 X91.517 Y93.244 E24.3811
G1 X91.517 Y92.597 E24.405
G1 X92.597 Y91.517 E24.46148
G1 X91.951 Y91.517 E24.48538
G1 X91.321 Y92.148 E24.51834
;LAYER_CHANGE
;Z:13.8
;HEIGHT:0.2
G1 Z13.8 F7800
; stop printing object cube_20x20x20_stl id:0 copy 0
; printing object cube_20x20x20_stl id:0 copy 0
G1 X91.181 Y91.181
;TYPE:Perimeter
;WIDTH:0.499999
G1 F3600
G1 X108.819 Y91.181 E25.18867
G1 X108.819 Y108.819 E25.859
G1 X91.181 Y108.819 E26.52933
G1 X91.181 Y91.181 E27.19966
G1 X90.716 Y90.716 F7800
G1 F3600
G1 X109.284 Y90.716 E27.90539
G1 X109.284 Y109.284 E28.61111
G1 X90.716 Y109.284 E29.31684
G1 X90.716 Y90.716 E30.02257
G1 X90.25 Y90.25 F7800
;TYPE:External perimeter
G1 F1800
G1 X109.75 Y90.25 E30.76369
G1 X109.75 Y109.75 E31.50481
G1 X90.25 Y109.75 E32.24594
G1 X90.25 Y90.25 E32.98706
;SEAM:90.25:90.25
;WIPE_START
G1 X90.683 Y90.5 F7800
;WIPE_END
G92 E0
G1 E-2 F2400
G1 X108.679 Y92.245 F7800
G1 E0 F2400
;TYPE:Solid infill
;WIDTH:0.486363
G1 F1800
G1 X107.952 Y91.517 E.03803
G1 X107.306 Y91.517 E.06193
G1 X108.483 Y92.694 E.12348
G1 X108.483 Y93.341 E.14738
G1 X106.659 Y91.517 E.24273
G1 X106.013 Y91.517 E.26663
G1 X108.483 Y93.987 E.39577
G1 X108.483 Y94.634 E.41967
G1 X105.366 Y91.517 E.58261
G1 X104.72 Y91.517 E.60651
G1 X108.483 Y95.28 E.80324
G1 X108.483 Y95.926 E.82714
G1 X104.074 Y91.517 E1.05767
G1 X103.427 Y91.517 E1.08157
G1 X108.483 Y96.573 E1.3459
G1 X108.483 Y97.219 E1.3698
G1 X102.781 Y91.517 E1.66792
G1 X102.134 Y91.517 E1.69182
G1 X108.483 Y97.866 E2.02374
G1 X108.483 Y98.512 E2.04764
G1 X101.488 Y91.517 E2.41336
G1 X100.842 Y91.517 E2.43726
G1 X108.483 Y99.158 E2.83677
G1 X108.483 Y99.805 E2.86067
G1 X100.195 Y91.517 E3.29398
G1 X99.549 Y91.517 E3.31788
G1 X108.483 Y100.451 E3.78498
G1 X108.483 Y101.098 E3.80888
G1 X98.902 Y91.517 E4.30978
G1 X98.256 Y91.517 E4.33368
G1 X108.483 Y101.744 E4.86838
G1 X108.483 Y102.391 E4.89228
G1 X97.609 Y91.517 E5.46077
G1 X96.963 Y91.517 E5.48467
G1 X108.483 Y103.037 E6.08696
G1 X108.483 Y103.683 E6.11086
G1 X96.317 Y91.517 E6.74695
G1 X95.67 Y91.517 E6.77084
G1 X108.483 Y104.33 E7.44073
G1 X108.483 Y104.976 E7.46463
G1 X95.024 Y91.517 E8.16831
G1 X94.377 Y91.517 E8.1922
G1 X108.483 Y105.623 E8.92968
G1 X108.483 Y106.269 E8.95358
G1 X93.731 Y91.517 E9.72485
G1 X93.085 Y91.517 E9.74875
G1 X108.483 Y106.915 E10.55381
G1 X108.483 Y107.562 E10.57771
G1 X92.438 Y91.517 E11.41658
G1 X91.792 Y91.517 E11.44047
G1 X108.483 Y108.208 E12.31313
G1 X108.483 Y108.483 E12.32329
G1 X108.111 Y108.483 E12.33703
G1 X91.517 Y91.889 E13.20462
G1 X91.517 Y92.535 E13.22852
G1 X107.465 Y108.483 E14.06231
G1 X106.818 Y108.483 E14.08621
G1 X91.517 Y93.182 E14.88621
G1 X91.517 Y93.828 E14.91011
G1 X106.172 Y108.483 E15.67631
G1 X105.526 Y108.483 E15.70021
G1 X91.517 Y94.474 E16.43261
G1 X91.517 Y95.121 E16.45651
G1 X104.879 Y108.483 E17.15512
G1 X104.233 Y108.483 E17.17902
G1 X91.517 Y95.767 E17.84383
G1 X91.517 Y96.414 E17.86773
G1 X103.586 Y108.483 E18.49874
G1 X102.94 Y108.483 E18.52264
G1 X91.517 Y97.06 E19.11986
G1 X91.517 Y97.706 E19.14376
G1 X102.294 Y108.483 E19.70719
G1 X101.647 Y108.483 E19.73108
G1 X91.517 Y98.353 E20.26071
G1 X91.517 Y98.999 E20.28461
G1 X101.001 Y108.483 E20.78044
G1 X100.354 Y108.483 E20.80434
G1 X91.517 Y99.646 E21.26638
G1 X91.517 Y100.292 E21.29027
G1 X99.708 Y108.483 E21.71851
G1 X99.061 Y108.483 E21.74241
G1 X91.517 Y100.939 E22.13685
G1 X91.517 Y101.585 E22.16075
G1 X98.415 Y108.483 E22.5214
G1 X97.769 Y108.483 E22.5453
G1 X91.517 Y102.231 E22.87215
G1 X91.517 Y102.878 E22.89605
G1 X97.122 Y108.483 E23.1891
G1 X96.476 Y108.483 E23.213
G1 X91.517 Y103.524 E23.47226
G1 X91.517 Y104.171 E23.49616
G1 X95.829 Y108.483 E23.72162
G1 X95.183 Y108.483 E23.74552
G1 X91.517 Y104.817 E23.93718
G1 X91.517 Y105.463 E23.96108
G1 X94.537 Y108.483 E24.11895
G1 X93.89 Y108.483 E24.14285
G1 X91.517 Y106.11 E24.26692
G1 X91.517 Y106.756 E24.29082
G1 X93.244 Y108.483 E24.3811
G1 X92.597 Y108.483 E24.405
G1 X91.517 Y107.403 E24.46148
G1 X91.517 Y108.049 E24.48538
G1 X92.148 Y108.679 E24.51834
;LAYER_CHANGE
;Z:14
;HEIGHT:0.2
G1 Z14 F7800
; stop printing object cube_20x20x20_stl id:0 copy 0
; printing object cube_20x20x20_stl id:0 copy 0
G1 X91.181 Y108.819
;TYPE:Perimeter
;WIDTH:0.499999
G1 F3600
G1 X91.181 Y91.181 E25.18867
G1 X108.819 Y91.181 E25.859
G1 X108.819 Y108.819 E26.52933
G1 X91.181 Y108.819 E27.19966
G1 X90.716 Y109.284 F7800
G1 F3600
G1 X90.716 Y90.716 E27.90539
G1 X109.284 Y90.716 E28.61111
G1 X109.284 Y109.284 E29.31684
G1 X90.716 Y109.284 E30.02257
G1 X90.25 Y109.75 F7800
;TYPE:External perimeter
G1 F1800
G1 X90.25 Y90.25 E30.76369
G1 X109.75 Y90.25 E31.50481
G1 X109.75 Y109.75 E32.24594
G1 X90.25 Y109.75 E32.98706
;SEAM:90.25:109.75
;WIPE_START
G1 X90.5 Y109.317 F7800
;WIPE_END
G92 E0
G1 E-2 F2400
G1 X91.321 Y92.148 F7800
G1 E0 F2400
;TYPE:Solid infill
;WIDTH:0.486363
G1 F1800
G1 X91.951 Y91.517 E.03296
G1 X92.597 Y91.517 E.05686
G1 X91.517 Y92.597 E.11334
G1 X91.517 Y93.244 E.13724
G1 X93.244 Y91.517 E.22752
G1 X93.89 Y91.517 E.25141
G1 X91.517 Y93.89 E.37549
G1 X91.517 Y94.537 E.39939
G1 X94.537 Y91.517 E.55726
G1 X95.183 Y91.517 E.58116
G1 X91.517 Y95.183 E.77282
G1 X91.517 Y95.829 E.79672
G1 X95.829 Y91.517 E1.02218
G1 X96.476 Y91.517 E1.04608
G1 X91.517 Y96.476 E1.30534
G1 X91.517 Y97.122 E1.32924
G1 X97.122 Y91.517 E1.62229
G1 X97.769 Y91.517 E1.64619
G1 X91.517 Y97.769 E1.97304
G1 X91.517 Y98.415 E1.99694
G1 X98.415 Y91.517 E2.35759
G1 X99.061 Y91.517 E2.38148
G1 X91.517 Y99.061 E2.77593
G1 X91.517 Y99.708 E2.79983
G1 X99.708 Y91.517 E3.22807
G1 X100.354 Y91.517 E3.25196
G1 X91.517 Y100.354 E3.714
G1 X91.517 Y101.001 E3.7379
G1 X101.001 Y91.517 E4.23373
G1 X101.647 Y91.517 E4.25763
G1 X91.517 Y101.647 E4.78726
G1 X91.517 Y102.294 E4.81115
G1 X102.294 Y91.517 E5.37458
G1 X102.94 Y91.517 E5.39847
G1 X91.517 Y102.94 E5.9957
G1 X91.517 Y103.586 E6.01959
G1 X103.586 Y91.517 E6.65061
G1 X104.233 Y91.517 E6.67451
G1 X91.517 Y104.233 E7.33932
G1 X91.517 Y104.879 E7.36322
G1 X104.879 Y91.517 E8.06183
G1 X105.526 Y91.517 E8.08573
G1 X91.517 Y105.526 E8.81813
G1 X91.517 Y106.172 E8.84203
G1 X106.172 Y91.517 E9.60823
G1 X106.818 Y91.517 E9.63213
G1 X91.517 Y106.818 E10.43213
G1 X91.517 Y107.465 E10.45602
G1 X107.465 Y91.517 E11.28982
G1 X108.111 Y91.517 E11.31372
G1 X91.517 Y108.111 E12.18131
G1 X91.517 Y108.483 E12.19505
G1 X91.792 Y108.483 E12.2052
G1 X108.483 Y91.792 E13.07786
G1 X108.483 Y92.438 E13.10176
G1 X92.438 Y108.483 E13.94063
G1 X93.085 Y108.483 E13.96452
G1 X108.483 Y93.085 E14.76959
G1 X108.483 Y93.731 E14.79349
G1 X93.731 Y108.483 E15.56476
G1 X94.377 Y108.483 E15.58866
G1 X108.483 Y94.377 E16.32614
G1 X108.483 Y95.024 E16.35003
G1 X95.024 Y108.483 E17.05371
G1 X95.67 Y108.483 E17.07761
G1 X108.483 Y95.67 E17.74749
G1 X108.483 Y96.317 E17.77139
G1 X96.317 Y108.483 E18.40748
G1 X96.963 Y108.483 E18.43138
G1 X108.483 Y96.963 E19.03367
G1 X108.483 Y97.609 E19.05756
G1 X97.609 Y108.483 E19.62606
G1 X98.256 Y108.483 E19.64996
G1 X108.483 Y98.256 E20.18466
G1 X108.483 Y98.902 E20.20855
G1 X98.902 Y108.483 E20.70946
G1 X99.549 Y108.483 E20.73335
G1 X108.483 Y99.549 E21.20046
G1 X108.483 Y100.195 E21.22436
G1 X100.195 Y108.483 E21.65767
G1 X100.842 Y108.483 E21.68157
G1 X108.483 Y100.842 E22.08108
G1 X108.483 Y101.488 E22.10498
G1 X101.488 Y108.483 E22.4707
G1 X102.134 Y108.483 E22.49459
G1 X108.483 Y102.134 E22.82651
G1 X108.483 Y102.781 E22.85041
G1 X102.781 Y108.483 E23.14854
G1 X103.427 Y108.483 E23.17244
G1 X108.483 Y103.427 E23.43676
G1 X108.483 Y104.074 E23.46066
G1 X104.074 Y108.483 E23.6912
G1 X104.72 Y108.483 E23.71509
G1 X108.483 Y104.72 E23.91183
G1 X108.483 Y105.366 E23.93573
G1 X105.366 Y108.483 E24.09867
G1 X106.013 Y108.483 E24.12257
G1 X108.483 Y106.013 E24.25171
G1 X108.483 Y106.659 E24.27561
G1 X106.659 Y108.483 E24.37096
G1 X107.306 Y108.483 E24.39485
G1 X108.483 Y107.306 E24.45641
G1 X108.483 Y107.952 E24.4803
G1 X107.755 Y108.679 E24.51834
;LAYER_CHANGE
;Z:14.2
;HEIGHT:0.2
G1 Z14.2 F7800
; stop printing object cube_20x20x20_stl id:0 copy 0
; printing object cube_20x20x20_stl id:0 copy 0
G1 X108.819 Y108.819
;TYPE:Perimeter
;WIDTH:0.499999
G1 F3600
G1 X91.181 Y108.819 E25.18867
G1 X91.181 Y91.181 E25.859
G1 X108.819 Y91.181 E26.52933
G1 X108.819 Y108.819 E27.19966
G1 X109.284 Y109.284 F7800
G1 F3600
G1 X90.716 Y109.284 E27.90539
G1 X90.716 Y90.716 E28.61111
G1 X109.284 Y90.716 E29.31684
G1 X109.284 Y109.284 E30.02257
G1 X109.75 Y109.75 F7800
;TYPE:External perimeter
G1 F1800
G1 X90.25 Y109.75 E30.76369
G1 X90.25 Y90.25 E31.50481
G1 X109.75 Y90.25 E32.24594
G1 X109.75 Y109.75 E32.98706
;SEAM:109.75:109.75
;WIPE_START
G1 X109.317 Y109.5 F7800
;WIPE_END
G92 E0
G1 E-2 F2400
G1 X92.148 Y108.679 F7800
G1 E0 F2400
;TYPE:Solid infill
;WIDTH:0.486363
G1 F1800
G1 X91.517 Y108.049 E.03296
G1 X91.517 Y107.403 E.05686
G1 X92.597 Y108.483 E.11334
G1 X93.244 Y108.483 E.13724
G1 X91.517 Y106.756 E.22752
G1 X91.517 Y106.11 E.25141
G1 X93.89 Y108.483 E.37549
G1 X94.537 Y108.483 E.39939
G1 X91.517 Y105.463 E.55726
G1 X91.517 Y104.817 E.58115
G1 X95.183 Y108.483 E.77282
G1 X95.829 Y108.483 E.79672
G1 X91.517 Y104.171 E1.02218
G1 X91.517 Y103.524 E1.04608
G1 X96.476 Y108.483 E1.30534
G1 X97.122 Y108.483 E1.32924
G1 X91.517 Y102.878 E1.62229
G1 X91.517 Y102.231 E1.64619
G1 X97.769 Y108.483 E1.97304
G1 X98.415 Y108.483 E1.99694
G1 X91.517 Y101.585 E2.35759
G1 X91.517 Y100.939 E2.38148
G1 X99.061 Y108.483 E2.77593
G1 X99.708 Y108.483 E2.79982
G1 X91.517 Y100.292 E3.22806
G1 X91.517 Y99.646 E3.25196
G1 X100.354 Y108.483 E3.714
G1 X101.001 Y108.483 E3.7379
G1 X91.517 Y98.999 E4.23373
G1 X91.517 Y98.353 E4.25763
G1 X101.647 Y108.483 E4.78725
G1 X102.294 Y108.483 E4.81115
G1 X91.517 Y97.706 E5.37458
G1 X91.517 Y97.06 E5.39847
G1 X102.94 Y108.483 E5.99569
G1 X103.586 Y108.483 E6.01959
G1 X91.517 Y96.414 E6.65061
G1 X91.517 Y95.767 E6.67451
G1 X104.233 Y108.483 E7.33932
G1 X104.879 Y108.483 E7.36322
G1 X91.517 Y95.121 E8.06183
G1 X91.517 Y94.474 E8.08572
G1 X105.526 Y108.483 E8.81813
G1 X106.172 Y108.483 E8.84203
G1 X91.517 Y93.828 E9.60823
G1 X91.517 Y93.182 E9.63213
G1 X106.818 Y108.483 E10.43213
G1 X107.465 Y108.483 E10.45602
G1 X91.517 Y92.535 E11.28982
G1 X91.517 Y91.889 E11.31371
G1 X108.111 Y108.483 E12.1813
G1 X108.483 Y108.483 E12.19505
G1 X108.483 Y108.208 E12.2052
G1 X91.792 Y91.517 E13.07786
G1 X92.438 Y91.517 E13.10176
G1 X108.483 Y107.562 E13.94063
G1 X108.483 Y106.915 E13.96452
G1 X93.085 Y91.517 E14.76959
G1 X93.731 Y91.517 E14.79349
G1 X108.483 Y106.269 E15.56476
G1 X108.483 Y105.623 E15.58866
G1 X94.377 Y91.517 E16.32613
G1 X95.024 Y91.517 E16.35003
G1 X108.483 Y104.976 E17.05371
G1 X108.483 Y104.33 E17.07761
G1 X95.67 Y91.517 E17.74749
G1 X96.317 Y91.517 E17.77139
G1 X108.483 Y103.683 E18.40748
G1 X108.483 Y103.037 E18.43138
G1 X96.963 Y91.517 E19.03367
G1 X97.609 Y91.517 E19.05756
G1 X108.483 Y102.391 E19.62606
G1 X108.483 Y101.744 E19.64996
G1 X98.256 Y91.517 E20.18466
G1 X98.902 Y91.517 E20.20855
G1 X108.483 Y101.098 E20.70946
G1 X108.483 Y100.451 E20.73335
G1 X99.549 Y91.517 E21.20046
G1 X100.195 Y91.517 E21.22436
G1 X108.483 Y99.805 E21.65767
G1 X108.483 Y99.158 E21.68157
G1 X100.842 Y91.517 E22.08108
G1 X101.488 Y91.517 E22.10498
G1 X108.483 Y98.512 E22.4707
G1 X108.483 Y97.866 E22.49459
G1 X102.134 Y91.517 E22.82651
G1 X102.781 Y91.517 E22.85041
G1 X108.483 Y97.219 E23.14854
G1 X108.483 Y96.573 E23.17244
G1 X103.427 Y91.517 E23.43677
G1 X104.074 Y91.517 E23.46066
G1 X108.483 Y95.926 E23.6912
G1 X108.483 Y95.28 E23.71509
G1 X104.72 Y91.517 E23.91183
G1 X105.366 Y91.517 E23.93573
G1 X108.483 Y94.634 E24.09867
G1 X108.483 Y93.987 E24.12257
G1 X106.013 Y91.517 E24.25171
G1 X106.659 Y91.517 E24.27561
G1 X108.483 Y93.341 E24.37096
G1 X108.483 Y92.694 E24.39485
G1 X107.306 Y91.517 E24.45641
G1 X107.952 Y91.517 E24.4803
G1 X108.679 Y92.245 E24.51834
;LAYER_CHANGE
;Z:14.4
;HEIGHT:0.2
G1 Z14.4 F7800
; stop printing object cube_20x20x20_stl id:0 copy 0
; printing object cube_20x20x20_stl id:0 copy 0
G1 X108.819 Y91.181
;TYPE:Perimeter
;WIDTH:0.499999
G1 F3600
G1 X108.819 Y108.819 E25.18867
G1 X91.181 Y108.819 E25.859
G1 X91.181 Y91.181 E26.52933
G1 X108.819 Y91.181 E27.19966
G1 X109.284 Y90.716 F7800
G1 F3600
G1 X109.284 Y109.284 E27.90539
G1 X90.716 Y109.284 E28.61111
G1 X90.716 Y90.716 E29.31684
G1 X109.284 Y90.716 E30.02257
G1 X109.75 Y90.25 F7800
;TYPE:External perimeter
G1 F1800
G1 X109.75 Y109.75 E30.76369
G1 X90.25 Y109.75 E31.50481
G1 X90.25 Y90.25 E32.24594
G1 X109.75 Y90.25 E32.98706
;SEAM:109.75:90.25
;WIPE_START
G1 X109.5 Y90.683 F7800
;WIPE_END
G92 E0
G1 E-2 F2400
G1 X107.755 Y108.679 F7800
G1 E0 F2400
;TYPE:Solid infill
;WIDTH:0.486363
G1 F1800
G1 X108.483 Y107.952 E.03803
G1 X108.483 Y107.306 E.06193
G1 X107.306 Y108.483 E.12348
G1 X106.659 Y108.483 E.14738
G1 X108.483 Y106.659 E.24273
G1 X108.483 Y106.013 E.26663
G1 X106.013 Y108.483 E.39577
G1 X105.366 Y108.483 E.41967
G1 X108.483 Y105.366 E.58261
G1 X108.483 Y104.72 E.60651
G1 X104.72 Y108.483 E.80324
G1 X104.074 Y108.483 E.82714
G1 X108.483 Y104.074 E1.05767
G1 X108.483 Y103.427 E1.08157
G1 X103.427 Y108.483 E1.3459
G1 X102.781 Y108.483 E1.3698
G1 X108.483 Y102.781 E1.66792
G1 X108.483 Y102.134 E1.69182
G1 X102.134 Y108.483 E2.02374
G1 X101.488 Y108.483 E2.04764
G1 X108.483 Y101.488 E2.41336
G1 X108.483 Y100.842 E2.43726
G1 X100.842 Y108.483 E2.83677
G1 X100.195 Y108.483 E2.86067
G1 X108.483 Y100.195 E3.29398
G1 X108.483 Y99.549 E3.31788
G1 X99.549 Y108.483 E3.78498
G1 X98.902 Y108.483 E3.80888
G1 X108.483 Y98.902 E4.30978
G1 X108.483 Y98.256 E4.33368
G1 X98.256 Y108.483 E4.86838
G1 X97.609 Y108.483 E4.89228
G1 X108.483 Y97.609 E5.46077
G1 X108.483 Y96.963 E5.48467
G1 X96.963 Y108.483 E6.08696
G1 X96.317 Y108.483 E6.11086
G1 X108.483 Y96.317 E6.74695
G1 X108.483 Y95.67 E6.77084
G1 X95.67 Y108.483 E7.44073
G1 X95.024 Y108.483 E7.46462
G1 X108.483 Y95.024 E8.1683
G1 X108.483 Y94.377 E8.1922
G1 X94.377 Y108.483 E8.92968
G1 X93.731 Y108.483 E8.95358
G1 X108.483 Y93.731 E9.72485
G1 X108.483 Y93.085 E9.74875
G1 X93.085 Y108.483 E10.55381
G1 X92.438 Y108.483 E10.57771
G1 X108.483 Y92.438 E11.41658
G1 X108.483 Y91.792 E11.44047
G1 X91.792 Y108.483 E12.31313
G1 X91.517 Y108.483 E12.32329
G1 X91.517 Y108.111 E12.33703
G1 X108.111 Y91.517 E13.20462
G1 X107.465 Y91.517 E13.22852
G1 X91.517 Y107.465 E14.06231
G1 X91.517 Y106.818 E14.08621
G1 X106.818 Y91.517 E14.88621
G1 X106.172 Y91.517 E14.91011
G1 X91.517 Y106.172 E15.67631
G1 X91.517 Y105.526 E15.70021
G1 X105.526 Y91.517 E16.43261
G1 X104.879 Y91.517 E16.45651
G1 X91.517 Y104.879 E17.15512
G1 X91.517 Y104.233 E17.17902
G1 X104.233 Y91.517 E17.84383
G1 X103.586 Y91.517 E17.86773
G1 X91.517 Y103.586 E18.49874
G1 X91.517 Y102.94 E18.52264
G1 X102.94 Y91.517 E19.11986
G1 X102.294 Y91.517 E19.14376
G1 X91.517 Y102.294 E19.70718
G1 X91.517 Y101.647 E19.73108
G1 X101.647 Y91.517 E20.26071
G1 X101.001 Y91.517 E20.28461
G1 X91.517 Y101.001 E20.78044
G1 X91.517 Y100.354 E20.80434
G1 X100.354 Y91.517 E21.26637
G1 X99.708 Y91.517 E21.29027
G1 X91.517 Y99.708 E21.71851
G1 X91.517 Y99.061 E21.74241
G1 X99.061 Y91.517 E22.13685
G1 X98.415 Y91.517 E22.16075
G1 X91.517 Y98.415 E22.5214
G1 X91.517 Y97.769 E22.5453
G1 X97.769 Y91.517 E22.87215
G1 X97.122 Y91.517 E22.89605
G1 X91.517 Y97.122 E23.1891
G1 X91.517 Y96.476 E23.213
G1 X96.476 Y91.517 E23.47226
G1 X95.829 Y91.517 E23.49615
G1 X91.517 Y95.829 E23.72162
G1 X91.517 Y95.183 E23.74552
G1 X95.183 Y91.517 E23.93718
G1 X94.537 Y91.517 E23.96108
G1 X91.517 Y94.537 E24.11895
G1 X91.517 Y93.89 E24.14285
G1 X93.89 Y91.517 E24.26692
G1 X93.244 Y91.517 E24.29082
G1 X91.517 Y93.244 E24.3811
G1 X91.517 Y92.597 E24.405
G1 X92.597 Y91.517 E24.46148
G1 X91.951 Y91.517 E24.48538
G1 X91.321 Y92.148 E24.51834
;LAYER_CHANGE
;Z:14.6
;HEIGHT:0.2
G1 Z14.6 F7800
; stop printing object cube_20x20x20_stl id:0 copy 0
; printing object cube_20x20x20_stl id:0 copy 0
G1 X91.181 Y91.181
;TYPE:Perimeter
;WIDTH:0.499999
G1 F3600
G1 X108.819 Y91.181 E25.18867
G1 X108.819 Y108.819 E25.859
G1 X91.181 Y108.819 E26.52933
G1 X91.181 Y91.181 E27.19966
G1 X90.716 Y90.716 F7800
G1 F3600
G1 X109.284 Y90.716 E27.90539
G1 X109.284 Y109.284 E28.61111
G1 X90.716 Y109.284 E29.31684
G1 X90.716 Y90.716 E30.02257
G1 X90.25 Y90.25 F7800
;TYPE:External perimeter
G1 F1800
G1 X109.75 Y90.25 E30.76369
G1 X109.75 Y109.75 E31.50481
G1 X90.25 Y109.75 E32.24594
G1 X90.25 Y90.25 E32.98706
;SEAM:90.25:90.25
;WIPE_START
G1 X90.683 Y90.5 F7800
;WIPE_END
G92 E0
G1 E-2 F2400
G1 X108.679 Y92.245 F7800
G1 E0 F2400
;TYPE:Solid infill
;WIDTH:0.486363
G1 F1800
G1 X107.952 Y91.517 E.03803
G1 X107.306 Y91.517 E.06193
G1 X108.483 Y92.694 E.12348
G1 X108.483 Y93.341 E.14738
G1 X106.659 Y91.517 E.24273
G1 X106.013 Y91.517 E.26663
G1 X108.483 Y93.987 E.39577
G1 X108.483 Y94.634 E.41967
G1 X105.366 Y91.517 E.58261
G1 X104.72 Y91.517 E.60651
G1 X108.483 Y95.28 E.80324
G1 X108.483 Y95.926 E.82714
G1 X104.074 Y91.517 E1.05767
G1 X103.427 Y91.517 E1.08157
G1 X108.483 Y96.573 E1.3459
G1 X108.483 Y97.219 E1.3698
G1 X102.781 Y91.517 E1.66792
G1 X102.134 Y91.517 E1.69182
G1 X108.483 Y97.866 E2.02374
G1 X108.483 Y98.512 E2.04764
G1 X101.488 Y91.517 E2.41336
G1 X100.842 Y91.517 E2.43726
G1 X108.483 Y99.158 E2.83677
G1 X108.483 Y99.805 E2.86067
G1 X100.195 Y91.517 E3.29398
G1 X99.549 Y91.517 E3.31788
G1 X108.483 Y100.451 E3.78498
G1 X108.483 Y101.098 E3.80888
G1 X98.902 Y91.517 E4.30978
G1 X98.256 Y91.517 E4.33368
G1 X108.483 Y101.744 E4.86838
G1 X108.483 Y102.391 E4.89228
G1 X97.609 Y91.517 E5.46077
G1 X96.963 Y91.517 E5.48467
G1 X108.483 Y103.037 E6.08696
G1 X108.483 Y103.683 E6.11086
G1 X96.317 Y91.517 E6.74695
G1 X95.67 Y91.517 E6.77084
G1 X108.483 Y104.33 E7.44073
G1 X108.483 Y104.976 E7.46463
G1 X95.024 Y91.517 E8.16831
G1 X94.377 Y91.517 E8.1922
G1 X108.483 Y105.623 E8.92968
G1 X108.483 Y106.269 E8.95358
G1 X93.731 Y91.517 E9.72485
G1 X93.085 Y91.517 E9.74875
G1 X108.483 Y106.915 E10.55381
G1 X108.483 Y107.562 E10.57771
G1 X92.438 Y91.517 E11.41658
G1 X91.792 Y91.517 E11.44047
G1 X108.483 Y108.208 E12.31313
G1 X108.483 Y108.483 E12.32329
G1 X108.111 Y108.483 E12.33703
G1 X91.517 Y91.889 E13.20462
G1 X91.517 Y92.535 E13.22852
G1 X107.465 Y108.483 E14.06231
G1 X106.818 Y108.483 E14.08621
G1 X91.517 Y93.182 E14.88621
G1 X91.517 Y93.828 E14.91011
G1 X106.172 Y108.483 E15.67631
G1 X105.526 Y108.483 E15.70021
G1 X91.517 Y94.474 E16.43261
G1 X91.517 Y95.121 E16.45651
G1 X104.879 Y108.483 E17.15512
G1 X104.233 Y108.483 E17.17902
G1 X91.517 Y95.767 E17.84383
G1 X91.517 Y96.414 E17.86773
G1 X103.586 Y108.483 E18.49874
G1 X102.94 Y108.483 E18.52264
G1 X91.517 Y97.06 E19.11986
G1 X91.517 Y97.706 E19.14376
G1 X102.294 Y108.483 E19.70719
G1 X101.647 Y108.483 E19.73108
G1 X91.517 Y98.353 E20.26071
G1 X91.517 Y98.999 E20.28461
G1 X101.001 Y108.483 E20.78044
G1 X100.354 Y108.483 E20.80434
G1 X91.517 Y99.646 E21.26638
G1 X91.517 Y100.292 E21.29027
G1 X99.708 Y108.483 E21.71851
G1 X99.061 Y108.483 E21.74241
G1 X91.517 Y100.939 E22.13685
G1 X91.517 Y101.585 E22.16075
G1 X98.415 Y108.483 E22.5214
G1 X97.769 Y108.483 E22.5453
G1 X91.517 Y102.231 E22.87215
G1 X91.517 Y102.878 E22.89605
G1 X97.122 Y108.483 E23.1891
G1 X96.476 Y108.483 E23.213
G1 X91.517 Y103.524 E23.47226
G1 X91.517 Y104.171 E23.49616
G1 X95.829 Y108.483 E23.72162
G1 X95.183 Y108.483 E23.74552
G1 X91.517 Y104.817 E23.93718
G1 X91.517 Y105.463 E23.96108
G1 X94.537 Y108.483 E24.11895
G1 X93.89 Y108.483 E24.14285
G1 X91.517 Y106.11 E24.26692
G1 X91.517 Y106.756 E24.29082
G1 X93.244 Y108.483 E24.3811
G1 X92.597 Y108.483 E24.405
G1 X91.517 Y107.403 E24.46148
G1 X91.517 Y108.049 E24.48538
G1 X92.148 Y108.679 E24.51834
;LAYER_CHANGE
;Z:14.8
;HEIGHT:0.2
G1 Z14.8 F7800
; stop printing object cube_20x20x20_stl id:0 copy 0
; printing object cube_20x20x20_stl id:0 copy 0
G1 X91.181 Y108.819
;TYPE:Perimeter
;WIDTH:0.499999
G1 F3600
G1 X91.181 Y91.181 E25.18867
G1 X108.819 Y91.181 E25.859
G1 X108.819 Y108.819 E26.52933
G1 X91.181 Y108.819 E27.19966
G1 X90.716 Y109.284 F7800
G1 F3600
G1 X90.716 Y90.716 E27.90539
G1 X109.284 Y90.716 E28.61111
G1 X109.284 Y109.284 E29.31684
G1 X90.716 Y109.284 E30.02257
G1 X90.25 Y109.75 F7800
;TYPE:External perimeter
G1 F1800
G1 X90.25 Y90.25 E30.76369
G1 X109.75 Y90.25 E31.50481
G1 X109.75 Y109.75 E32.24594
G1 X90.25 Y109.75 E32.98706
;SEAM:90.25:109.75
;WIPE_START
G1 X90.5 Y109.317 F7800
;WIPE_END
G92 E0
G1 E-2 F2400
G1 X91.321 Y92.148 F7800
G1 E0 F2400
;TYPE:Solid infill
;WIDTH:0.486363
G1 F1800
G1 X91.951 Y91.517 E.03296
G1 X92.597 Y91.517 E.05686
G1 X91.517 Y92.597 E.11334
G1 X91.517 Y93.244 E.13724
G1 X93.244 Y91.517 E.22752
G1 X93.89 Y91.517 E.25141
G1 X91.517 Y93.89 E.37549
G1 X91.517 Y94.537 E.39939
G1 X94.537 Y91.517 E.55726
G1 X95.183 Y91.517 E.58116
G1 X91.517 Y95.183 E.77282
G1 X91.517 Y95.829 E.79672
G1 X95.829 Y91.517 E1.02218
G1 X96.476 Y91.517 E1.04608
G1 X91.517 Y96.476 E1.30534
G1 X91.517 Y97.122 E1.32924
G1 X97.122 Y91.517 E1.62229
G1 X97.769 Y91.517 E1.64619
G1 X91.517 Y97.769 E1.97304
G1 X91.517 Y98.415 E1.99694
G1 X98.415 Y91.517 E2.35759
G1 X99.061 Y91.517 E2.38148
G1 X91.517 Y99.061 E2.77593
G1 X91.517 Y99.708 E2.79983
G1 X99.708 Y91.517 E3.22807
G1 X100.354 Y91.517 E3.25196
G1 X91.517 Y100.354 E3.714
G1 X91.517 Y101.001 E3.7379
G1 X101.001 Y91.517 E4.23373
G1 X101.647 Y91.517 E4.25763
G1 X91.517 Y101.647 E4.78726
G1 X91.517 Y102.294 E4.81115
G1 X102.294 Y91.517 E5.37458
G1 X102.94 Y91.517 E5.39847
G1 X91.517 Y102.94 E5.9957
G1 X91.517 Y103.586 E6.01959
G1 X103.586 Y91.517 E6.65061
G1 X104.233 Y91.517 E6.67451
G1 X91.517 Y104.233 E7.33932
G1 X91.517 Y104.879 E7.36322
G1 X104.879 Y91.517 E8.06183
G1 X105.526 Y91.517 E8.08573
G1 X91.517 Y105.526 E8.81813
G1 X91.517 Y106.172 E8.84203
G1 X106.172 Y91.517 E9.60823
G1 X106.818 Y91.517 E9.63213
G1 X91.517 Y106.818 E10.43213
G1 X91.517 Y107.465 E10.45602
G1 X107.465 Y91.517 E11.28982
G1 X108.111 Y91.517 E11.31372
G1 X91.517 Y108.111 E12.18131
G1 X91.517 Y108.483 E12.19505
G1 X91.792 Y108.483 E12.2052
G1 X108.483 Y91.792 E13.07786
G1 X108.483 Y92.438 E13.10176
G1 X92.438 Y108.483 E13.94063
G1 X93.085 Y108.483 E13.96452
G1 X108.483 Y93.085 E14.76959
G1 X108.483 Y93.731 E14.79349
G1 X93.731 Y108.483 E15.56476
G1 X94.377 Y108.483 E15.58866
G1 X108.483 Y94.377 E16.32614
G1 X108.483 Y95.024 E16.35003
G1 X95.024 Y108.483 E17.05371
G1 X95.67 Y108.483 E17.07761
G1 X108.483 Y95.67 E17.74749
G1 X108.483 Y96.317 E17.77139
G1 X96.317 Y108.483 E18.40748
G1 X96.963 Y108.483 E18.43138
G1 X108.483 Y96.963 E19.03367
G1 X108.483 Y97.609 E19.05756
G1 X97.609 Y108.483 E19.62606
G1 X98.256 Y108.483 E19.64996
G1 X108.483 Y98.256 E20.18466
G1 X108.483 Y98.902 E20.20855
G1 X98.902 Y108.483 E20.70946
G1 X99.549 Y108.483 E20.73335
G1 X108.483 Y99.549 E21.20046
G1 X108.483 Y100.195 E21.22436
G1 X100.195 Y108.483 E21.65767
G1 X100.842 Y108.483 E21.68157
G1 X108.483 Y100.842 E22.08108
G1 X108.483 Y101.488 E22.10498
G1 X101.488 Y108.483 E22.4707
G1 X102.134 Y108.483 E22.49459
G1 X108.483 Y102.134 E22.82651
G1 X108.483 Y102.781 E22.85041
G1 X102.781 Y108.483 E23.14854
G1 X103.427 Y108.483 E23.17244
G1 X108.483 Y103.427 E23.43676
G1 X108.483 Y104.074 E23.46066
G1 X104.074 Y108.483 E23.6912
G1 X104.72 Y108.483 E23.71509
G1 X108.483 Y104.72 E23.91183
G1 X108.483 Y105.366 E23.93573
G1 X105.366 Y108.483 E24.09867
G1 X106.013 Y108.483 E24.12257
G1 X108.483 Y106.013 E24.25171
G1 X108.483 Y106.659 E24.27561
G1 X106.659 Y108.483 E24.37096
G1 X107.306 Y108.483 E24.39485
G1 X108.483 Y107.306 E24.45641
G1 X108.483 Y107.952 E24.4803
G1 X107.755 Y108.679 E24.51834
;LAYER_CHANGE
;Z:15
;HEIGHT:0.2
G1 Z15 F7800
; stop printing object cube_20x20x20_stl id:0 copy 0
; printing object cube_20x20x20_stl id:0 copy 0
G1 X108.819 Y108.819
;TYPE:Perimeter
;WIDTH:0.499999
G1 F3600
G1 X91.181 Y108.819 E25.18867
G1 X91.181 Y91.181 E25.859
G1 X108.819 Y91.181 E26.52933
G1 X108.819 Y108.819 E27.19966
G1 X109.284 Y109.284 F7800
G1 F3600
G1 X90.716 Y109.284 E27.90539
G1 X90.716 Y90.716 E28.61111
G1 X109.284 Y90.716 E29.31684
G1 X109.284 Y109.284 E30.02257
G1 X109.75 Y109.75 F7800
;TYPE:External perimeter
G1 F1800
G1 X90.25 Y109.75 E30.76369
G1 X90.25 Y90.25 E31.50481
G1 X109.75 Y90.25 E32.24594
G1 X109.75 Y109.75 E32.98706
;SEAM:109.75:109.75
;WIPE_START
G1 X109.317 Y109.5 F7800
;WIPE_END
G92 E0
G1 E-2 F2400
G1 X92.148 Y108.679 F7800
G1 E0 F2400
;TYPE:Solid infill
;WIDTH:0.486363
G1 F1800
G1 X91.517 Y108.049 E.03296
G1 X91.517 Y107.403 E.05686
G1 X92.597 Y108.483 E.11334
G1 X93.244 Y108.483 E.13724
G1 X91.517 Y106.756 E.22752
G1 X91.517 Y106.11 E.25141
G1 X93.89 Y108.483 E.37549
G1 X94.537 Y108.483 E.39939
G1 X91.517 Y105.463 E.55726
G1 X91.517 Y104.817 E.58115
G1 X95.183 Y108.483 E.77282
G1 X95.829 Y108.483 E.79672
G1 X91.517 Y104.171 E1.02218
G1 X91.517 Y103.524 E1.04608
G1 X96.476 Y108.483 E1.30534
G1 X97.122 Y108.483 E1.32924
G1 X91.517 Y102.878 E1.62229
G1 X91.517 Y102.231 E1.64619
G1 X97.769 Y108.483 E1.97304
G1 X98.415 Y108.483 E1.99694
G1 X91.517 Y101.585 E2.35759
G1 X91.517 Y100.939 E2.38148
G1 X99.061 Y108.483 E2.77593
G1 X99.708 Y108.483 E2.79982
G1 X91.517 Y100.292 E3.22806
G1 X91.517 Y99.646 E3.25196
G1 X100.354 Y108.483 E3.714
G1 X101.001 Y108.483 E3.7379
G1 X91.517 Y98.999 E4.23373
G1 X91.517 Y98.353 E4.25763
G1 X101.647 Y108.483 E4.78725
G1 X102.294 Y108.483 E4.81115
G1 X91.517 Y97.706 E5.37458
G1 X91.517 Y97.06 E5.39847
G1 X102.94 Y108.483 E5.99569
G1 X103.586 Y108.483 E6.01959
G1 X91.517 Y96.414 E6.65061
G1 X91.517 Y95.767 E6.67451
G1 X104.233 Y108.483 E7.33932
G1 X104.879 Y108.483 E7.36322
G1 X91.517 Y95.121 E8.06183
G1 X91.517 Y94.474 E8.08572
G1 X105.526 Y108.483 E8.81813
G1 X106.172 Y108.483 E8.84203
G1 X91.517 Y93.828 E9.60823
G1 X91.517 Y93.182 E9.63213
G1 X106.818 Y108.483 E10.43213
G1 X107.465 Y108.483 E10.45602
G1 X91.517 Y92.535 E11.28982
G1 X91.517 Y91.889 E11.31371
G1 X108.111 Y108.483 E12.1813
G1 X108.483 Y108.483 E12.19505
G1 X108.483 Y108.208 E12.2052
G1 X91.792 Y91.517 E13.07786
G1 X92.438 Y91.517 E13.10176
G1 X108.483 Y107.562 E13.94063
G1 X108.483 Y106.915 E13.96452
G1 X93.085 Y91.517 E14.76959
G1 X93.731 Y91.517 E14.79349
G1 X108.483 Y106.269 E15.56476
G1 X108.483 Y105.623 E15.58866
G1 X94.377 Y91.517 E16.32613
G1 X95.024 Y91.517 E16.35003
G1 X108.483 Y104.976 E17.05371
G1 X108.483 Y104.33 E17.07761
G1 X95.67 Y91.517 E17.74749
G1 X96.317 Y91.517 E17.77139
G1 X108.483 Y103.683 E18.40748
G1 X108.483 Y103.037 E18.43138
G1 X96.963 Y91.517 E19.03367
G1 X97.609 Y91.517 E19.05756
G1 X108.483 Y102.391 E19.62606
G1 X108.483 Y101.744 E19.64996
G1 X98.256 Y91.517 E20.18466
G1 X98.902 Y91.517 E20.20855
G1 X108.483 Y101.098 E20.70946
G1 X108.483 Y100.451 E20.73335
G1 X99.549 Y91.517 E21.20046
G1 X100.195 Y91.517 E21.22436
G1 X108.483 Y99.805 E21.65767
G1 X108.483 Y99.158 E21.68157
G1 X100.842 Y91.517 E22.08108
G1 X101.488 Y91.517 E22.10498
G1 X108.483 Y98.512 E22.4707
G1 X108.483 Y97.866 E22.49459
G1 X102.134 Y91.517 E22.82651
G1 X102.781 Y91.517 E22.85041
G1 X108.483 Y97.219 E23.14854
G1 X108.483 Y96.573 E23.17244
G1 X103.427 Y91.517 E23.43677
G1 X104.074 Y91.517 E23.46066
G1 X108.483 Y95.926 E23.6912
G1 X108.483 Y95.28 E23.71509
G1 X104.72 Y91.517 E23.91183
G1 X105.366 Y91.517 E23.93573
G1 X108.483 Y94.634 E24.09867
G1 X108.483 Y93.987 E24.12257
G1 X106.013 Y91.517 E24.25171
G1 X106.659 Y91.517 E24.27561
G1 X108.483 Y93.341 E24.37096
G1 X108.483 Y92.694 E24.39485
G1 X107.306 Y91.517 E24.45641
G1 X107.952 Y91.517 E24.4803
G1 X108.679 Y92.245 E24.51834
;LAYER_CHANGE
;Z:15.2
;HEIGHT:0.2
G1 Z15.2 F7800
; stop printing object cube_20x20x20_stl id:0 copy 0
; printing object cube_20x20x20_stl id:0 copy 0
G1 X108.819 Y91.181
;TYPE:Perimeter
;WIDTH:0.499999
G1 F3600
G1 X108.819 Y108.819 E25.18867
G1 X91.181 Y108.819 E25.859
G1 X91.181 Y91.181 E26.52933
G1 X108.819 Y91.181 E27.19966
G1 X109.284 Y90.716 F7800
G1 F3600
G1 X109.284 Y109.284 E27.90539
G1 X90.716 Y109.284 E28.61111
G1 X90.716 Y90.716 E29.31684
G1 X109.284 Y90.716 E30.02257
G1 X109.75 Y90.25 F7800
;TYPE:External perimeter
G1 F1800
G1 X109.75 Y109.75 E30.76369
G1 X90.25 Y109.75 E31.50481
G1 X90.25 Y90.25 E32.24594
G1 X109.75 Y90.25 E32.98706
;SEAM:109.75:90.25
;WIPE_START
G1 X109.5 Y90.683 F7800
;WIPE_END
G92 E0
G1 E-2 F2400
G1 X107.755 Y108.679 F7800
G1 E0 F2400
;TYPE:Solid infill
;WIDTH:0.486363
G1 F1800
G1 X108.483 Y107.952 E.03803
G1 X108.483 Y107.306 E.06193
G1 X107.306 Y108.483 E.12348
G1 X106.659 Y108.483 E.14738
G1 X108.483 Y106.659 E.24273
G1 X108.483 Y106.013 E.26663
G1 X106.013 Y108.483 E.39577
G1 X105.366 Y108.483 E.41967
G1 X108.483 Y105.366 E.58261
G1 X108.483 Y104.72 E.60651
G1 X104.72 Y108.483 E.80324
G1 X104.074 Y108.483 E.82714
G1 X108.483 Y104.074 E1.05767
G1 X108.483 Y103.427 E1.08157
G1 X103.427 Y108.483 E1.3459
G1 X102.781 Y108.483 E1.3698
G1 X108.483 Y102.781 E1.66792
G1 X108.483 Y102.134 E1.69182
G1 X102.134 Y108.483 E2.02374
G1 X101.488 Y108.483 E2.04764
G1 X108.483 Y101.488 E2.41336
G1 X108.483 Y100.842 E2.43726
G1 X100.842 Y108.483 E2.83677
G1 X100.195 Y108.483 E2.86067
G1 X108.483 Y100.195 E3.29398
G1 X108.483 Y99.549 E3.31788
G1 X99.549 Y108.483 E3.78498
G1 X98.902 Y108.483 E3.80888
G1 X108.483 Y98.902 E4.30978
G1 X108.483 Y98.256 E4.33368
G1 X98.256 Y108.483 E4.86838
G1 X97.609 Y108.483 E4.89228
G1 X108.483 Y97.609 E5.46077
G1 X108.483 Y96.963 E5.48467
G1 X96.963 Y108.483 E6.08696
G1 X96.317 Y108.483 E6.11086
G1 X108.483 Y96.317 E6.74695
G1 X108.483 Y95.67 E6.77084
G1 X95.67 Y108.483 E7.44073
G1 X95.024 Y108.483 E7.46462
G1 X108.483 Y95.024 E8.1683
G1 X108.483 Y94.377 E8.1922
G1 X94.377 Y108.483 E8.92968
G1 X93.731 Y108.483 E8.95358
G1 X108.483 Y93.731 E9.72485
G1 X108.483 Y93.085 E9.74875
G1 X93.085 Y108.483 E10.55381
G1 X92.438 Y108.483 E10.57771
G1 X108.483 Y92.438 E11.41658
G1 X108.483 Y91.792 E11.44047
G1 X91.792 Y108.483 E12.31313
G1 X91.517 Y108.483 E12.32329
G1 X91.517 Y108.111 E12.33703
G1 X108.111 Y91.517 E13.20462
G1 X107.465 Y91.517 E13.22852
G1 X91.517 Y107.465 E14.06231
G1 X91.517 Y106.818 E14.08621
G1 X106.818 Y91.517 E14.88621
G1 X106.172 Y91.517 E14.91011
G1 X91.517 Y106.172 E15.67631
G1 X91.517 Y105.526 E15.70021
G1 X105.526 Y91.517 E16.43261
G1 X104.879 Y91.517 E16.45651
G1 X91.517 Y104.879 E17.15512
G1 X91.517 Y104.233 E17.17902
G1 X104.233 Y91.517 E17.84383
G1 X103.586 Y91.517 E17.86773
G1 X91.517 Y103.586 E18.49874
G1 X91.517 Y102.94 E18.52264
G1 X102.94 Y91.517 E19.11986
G1 X102.294 Y91.517 E19.14376
G1 X91.517 Y102.294 E19.70718
G1 X91.517 Y101.647 E19.73108
G1 X101.647 Y91.517 E20.26071
G1 X101.001 Y91.517 E20.28461
G1 X91.517 Y101.001 E20.78044
G1 X91.517 Y100.354 E20.80434
G1 X100.354 Y91.517 E21.26637
G1 X99.708 Y91.517 E21.29027
G1 X91.517 Y99.708 E21.71851
G1 X91.517 Y99.061 E21.74241
G1 X99.061 Y91.517 E22.13685
G1 X98.415 Y91.517 E22.16075
G1 X91.517 Y98.415 E22.5214
G1 X91.517 Y97.769 E22.5453
G1 X97.769 Y91.517 E22.87215
G1 X97.122 Y91.517 E22.89605
G1 X91.517 Y97.122 E23.1891
G1 X91.517 Y96.476 E23.213
G1 X96.476 Y91.517 E23.47226
G1 X95.829 Y91.517 E23.49615
G1 X91.517 Y95.829 E23.72162
G1 X91.517 Y95.183 E23.74552
G1 X95.183 Y91.517 E23.93718
G1 X94.537 Y91.517 E23.96108
G1 X91.517 Y94.537 E24.11895
G1 X91.517 Y93.89 E24.14285
G1 X93.89 Y91.517 E24.26692
G1 X93.244 Y91.517 E24.29082
G1 X91.517 Y93.244 E24.3811
G1 X91.517 Y92.597 E24.405
G1 X92.597 Y91.517 E24.46148
G1 X91.951 Y91.517 E24.48538
G1 X91.321 Y92.148 E24.51834
;LAYER_CHANGE
;Z:15.4
;HEIGHT:0.2
G1 Z15.4 F7800
; stop printing object cube_20x20x20_stl id:0 copy 0
; printing object cube_20x20x20_stl id:0 copy 0
G1 X91.181 Y91.181
;TYPE:Perimeter
;WIDTH:0.499999
G1 F3600
G1 X108.819 Y91.181 E25.18867
G1 X108.819 Y108.819 E25.859
G1 X91.181 Y108.819 E26.52933
G1 X91.181 Y91.181 E27.19966
G1 X90.716 Y90.716 F7800
G1 F3600
G1 X109.284 Y90.716 E27.90539
G1 X109.284 Y109.284 E28.61111
G1 X90.716 Y109.284 E29.31684
G1 X90.716 Y90.716 E30.02257
G1 X90.25 Y90.25 F7800
;TYPE:External perimeter
G1 F1800
G1 X109.75 Y90.25 E30.76369
G1 X109.75 Y109.75 E31.50481
G1 X90.25 Y109.75 E32.24594
G1 X90.25 Y90.25 E32.98706
;SEAM:90.25:90.25
;WIPE_START
G1 X90.683 Y90.5 F7800
;WIPE_END
G92 E0
G1 E-2 F2400
G1 X108.679 Y92.245 F7800
G1 E0 F2400
;TYPE:Solid infill
;WIDTH:0.486363
G1 F1800
G1 X107.952 Y91.517 E.03803
G1 X107.306 Y91.517 E.06193
G1 X108.483 Y92.694 E.12348
G1 X108.483 Y93.341 E.14738
G1 X106.659 Y91.517 E.24273
G1 X106.013 Y91.517 E.26663
G1 X108.483 Y93.987 E.39577
G1 X108.483 Y94.634 E.41967
G1 X105.366 Y91.517 E.58261
G1 X104.72 Y91.517 E.60651
G1 X108.483 Y95.28 E.80324
G1 X108.483 Y95.926 E.82714
G1 X104.074 Y91.517 E1.05767
G1 X103.427 Y91.517 E1.08157
G1 X108.483 Y96.573 E1.3459
G1 X108.483 Y97.219 E1.3698
G1 X102.781 Y91.517 E1.66792
G1 X102.134 Y91.517 E1.69182
G1 X108.483 Y97.866 E2.02374
G1 X108.483 Y98.512 E2.04764
G1 X101.488 Y91.517 E2.41336
G1 X100.842 Y91.517 E2.43726
G1 X108.483 Y99.158 E2.83677
G1 X108.483 Y99.805 E2.86067
G1 X100.195 Y91.517 E3.29398
G1 X99.549 Y91.517 E3.31788
G1 X108.483 Y100.451 E3.78498
G1 X108.483 Y101.098 E3.80888
G1 X98.902 Y91.517 E4.30978
G1 X98.256 Y91.517 E4.33368
G1 X108.483 Y101.744 E4.86838
G1 X108.483 Y102.391 E4.89228
G1 X97.609 Y91.517 E5.46077
G1 X96.963 Y91.517 E5.48467
G1 X108.483 Y103.037 E6.08696
G1 X108.483 Y103.683 E6.11086
G1 X96.317 Y91.517 E6.74695
G1 X95.67 Y91.517 E6.77084
G1 X108.483 Y104.33 E7.44073
G1 X108.483 Y104.976 E7.46463
G1 X95.024 Y91.517 E8.16831
G1 X94.377 Y91.517 E8.1922
G1 X108.483 Y105.623 E8.92968
G1 X108.483 Y106.269 E8.95358
G1 X93.731 Y91.517 E9.72485
G1 X93.085 Y91.517 E9.74875
G1 X108.483 Y106.915 E10.55381
G1 X108.483 Y107.562 E10.57771
G1 X92.438 Y91.517 E11.41658
G1 X91.792 Y91.517 E11.44047
G1 X108.483 Y108.208 E12.31313
G1 X108.483 Y108.483 E12.32329
G1 X108.111 Y108.483 E12.33703
G1 X91.517 Y91.889 E13.20462
G1 X91.517 Y92.535 E13.22852
G1 X107.465 Y108.483 E14.06231
G1 X106.818 Y108.483 E14.08621
G1 X91.517 Y93.182 E14.88621
G1 X91.517 Y93.828 E14.91011
G1 X106.172 Y108.483 E15.67631
G1 X105.526 Y108.483 E15.70021
G1 X91.517 Y94.474 E16.43261
G1 X91.517 Y95.121 E16.45651
G1 X104.879 Y108.483 E17.15512
G1 X104.233 Y108.483 E17.17902
G1 X91.517 Y95.767 E17.84383
G1 X91.517 Y96.414 E17.86773
G1 X103.586 Y108.483 E18.49874
G1 X102.94 Y108.483 E18.52264
G1 X91.517 Y97.06 E19.11986
G1 X91.517 Y97.706 E19.14376
G1 X102.294 Y108.483 E19.70719
G1 X101.647 Y108.483 E19.73108
G1 X91.517 Y98.353 E20.26071
G1 X91.517 Y98.999 E20.28461
G1 X101.001 Y108.483 E20.78044
G1 X100.354 Y108.483 E20.80434
G1 X91.517 Y99.646 E21.26638
G1 X91.517 Y100.292 E21.29027
G1 X99.708 Y108.483 E21.71851
G1 X99.061 Y108.483 E21.74241
G1 X91.517 Y100.939 E22.13685
G1 X91.517 Y101.585 E22.16075
G1 X98.415 Y108.483 E22.5214
G1 X97.769 Y108.483 E22.5453
G1 X91.517 Y102.231 E22.87215
G1 X91.517 Y102.878 E22.89605
G1 X97.122 Y108.483 E23.1891
G1 X96.476 Y108.483 E23.213
G1 X91.517 Y103.524 E23.47226
G1 X91.517 Y104.171 E23.49616
G1 X95.829 Y108.483 E23.72162
G1 X95.183 Y108.483 E23.74552
G1 X91.517 Y104.817 E23.93718
G1 X91.517 Y105.463 E23.96108
G1 X94.537 Y108.483 E24.11895
G1 X93.89 Y108.483 E24.14285
G1 X91.517 Y106.11 E24.26692
G1 X91.517 Y106.756 E24.29082
G1 X93.244 Y108.483 E24.3811
G1 X92.597 Y108.483 E24.405
G1 X91.517 Y107.403 E24.46148
G1 X91.517 Y108.049 E24.48538
G1 X92.148 Y108.679 E24.51834
;LAYER_CHANGE
;Z:15.6
;HEIGHT:0.2
G1 Z15.6 F7800
; stop printing object cube_20x20x20_stl id:0 copy 0
; printing object cube_20x20x20_stl id:0 copy 0
G1 X91.181 Y108.819
;TYPE:Perimeter
;WIDTH:0.499999
G1 F3600
G1 X91.181 Y91.181 E25.18867
G1 X108.819 Y91.181 E25.859
G1 X108.819 Y108.819 E26.52933
G1 X91.181 Y108.819 E27.19966
G1 X90.716 Y109.284 F7800
G1 F3600
G1 X90.716 Y90.716 E27.90539
G1 X109.284 Y90.716 E28.61111
G1 X109.284 Y109.284 E29.31684
G1 X90.716 Y109.284 E30.02257
G1 X90.25 Y109.75 F7800
;TYPE:External perimeter
G1 F1800
G1 X90.25 Y90.25 E30.76369
G1 X109.75 Y90.25 E31.50481
G1 X109.75 Y109.75 E32.24594
G1 X90.25 Y109.75 E32.98706
;SEAM:90.25:109.75
;WIPE_START
G1 X90.5 Y109.317 F7800
;WIPE_END
G92 E0
G1 E-2 F2400
G1 X91.321 Y92.148 F7800
G1 E0 F2400
;TYPE:Solid infill
;WIDTH:0.486363
G1 F1800
G1 X91.951 Y91.517 E.03296
G1 X92.597 Y91.517 E.05686
G1 X91.517 Y92.597 E.11334
G1 X91.517 Y93.244 E.13724
G1 X93.244 Y91.517 E.22752
G1 X93.89 Y91.517 E.25141
G1 X91.517 Y93.89 E.37549
G1 X91.517 Y94.537 E.39939
G1 X94.537 Y91.517 E.55726
G1 X95.183 Y91.517 E.58116
G1 X91.517 Y95.183 E.77282
G1 X91.517 Y95.829 E.79672
G1 X95.829 Y91.517 E1.02218
G1 X96.476 Y91.517 E1.04608
G1 X91.517 Y96.476 E1.30534
G1 X91.517 Y97.122 E1.32924
G1 X97.122 Y91.517 E1.62229
G1 X97.769 Y91.517 E1.64619
G1 X91.517 Y97.769 E1.97304
G1 X91.517 Y98.415 E1.99694
G1 X98.415 Y91.517 E2.35759
G1 X99.061 Y91.517 E2.38148
G1 X91.517 Y99.061 E2.77593
G1 X91.517 Y99.708 E2.79983
G1 X99.708 Y91.517 E3.22807
G1 X100.354 Y91.517 E3.25196
G1 X91.517 Y100.354 E3.714
G1 X91.517 Y101.001 E3.7379
G1 X101.001 Y91.517 E4.23373
G1 X101.647 Y91.517 E4.25763
G1 X91.517 Y101.647 E4.78726
G1 X91.517 Y102.294 E4.81115
G1 X102.294 Y91.517 E5.37458
G1 X102.94 Y91.517 E5.39847
G1 X91.517 Y102.94 E5.9957
G1 X91.517 Y103.586 E6.01959
G1 X103.586 Y91.517 E6.65061
G1 X104.233 Y91.517 E6.67451
G1 X91.517 Y104.233 E7.33932
G1 X91.517 Y104.879 E7.36322
G1 X104.879 Y91.517 E8.06183
G1 X105.526 Y91.517 E8.08573
G1 X91.517 Y105.526 E8.81813
G1 X91.517 Y106.172 E8.84203
G1 X106.172 Y91.517 E9.60823
G1 X106.818 Y91.517 E9.63213
G1 X91.517 Y106.818 E10.43213
G1 X91.517 Y107.465 E10.45602
G1 X107.465 Y91.517 E11.28982
G1 X108.111 Y91.517 E11.31372
G1 X91.517 Y108.111 E12.18131
G1 X91.517 Y108.483 E12.19505
G1 X91.792 Y108.483 E12.2052
G1 X108.483 Y91.792 E13.07786
G1 X108.483 Y92.438 E13.10176
G1 X92.438 Y108.483 E13.94063
G1 X93.085 Y108.483 E13.96452
G1 X108.483 Y93.085 E14.76959
G1 X108.483 Y93.731 E14.79349
G1 X93.731 Y108.483 E15.56476
G1 X94.377 Y108.483 E15.58866
G1 X108.483 Y94.377 E16.32614
G1 X108.483 Y95.024 E16.35003
G1 X95.024 Y108.483 E17.05371
G1 X95.67 Y108.483 E17.07761
G1 X108.483 Y95.67 E17.74749
G1 X108.483 Y96.317 E17.77139
G1 X96.317 Y108.483 E18.40748
G1 X96.963 Y108.483 E18.43138
G1 X108.483 Y96.963 E19.03367
G1 X108.483 Y97.609 E19.05756
G1 X97.609 Y108.483 E19.62606
G1 X98.256 Y108.483 E19.64996
G1 X108.483 Y98.256 E20.18466
G1 X108.483 Y98.902 E20.20855
G1 X98.902 Y108.483 E20.70946
G1 X99.549 Y108.483 E20.73335
G1 X108.483 Y99.549 E21.20046
G1 X108.483 Y100.195 E21.22436
G1 X100.195 Y108.483 E21.65767
G1 X100.842 Y108.483 E21.68157
G1 X108.483 Y100.842 E22.08108
G1 X108.483 Y101.488 E22.10498
G1 X101.488 Y108.483 E22.4707
G1 X102.134 Y108.483 E22.49459
G1 X108.483 Y102.134 E22.82651
G1 X108.483 Y102.781 E22.85041
G1 X102.781 Y108.483 E23.14854
G1 X103.427 Y108.483 E23.17244
G1 X108.483 Y103.427 E23.43676
G1 X108.483 Y104.074 E23.46066
G1 X104.074 Y108.483 E23.6912
G1 X104.72 Y108.483 E23.71509
G1 X108.483 Y104.72 E23.91183
G1 X108.483 Y105.366 E23.93573
G1 X105.366 Y108.483 E24.09867
G1 X106.013 Y108.483 E24.12257
G1 X108.483 Y106.013 E24.25171
G1 X108.483 Y106.659 E24.27561
G1 X106.659 Y108.483 E24.37096
G1 X107.306 Y108.483 E24.39485
G1 X108.483 Y107.306 E24.45641
G1 X108.483 Y107.952 E24.4803
G1 X107.755 Y108.679 E24.51834
;LAYER_CHANGE
;Z:15.8
;HEIGHT:0.2
G1 Z15.8 F7800
; stop printing object cube_20x20x20_stl id:0 copy 0
; printing object cube_20x20x20_stl id:0 copy 0
G1 X108.819 Y108.819
;TYPE:Perimeter
;WIDTH:0.499999
G1 F3600
G1 X91.181 Y108.819 E25.18867
G1 X91.181 Y91.181 E25.859
G1 X108.819 Y91.181 E26.52933
G1 X108.819 Y108.819 E27.19966
G1 X109.284 Y109.284 F7800
G1 F3600
G1 X90.716 Y109.284 E27.90539
G1 X90.716 Y90.716 E28.61111
G1 X109.284 Y90.716 E29.31684
G1 X109.284 Y109.284 E30.02257
G1 X109.75 Y109.75 F7800
;TYPE:External perimeter
G1 F1800
G1 X90.25 Y109.75 E30.76369
G1 X90.25 Y90.25 E31.50481
G1 X109.75 Y90.25 E32.24594
G1 X109.75 Y109.75 E32.98706
;SEAM:109.75:109.75
;WIPE_START
G1 X109.317 Y109.5 F7800
;WIPE_END
G92 E0
G1 E-2 F2400
G1 X92.148 Y108.679 F7800
G1 E0 F2400
;TYPE:Solid infill
;WIDTH:0.486363
G1 F1800
G1 X91.517 Y108.049 E.03296
G1 X91.517 Y107.403 E.05686
G1 X92.597 Y108.483 E.11334
G1 X93.244 Y108.483 E.13724
G1 X91.517 Y106.756 E.22752
G1 X91.517 Y106.11 E.25141
G1 X93.89 Y108.483 E.37549
G1 X94.537 Y108.483 E.39939
G1 X91.517 Y105.463 E.55726
G1 X91.517 Y104.817 E.58115
G1 X95.183 Y108.483 E.77282
G1 X95.829 Y108.483 E.79672
G1 X91.517 Y104.171 E1.02218
G1 X91.517 Y103.524 E1.04608
G1 X96.476 Y108.483 E1.30534
G1 X97.122 Y108.483 E1.32924
G1 X91.517 Y102.878 E1.62229
G1 X91.517 Y102.231 E1.64619
G1 X97.769 Y108.483 E1.97304
G1 X98.415 Y108.483 E1.99694
G1 X91.517 Y101.585 E2.35759
G1 X91.517 Y100.939 E2.38148
G1 X99.061 Y108.483 E2.77593
G1 X99.708 Y108.483 E2.79982
G1 X91.517 Y100.292 E3.22806
G1 X91.517 Y99.646 E3.25196
G1 X100.354 Y108.483 E3.714
G1 X101.001 Y108.483 E3.7379
G1 X91.517 Y98.999 E4.23373
G1 X91.517 Y98.353 E4.25763
G1 X101.647 Y108.483 E4.78725
G1 X102.294 Y108.483 E4.81115
G1 X91.517 Y97.706 E5.37458
G1 X91.517 Y97.06 E5.39847
G1 X102.94 Y108.483 E5.99569
G1 X103.586 Y108.483 E6.01959
G1 X91.517 Y96.414 E6.65061
G1 X91.517 Y95.767 E6.67451
G1 X104.233 Y108.483 E7.33932
G1 X104.879 Y108.483 E7.36322
G1 X91.517 Y95.121 E8.06183
G1 X91.517 Y94.474 E8.08572
G1 X105.526 Y108.483 E8.81813
G1 X106.172 Y108.483 E8.84203
G1 X91.517 Y93.828 E9.60823
G1 X91.517 Y93.182 E9.63213
G1 X106.818 Y108.483 E10.43213
G1 X107.465 Y108.483 E10.45602
G1 X91.517 Y92.535 E11.28982
G1 X91.517 Y91.889 E11.31371
G1 X108.111 Y108.483 E12.1813
G1 X108.483 Y108.483 E12.19505
G1 X108.483 Y108.208 E12.2052
G1 X91.792 Y91.517 E13.07786
G1 X92.438 Y91.517 E13.10176
G1 X108.483 Y107.562 E13.94063
G1 X108.483 Y106.915 E13.96452
G1 X93.085 Y91.517 E14.76959
G1 X93.731 Y91.517 E14.79349
G1 X108.483 Y106.269 E15.56476
G1 X108.483 Y105.623 E15.58866
G1 X94.377 Y91.517 E16.32613
G1 X95.024 Y91.517 E16.35003
G1 X108.483 Y104.976 E17.05371
G1 X108.483 Y104.33 E17.07761
G1 X95.67 Y91.517 E17.74749
G1 X96.317 Y91.517 E17.77139
G1 X108.483 Y103.683 E18.40748
G1 X108.483 Y103.037 E18.43138
G1 X96.963 Y91.517 E19.03367
G1 X97.609 Y91.517 E19.05756
G1 X108.483 Y102.391 E19.62606
G1 X108.483 Y101.744 E19.64996
G1 X98.256 Y91.517 E20.18466
G1 X98.902 Y91.517 E20.20855
G1 X108.483 Y101.098 E20.70946
G1 X108.483 Y100.451 E20.73335
G1 X99.549 Y91.517 E21.20046
G1 X100.195 Y91.517 E21.22436
G1 X108.483 Y99.805 E21.65767
G1 X108.483 Y99.158 E21.68157
G1 X100.842 Y91.517 E22.08108
G1 X101.488 Y91.517 E22.10498
G1 X108.483 Y98.512 E22.4707
G1 X108.483 Y97.866 E22.49459
G1 X102.134 Y91.517 E22.82651
G1 X102.781 Y91.517 E22.85041
G1 X108.483 Y97.219 E23.14854
G1 X108.483 Y96.573 E23.17244
G1 X103.427 Y91.517 E23.43677
G1 X104.074 Y91.517 E23.46066
G1 X108.483 Y95.926 E23.6912
G1 X108.483 Y95.28 E23.71509
G1 X104.72 Y91.517 E23.91183
G1 X105.366 Y91.517 E23.93573
G1 X108.483 Y94.634 E24.09867
G1 X108.483 Y93.987 E24.12257
G1 X106.013 Y91.517 E24.25171
G1 X106.659 Y91.517 E24.27561
G1 X108.483 Y93.341 E24.37096
G1 X108.483 Y92.694 E24.39485
G1 X107.306 Y91.517 E24.45641
G1 X107.952 Y91.517 E24.4803
G1 X108.679 Y92.245 E24.51834
;LAYER_CHANGE
;Z:16
;HEIGHT:0.2
G1 Z16 F7800
; stop printing object cube_20x20x20_stl id:0 copy 0
; printing object cube_20x20x20_stl id:0 copy 0
G1 X108.819 Y91.181
;TYPE:Perimeter
;WIDTH:0.499999
G1 F3600
G1 X108.819 Y108.819 E25.18867
G1 X91.181 Y108.819 E25.859
G1 X91.181 Y91.181 E26.52933
G1 X108.819 Y91.181 E27.19966
G1 X109.284 Y90.716 F7800
G1 F3600
G1 X109.284 Y109.284 E27.90539
G1 X90.716 Y109.284 E28.61111
G1 X90.716 Y90.716 E29.31684
G1 X109.284 Y90.716 E30.02257
G1 X109.75 Y90.25 F7800
;TYPE:External perimeter
G1 F1800
G1 X109.75 Y109.75 E30.76369
G1 X90.25 Y109.75 E31.50481
G1 X90.25 Y90.25 E32.24594
G1 X109.75 Y90.25 E32.98706
;SEAM:109.75:90.25
;WIPE_START
G1 X109.5 Y90.683 F7800
;WIPE_END
G92 E0
G1 E-2 F2400
G1 X107.755 Y108.679 F7800
G1 E0 F2400
;TYPE:Solid infill
;WIDTH:0.486363
G1 F1800
G1 X108.483 Y107.952 E.03803
G1 X108.483 Y107.306 E.06193
G1 X107.306 Y108.483 E.12348
G1 X106.659 Y108.483 E.14738
G1 X108.483 Y106.659 E.24273
G1 X108.483 Y106.013 E.26663
G1 X106.013 Y108.483 E.39577
G1 X105.366 Y108.483 E.41967
G1 X108.483 Y105.366 E.58261
G1 X108.483 Y104.72 E.60651
G1 X104.72 Y108.483 E.80324
G1 X104.074 Y108.483 E.82714
G1 X108.483 Y104.074 E1.05767
G1 X108.483 Y103.427 E1.08157
G1 X103.427 Y108.483 E1.3459
G1 X102.781 Y108.483 E1.3698
G1 X108.483 Y102.781 E1.66792
G1 X108.483 Y102.134 E1.69182
G1 X102.134 Y108.483 E2.02374
G1 X101.488 Y108.483 E2.04764
G1 X108.483 Y101.488 E2.41336
G1 X108.483 Y100.842 E2.43726
G1 X100.842 Y108.483 E2.83677
G1 X100.195 Y108.483 E2.86067
G1 X108.483 Y100.195 E3.29398
G1 X108.483 Y99.549 E3.31788
G1 X99.549 Y108.483 E3.78498
G1 X98.902 Y108.483 E3.80888
G1 X108.483 Y98.902 E4.30978
G1 X108.483 Y98.256 E4.33368
G1 X98.256 Y108.483 E4.86838
G1 X97.609 Y108.483 E4.89228
G1 X108.483 Y97.609 E5.46077
G1 X108.483 Y96.963 E5.48467
G1 X96.963 Y108.483 E6.08696
G1 X96.317 Y108.483 E6.11086
G1 X108.483 Y96.317 E6.74695
G1 X108.483 Y95.67 E6.77084
G1 X95.67 Y108.483 E7.44073
G1 X95.024 Y108.483 E7.46462
G1 X108.483 Y95.024 E8.1683
G1 X108.483 Y94.377 E8.1922
G1 X94.377 Y108.483 E8.92968
G1 X93.731 Y108.483 E8.95358
G1 X108.483 Y93.731 E9.72485
G1 X108.483 Y93.085 E9.74875
G1 X93.085 Y108.483 E10.55381
G1 X92.438 Y108.483 E10.57771
G1 X108.483 Y92.438 E11.41658
G1 X108.483 Y91.792 E11.44047
G1 X91.792 Y108.483 E12.31313
G1 X91.517 Y108.483 E12.32329
G1 X91.517 Y108.111 E12.33703
G1 X108.111 Y91.517 E13.20462
G1 X107.465 Y91.517 E13.22852
G1 X91.517 Y107.465 E14.06231
G1 X91.517 Y106.818 E14.08621
G1 X106.818 Y91.517 E14.88621
G1 X106.172 Y91.517 E14.91011
G1 X91.517 Y106.172 E15.67631
G1 X91.517 Y105.526 E15.70021
G1 X105.526 Y91.517 E16.43261
G1 X104.879 Y91.517 E16.45651
G1 X91.517 Y104.879 E17.15512
G1 X91.517 Y104.233 E17.17902
G1 X104.233 Y91.517 E17.84383
G1 X103.586 Y91.517 E17.86773
G1 X91.517 Y103.586 E18.49874
G1 X91.517 Y102.94 E18.52264
G1 X102.94 Y91.517 E19.11986
G1 X102.294 Y91.517 E19.14376
G1 X91.517 Y102.294 E19.70718
G1 X91.517 Y101.647 E19.73108
G1 X101.647 Y91.517 E20.26071
G1 X101.001 Y91.517 E20.28461
G1 X91.517 Y101.001 E20.78044
G1 X91.517 Y100.354 E20.80434
G1 X100.354 Y91.517 E21.26637
G1 X99.708 Y91.517 E21.29027
G1 X91.517 Y99.708 E21.71851
G1 X91.517 Y99.061 E21.74241
G1 X99.061 Y91.517 E22.13685
G1 X98.415 Y91.517 E22.16075
G1 X91.517 Y98.415 E22.5214
G1 X91.517 Y97.769 E22.5453
G1 X97.769 Y91.517 E22.87215
G1 X97.122 Y91.517 E22.89605
G1 X91.517 Y97.122 E23.1891
G1 X91.517 Y96.476 E23.213
G1 X96.476 Y91.517 E23.47226
G1 X95.829 Y91.517 E23.49615
G1 X91.517 Y95.829 E23.72162
G1 X91.517 Y95.183 E23.74552
G1 X95.183 Y91.517 E23.93718
G1 X94.537 Y91.517 E23.96108
G1 X91.517 Y94.537 E24.11895
G1 X91.517 Y93.89 E24.14285
G1 X93.89 Y91.517 E24.26692
G1 X93.244 Y91.517 E24.29082
G1 X91.517 Y93.244 E24.3811
G1 X91.517 Y92.597 E24.405
G1 X92.597 Y91.517 E24.46148
G1 X91.951 Y91.517 E24.48538
G1 X91.321 Y92.148 E24.51834
;LAYER_CHANGE
;Z:16.2
;HEIGHT:0.2
G1 Z16.2 F7800
; stop printing object cube_20x20x20_stl id:0 copy 0
; printing object cube_20x20x20_stl id:0 copy 0
G1 X91.181 Y91.181
;TYPE:Perimeter
;WIDTH:0.499999
G1 F3600
G1 X108.819 Y91.181 E25.18867
G1 X108.819 Y108.819 E25.859
G1 X91.181 Y108.819 E26.52933
G1 X91.181 Y91.181 E27.19966
G1 X90.716 Y90.716 F7800
G1 F3600
G1 X109.284 Y90.716 E27.90539
G1 X109.284 Y109.284 E28.61111
G1 X90.716 Y109.284 E29.31684
G1 X90.716 Y90.716 E30.02257
G1 X90.25 Y90.25 F7800
;TYPE:External perimeter
G1 F1800
G1 X109.75 Y90.25 E30.76369
G1 X109.75 Y109.75 E31.50481
G1 X90.25 Y109.75 E32.24594
G1 X90.25 Y90.25 E32.98706
;SEAM:90.25:90.25
;WIPE_START
G1 X90.683 Y90.5 F7800
;WIPE_END
G92 E0
G1 E-2 F2400
G1 X108.679 Y92.245 F7800
G1 E0 F2400
;TYPE:Solid infill
;WIDTH:0.486363
G1 F1800
G1 X107.952 Y91.517 E.03803
G1 X107.306 Y91.517 E.06193
G1 X108.483 Y92.694 E.12348
G1 X108.483 Y93.341 E.14738
G1 X106.659 Y91.517 E.24273
G1 X106.013 Y91.517 E.26663
G1 X108.483 Y93.987 E.39577
G1 X108.483 Y94.634 E.41967
G1 X105.366 Y91.517 E.58261
G1 X104.72 Y91.517 E.60651
G1 X108.483 Y95.28 E.80324
G1 X108.483 Y95.926 E.82714
G1 X104.074 Y91.517 E1.05767
G1 X103.427 Y91.517 E1.08157
G1 X108.483 Y96.573 E1.3459
G1 X108.483 Y97.219 E1.3698
G1 X102.781 Y91.517 E1.66792
G1 X102.134 Y91.517 E1.69182
G1 X108.483 Y97.866 E2.02374
G1 X108.483 Y98.512 E2.04764
G1 X101.488 Y91.517 E2.41336
G1 X100.842 Y91.517 E2.43726
G1 X108.483 Y99.158 E2.83677
G1 X108.483 Y99.805 E2.86067
G1 X100.195 Y91.517 E3.29398
G1 X99.549 Y91.517 E3.31788
G1 X108.483 Y100.451 E3.78498
G1 X108.483 Y101.098 E3.80888
G1 X98.902 Y91.517 E4.30978
G1 X98.256 Y91.517 E4.33368
G1 X108.483 Y101.744 E4.86838
G1 X108.483 Y102.391 E4.89228
G1 X97.609 Y91.517 E5.46077
G1 X96.963 Y91.517 E5.48467
G1 X108.483 Y103.037 E6.08696
G1 X108.483 Y103.683 E6.11086
G1 X96.317 Y91.517 E6.74695
G1 X95.67 Y91.517 E6.77084
G1 X108.483 Y104.33 E7.44073
G1 X108.483 Y104.976 E7.46463
G1 X95.024 Y91.517 E8.16831
G1 X94.377 Y91.517 E8.1922
G1 X108.483 Y105.623 E8.92968
G1 X108.483 Y106.269 E8.95358
G1 X93.731 Y91.517 E9.72485
G1 X93.085 Y91.517 E9.74875
G1 X108.483 Y106.915 E10.55381
G1 X108.483 Y107.562 E10.57771
G1 X92.438 Y91.517 E11.41658
G1 X91.792 Y91.517 E11.44047
G1 X108.483 Y108.208 E12.31313
G1 X108.483 Y108.483 E12.32329
G1 X108.111 Y108.483 E12.33703
G1 X91.517 Y91.889 E13.20462
G1 X91.517 Y92.535 E13.22852
G1 X107.465 Y108.483 E14.06231
G1 X106.818 Y108.483 E14.08621
G1 X91.517 Y93.182 E14.88621
G1 X91.517 Y93.828 E14.91011
G1 X106.172 Y108.483 E15.67631
G1 X105.526 Y108.483 E15.70021
G1 X91.517 Y94.474 E16.43261
G1 X91.517 Y95.121 E16.45651
G1 X104.879 Y108.483 E17.15512
G1 X104.233 Y108.483 E17.17902
G1 X91.517 Y95.767 E17.84383
G1 X91.517 Y96.414 E17.86773
G1 X103.586 Y108.483 E18.49874
G1 X102.94 Y108.483 E18.52264
G1 X91.517 Y97.06 E19.11986
G1 X91.517 Y97.706 E19.14376
G1 X102.294 Y108.483 E19.70719
G1 X101.647 Y108.483 E19.73108
G1 X91.517 Y98.353 E20.26071
G1 X91.517 Y98.999 E20.28461
G1 X101.001 Y108.483 E20.78044
G1 X100.354 Y108.483 E20.80434
G1 X91.517 Y99.646 E21.26638
G1 X91.517 Y100.292 E21.29027
G1 X99.708 Y108.483 E21.71851
G1 X99.061 Y108.483 E21.74241
G1 X91.517 Y100.939 E22.13685
G1 X91.517 Y101.585 E22.16075
G1 X98.415 Y108.483 E22.5214
G1 X97.769 Y108.483 E22.5453
G1 X91.517 Y102.231 E22.87215
G1 X91.517 Y102.878 E22.89605
G1 X97.122 Y108.483 E23.1891
G1 X96.476 Y108.483 E23.213
G1 X91.517 Y103.524 E23.47226
G1 X91.517 Y104.171 E23.49616
G1 X95.829 Y108.483 E23.72162
G1 X95.183 Y108.483 E23.74552
G1 X91.517 Y104.817 E23.93718
G1 X91.517 Y105.463 E23.96108
G1 X94.537 Y108.483 E24.11895
G1 X93.89 Y108.483 E24.14285
G1 X91.517 Y106.11 E24.26692
G1 X91.517 Y106.756 E24.29082
G1 X93.244 Y108.483 E24.3811
G1 X92.597 Y108.483 E24.405
G1 X91.517 Y107.403 E24.46148
G1 X91.517 Y108.049 E24.48538
G1 X92.148 Y108.679 E24.51834
;LAYER_CHANGE
;Z:16.4
;HEIGHT:0.2
G1 Z16.4 F7800
; stop printing object cube_20x20x20_stl id:0 copy 0
; printing object cube_20x20x20_stl id:0 copy 0
G1 X91.181 Y108.819
;TYPE:Perimeter
;WIDTH:0.499999
G1 F3600
G1 X91.181 Y91.181 E25.18867
G1 X108.819 Y91.181 E25.859
G1 X108.819 Y108.819 E26.52933
G1 X91.181 Y108.819 E27.19966
G1 X90.716 Y109.284 F7800
G1 F3600
G1 X90.716 Y90.716 E27.90539
G1 X109.284 Y90.716 E28.61111
G1 X109.284 Y109.284 E29.31684
G1 X90.716 Y109.284 E30.02257
G1 X90.25 Y109.75 F7800
;TYPE:External perimeter
G1 F1800
G1 X90.25 Y90.25 E30.76369
G1 X109.75 Y90.25 E31.50481
G1 X109.75 Y109.75 E32.24594
G1 X90.25 Y109.75 E32.98706
;SEAM:90.25:109.75
;WIPE_START
G1 X90.5 Y109.317 F7800
;WIPE_END
G92 E0
G1 E-2 F2400
G1 X91.321 Y92.148 F7800
G1 E0 F2400
;TYPE:Solid infill
;WIDTH:0.486363
G1 F1800
G1 X91.951 Y91.517 E.03296
G1 X92.597 Y91.517 E.05686
G1 X91.517 Y92.597 E.11334
G1 X91.517 Y93.244 E.13724
G1 X93.244 Y91.517 E.22752
G1 X93.89 Y91.517 E.25141
G1 X91.517 Y93.89 E.37549
G1 X91.517 Y94.537 E.39939
G1 X94.537 Y91.517 E.55726
G1 X95.183 Y91.517 E.58116
G1 X91.517 Y95.183 E.77282
G1 X91.517 Y95.829 E.79672
G1 X95.829 Y91.517 E1.02218
G1 X96.476 Y91.517 E1.04608
G1 X91.517 Y96.476 E1.30534
G1 X91.517 Y97.122 E1.32924
G1 X97.122 Y91.517 E1.62229
G1 X97.769 Y91.517 E1.64619
G1 X91.517 Y97.769 E1.97304
G1 X91.517 Y98.415 E1.99694
G1 X98.415 Y91.517 E2.35759
G1 X99.061 Y91.517 E2.38148
G1 X91.517 Y99.061 E2.77593
G1 X91.517 Y99.708 E2.79983
G1 X99.708 Y91.517 E3.22807
G1 X100.354 Y91.517 E3.25196
G1 X91.517 Y100.354 E3.714
G1 X91.517 Y101.001 E3.7379
G1 X101.001 Y91.517 E4.23373
G1 X101.647 Y91.517 E4.25763
G1 X91.517 Y101.647 E4.78726
G1 X91.517 Y102.294 E4.81115
G1 X102.294 Y91.517 E5.37458
G1 X102.94 Y91.517 E5.39847
G1 X91.517 Y102.94 E5.9957
G1 X91.517 Y103.586 E6.01959
G1 X103.586 Y91.517 E6.65061
G1 X104.233 Y91.517 E6.67451
G1 X91.517 Y104.233 E7.33932
G1 X91.517 Y104.879 E7.36322
G1 X104.879 Y91.517 E8.06183
G1 X105.526 Y91.517 E8.08573
G1 X91.517 Y105.526 E8.81813
G1 X91.517 Y106.172 E8.84203
G1 X106.172 Y91.517 E9.60823
G1 X106.818 Y91.517 E9.63213
G1 X91.517 Y106.818 E10.43213
G1 X91.517 Y107.465 E10.45602
G1 X107.465 Y91.517 E11.28982
G1 X108.111 Y91.517 E11.31372
G1 X91.517 Y108.111 E12.18131
G1 X91.517 Y108.483 E12.19505
G1 X91.792 Y108.483 E12.2052
G1 X108.483 Y91.792 E13.07786
G1 X108.483 Y92.438 E13.10176
G1 X92.438 Y108.483 E13.94063
G1 X93.085 Y108.483 E13.96452
G1 X108.483 Y93.085 E14.76959
G1 X108.483 Y93.731 E14.79349
G1 X93.731 Y108.483 E15.56476
G1 X94.377 Y108.483 E15.58866
G1 X108.483 Y94.377 E16.32614
G1 X108.483 Y95.024 E16.35003
G1 X95.024 Y108.483 E17.05371
G1 X95.67 Y108.483 E17.07761
G1 X108.483 Y95.67 E17.74749
G1 X108.483 Y96.317 E17.77139
G1 X96.317 Y108.483 E18.40748
G1 X96.963 Y108.483 E18.43138
G1 X108.483 Y96.963 E19.03367
G1 X108.483 Y97.609 E19.05756
G1 X97.609 Y108.483 E19.62606
G1 X98.256 Y108.483 E19.64996
G1 X108.483 Y98.256 E20.18466
G1 X108.483 Y98.902 E20.20855
G1 X98.902 Y108.483 E20.70946
G1 X99.549 Y108.483 E20.73335
G1 X108.483 Y99.549 E21.20046
G1 X108.483 Y100.195 E21.22436
G1 X100.195 Y108.483 E21.65767
G1 X100.842 Y108.483 E21.68157
G1 X108.483 Y100.842 E22.08108
G1 X108.483 Y101.488 E22.10498
G1 X101.488 Y108.483 E22.4707
G1 X102.134 Y108.483 E22.49459
G1 X108.483 Y102.134 E22.82651
G1 X108.483 Y102.781 E22.85041
G1 X102.781 Y108.483 E23.14854
G1 X103.427 Y108.483 E23.17244
G1 X108.483 Y103.427 E23.43676
G1 X108.483 Y104.074 E23.46066
G1 X104.074 Y108.483 E23.6912
G1 X104.72 Y108.483 E23.71509
G1 X108.483 Y104.72 E23.91183
G1 X108.483 Y105.366 E23.93573
G1 X105.366 Y108.483 E24.09867
G1 X106.013 Y108.483 E24.12257
G1 X108.483 Y106.013 E24.25171
G1 X108.483 Y106.659 E24.27561
G1 X106.659 Y108.483 E24.37096
G1 X107.306 Y108.483 E24.39485
G1 X108.483 Y107.306 E24.45641
G1 X108.483 Y107.952 E24.4803
G1 X107.755 Y108.679 E24.51834
;LAYER_CHANGE
;Z:16.6
;HEIGHT:0.2
G1 Z16.6 F7800
; stop printing object cube_20x20x20_stl id:0 copy 0
; printing object cube_20x20x20_stl id:0 copy 0
G1 X108.819 Y108.819
;TYPE:Perimeter
;WIDTH:0.499999
G1 F3600
G1 X91.181 Y108.819 E25.18867
G1 X91.181 Y91.181 E25.859
G1 X108.819 Y91.181 E26.52933
G1 X108.819 Y108.819 E27.19966
G1 X109.284 Y109.284 F7800
G1 F3600
G1 X90.716 Y109.284 E27.90539
G1 X90.716 Y90.716 E28.61111
G1 X109.284 Y90.716 E29.31684
G1 X109.284 Y109.284 E30.02257
G1 X109.75 Y109.75 F7800
;TYPE:External perimeter
G1 F1800
G1 X90.25 Y109.75 E30.76369
G1 X90.25 Y90.25 E31.50481
G1 X109.75 Y90.25 E32.24594
G1 X109.75 Y109.75 E32.98706
;SEAM:109.75:109.75
;WIPE_START
G1 X109.317 Y109.5 F7800
;WIPE_END
G92 E0
G1 E-2 F2400
G1 X92.148 Y108.679 F7800
G1 E0 F2400
;TYPE:Solid infill
;WIDTH:0.486363
G1 F1800
G1 X91.517 Y108.049 E.03296
G1 X91.517 Y107.403 E.05686
G1 X92.597 Y108.483 E.11334
G1 X93.244 Y108.483 E.13724
G1 X91.517 Y106.756 E.22752
G1 X91.517 Y106.11 E.25141
G1 X93.89 Y108.483 E.37549
G1 X94.537 Y108.483 E.39939
G1 X91.517 Y105.463 E.55726
G1 X91.517 Y104.817 E.58115
G1 X95.183 Y108.483 E.77282
G1 X95.829 Y108.483 E.79672
G1 X91.517 Y104.171 E1.02218
G1 X91.517 Y103.524 E1.04608
G1 X96.476 Y108.483 E1.30534
G1 X97.122 Y108.483 E1.32924
G1 X91.517 Y102.878 E1.62229
G1 X91.517 Y102.231 E1.64619
G1 X97.769 Y108.483 E1.97304
G1 X98.415 Y108.483 E1.99694
G1 X91.517 Y101.585 E2.35759
G1 X91.517 Y100.939 E2.38148
G1 X99.061 Y108.483 E2.77593
G1 X99.708 Y108.483 E2.79982
G1 X91.517 Y100.292 E3.22806
G1 X91.517 Y99.646 E3.25196
G1 X100.354 Y108.483 E3.714
G1 X101.001 Y108.483 E3.7379
G1 X91.517 Y98.999 E4.23373
G1 X91.517 Y98.353 E4.25763
G1 X101.647 Y108.483 E4.78725
G1 X102.294 Y108.483 E4.81115
G1 X91.517 Y97.706 E5.37458
G1 X91.517 Y97.06 E5.39847
G1 X102.94 Y108.483 E5.99569
G1 X103.586 Y108.483 E6.01959
G1 X91.517 Y96.414 E6.65061
G1 X91.517 Y95.767 E6.67451
G1 X104.233 Y108.483 E7.33932
G1 X104.879 Y108.483 E7.36322
G1 X91.517 Y95.121 E8.06183
G1 X91.517 Y94.474 E8.08572
G1 X105.526 Y108.483 E8.81813
G1 X106.172 Y108.483 E8.84203
G1 X91.517 Y93.828 E9.60823
G1 X91.517 Y93.182 E9.63213
G1 X106.818 Y108.483 E10.43213
G1 X107.465 Y108.483 E10.45602
G1 X91.517 Y92.535 E11.28982
G1 X91.517 Y91.889 E11.31371
G1 X108.111 Y108.483 E12.1813
G1 X108.483 Y108.483 E12.19505
G1 X108.483 Y108.208 E12.2052
G1 X91.792 Y91.517 E13.07786
G1 X92.438 Y91.517 E13.10176
G1 X108.483 Y107.562 E13.94063
G1 X108.483 Y106.915 E13.96452
G1 X93.085 Y91.517 E14.76959
G1 X93.731 Y91.517 E14.79349
G1 X108.483 Y106.269 E15.56476
G1 X108.483 Y105.623 E15.58866
G1 X94.377 Y91.517 E16.32613
G1 X95.024 Y91.517 E16.35003
G1 X108.483 Y104.976 E17.05371
G1 X108.483 Y104.33 E17.07761
G1 X95.67 Y91.517 E17.74749
G1 X96.317 Y91.517 E17.77139
G1 X108.483 Y103.683 E18.40748
G1 X108.483 Y103.037 E18.43138
G1 X96.963 Y91.517 E19.03367
G1 X97.609 Y91.517 E19.05756
G1 X108.483 Y102.391 E19.62606
G1 X108.483 Y101.744 E19.64996
G1 X98.256 Y91.517 E20.18466
G1 X98.902 Y91.517 E20.20855
G1 X108.483 Y101.098 E20.70946
G1 X108.483 Y100.451 E20.73335
G1 X99.549 Y91.517 E21.20046
G1 X100.195 Y91.517 E21.22436
G1 X108.483 Y99.805 E21.65767
G1 X108.483 Y99.158 E21.68157
G1 X100.842 Y91.517 E22.08108
G1 X101.488 Y91.517 E22.10498
G1 X108.483 Y98.512 E22.4707
G1 X108.483 Y97.866 E22.49459
G1 X102.134 Y91.517 E22.82651
G1 X102.781 Y91.517 E22.85041
G1 X108.483 Y97.219 E23.14854
G1 X108.483 Y96.573 E23.17244
G1 X103.427 Y91.517 E23.43677
G1 X104.074 Y91.517 E23.46066
G1 X108.483 Y95.926 E23.6912
G1 X108.483 Y95.28 E23.71509
G1 X104.72 Y91.517 E23.91183
G1 X105.366 Y91.517 E23.93573
G1 X108.483 Y94.634 E24.09867
G1 X108.483 Y93.987 E24.12257
G1 X106.013 Y91.517 E24.25171
G1 X106.659 Y91.517 E24.27561
G1 X108.483 Y93.341 E24.37096
G1 X108.483 Y92.694 E24.39485
G1 X107.306 Y91.517 E24.45641
G1 X107.952 Y91.517 E24.4803
G1 X108.679 Y92.245 E24.51834
;LAYER_CHANGE
;Z:16.8
;HEIGHT:0.2
G1 Z16.8 F7800
; stop printing object cube_20x20x20_stl id:0 copy 0
; printing object cube_20x20x20_stl id:0 copy 0
G1 X108.819 Y91.181
;TYPE:Perimeter
;WIDTH:0.499999
G1 F3600
G1 X108.819 Y108.819 E25.18867
G1 X91.181 Y108.819 E25.859
G1 X91.181 Y91.181 E26.52933
G1 X108.819 Y91.181 E27.19966
G1 X109.284 Y90.716 F7800
G1 F3600
G1 X109.284 Y109.284 E27.90539
G1 X90.716 Y109.284 E28.61111
G1 X90.716 Y90.716 E29.31684
G1 X109.284 Y90.716 E30.02257
G1 X109.75 Y90.25 F7800
;TYPE:External perimeter
G1 F1800
G1 X109.75 Y109.75 E30.76369
G1 X90.25 Y109.75 E31.50481
G1 X90.25 Y90.25 E32.24594
G1 X109.75 Y90.25 E32.98706
;SEAM:109.75:90.25
;WIPE_START
G1 X109.5 Y90.683 F7800
;WIPE_END
G92 E0
G1 E-2 F2400
G1 X107.755 Y108.679 F7800
G1 E0 F2400
;TYPE:Solid infill
;WIDTH:0.486363
G1 F1800
G1 X108.483 Y107.952 E.03803
G1 X108.483 Y107.306 E.06193
G1 X107.306 Y108.483 E.12348
G1 X106.659 Y108.483 E.14738
G1 X108.483 Y106.659 E.24273
G1 X108.483 Y106.013 E.26663
G1 X106.013 Y108.483 E.39577
G1 X105.366 Y108.483 E.41967
G1 X108.483 Y105.366 E.58261
G1 X108.483 Y104.72 E.60651
G1 X104.72 Y108.483 E.80324
G1 X104.074 Y108.483 E.82714
G1 X108.483 Y104.074 E1.05767
G1 X108.483 Y103.427 E1.08157
G1 X103.427 Y108.483 E1.3459
G1 X102.781 Y108.483 E1.3698
G1 X108.483 Y102.781 E1.66792
G1 X108.483 Y102.134 E1.69182
G1 X102.134 Y108.483 E2.02374
G1 X101.488 Y108.483 E2.04764
G1 X108.483 Y101.488 E2.41336
G1 X108.483 Y100.842 E2.43726
G1 X100.842 Y108.483 E2.83677
G1 X100.195 Y108.483 E2.86067
G1 X108.483 Y100.195 E3.29398
G1 X108.483 Y99.549 E3.31788
G1 X99.549 Y108.483 E3.78498
G1 X98.902 Y108.483 E3.80888
G1 X108.483 Y98.902 E4.30978
G1 X108.483 Y98.256 E4.33368
G1 X98.256 Y108.483 E4.86838
G1 X97.609 Y108.483 E4.89228
G1 X108.483 Y97.609 E5.46077
G1 X108.483 Y96.963 E5.48467
G1 X96.963 Y108.483 E6.08696
G1 X96.317 Y108.483 E6.11086
G1 X108.483 Y96.317 E6.74695
G1 X108.483 Y95.67 E6.77084
G1 X95.67 Y108.483 E7.44073
G1 X95.024 Y108.483 E7.46462
G1 X108.483 Y95.024 E8.1683
G1 X108.483 Y94.377 E8.1922
G1 X94.377 Y108.483 E8.92968
G1 X93.731 Y108.483 E8.95358
G1 X108.483 Y93.731 E9.72485
G1 X108.483 Y93.085 E9.74875
G1 X93.085 Y108.483 E10.55381
G1 X92.438 Y108.483 E10.57771
G1 X108.483 Y92.438 E11.41658
G1 X108.483 Y91.792 E11.44047
G1 X91.792 Y108.483 E12.31313
G1 X91.517 Y108.483 E12.32329
G1 X91.517 Y108.111 E12.33703
G1 X108.111 Y91.517 E13.20462
G1 X107.465 Y91.517 E13.22852
G1 X91.517 Y107.465 E14.06231
G1 X91.517 Y106.818 E14.08621
G1 X106.818 Y91.517 E14.88621
G1 X106.172 Y91.517 E14.91011
G1 X91.517 Y106.172 E15.67631
G1 X91.517 Y105.526 E15.70021
G1 X105.526 Y91.517 E16.43261
G1 X104.879 Y91.517 E16.45651
G1 X91.517 Y104.879 E17.15512
G1 X91.517 Y104.233 E17.17902
G1 X104.233 Y91.517 E17.84383
G1 X103.586 Y91.517 E17.86773
G1 X91.517 Y103.586 E18.49874
G1 X91.517 Y102.94 E18.52264
G1 X102.94 Y91.517 E19.11986
G1 X102.294 Y91.517 E19.14376
G1 X91.517 Y102.294 E19.70718
G1 X91.517 Y101.647 E19.73108
G1 X101.647 Y91.517 E20.26071
G1 X101.001 Y91.517 E20.28461
G1 X91.517 Y101.001 E20.78044
G1 X91.517 Y100.354 E20.80434
G1 X100.354 Y91.517 E21.26637
G1 X99.708 Y91.517 E21.29027
G1 X91.517 Y99.708 E21.71851
G1 X91.517 Y99.061 E21.74241
G1 X99.061 Y91.517 E22.13685
G1 X98.415 Y91.517 E22.16075
G1 X91.517 Y98.415 E22.5214
G1 X91.517 Y97.769 E22.5453
G1 X97.769 Y91.517 E22.87215
G1 X97.122 Y91.517 E22.89605
G1 X91.517 Y97.122 E23.1891
G1 X91.517 Y96.476 E23.213
G1 X96.476 Y91.517 E23.47226
G1 X95.829 Y91.517 E23.49615
G1 X91.517 Y95.829 E23.72162
G1 X91.517 Y95.183 E23.74552
G1 X95.183 Y91.517 E23.93718
G1 X94.537 Y91.517 E23.96108
G1 X91.517 Y94.537 E24.11895
G1 X91.517 Y93.89 E24.14285
G1 X93.89 Y91.517 E24.26692
G1 X93.244 Y91.517 E24.29082
G1 X91.517 Y93.244 E24.3811
G1 X91.517 Y92.597 E24.405
G1 X92.597 Y91.517 E24.46148
G1 X91.951 Y91.517 E24.48538
G1 X91.321 Y92.148 E24.51834
;LAYER_CHANGE
;Z:17
;HEIGHT:0.2
G1 Z17 F7800
; stop printing object cube_20x20x20_stl id:0 copy 0
; printing object cube_20x20x20_stl id:0 copy 0
G1 X91.181 Y91.181
;TYPE:Perimeter
;WIDTH:0.499999
G1 F3600
G1 X108.819 Y91.181 E25.18867
G1 X108.819 Y108.819 E25.859
G1 X91.181 Y108.819 E26.52933
G1 X91.181 Y91.181 E27.19966
G1 X90.716 Y90.716 F7800
G1 F3600
G1 X109.284 Y90.716 E27.90539
G1 X109.284 Y109.284 E28.61111
G1 X90.716 Y109.284 E29.31684
G1 X90.716 Y90.716 E30.02257
G1 X90.25 Y90.25 F7800
;TYPE:External perimeter
G1 F1800
G1 X109.75 Y90.25 E30.76369
G1 X109.75 Y109.75 E31.50481
G1 X90.25 Y109.75 E32.24594
G1 X90.25 Y90.25 E32.98706
;SEAM:90.25:90.25
;WIPE_START
G1 X90.683 Y90.5 F7800
;WIPE_END
G92 E0
G1 E-2 F2400
G1 X108.679 Y92.245 F7800
G1 E0 F2400
;TYPE:Solid infill
;WIDTH:0.486363
G1 F1800
G1 X107.952 Y91.517 E.03803
G1 X107.306 Y91.517 E.06193
G1 X108.483 Y92.694 E.12348
G1 X108.483 Y93.341 E.14738
G1 X106.659 Y91.517 E.24273
G1 X106.013 Y91.517 E.26663
G1 X108.483 Y93.987 E.39577
G1 X108.483 Y94.634 E.41967
G1 X105.366 Y91.517 E.58261
G1 X104.72 Y91.517 E.60651
G1 X108.483 Y95.28 E.80324
G1 X108.483 Y95.926 E.82714
G1 X104.074 Y91.517 E1.05767
G1 X103.427 Y91.517 E1.08157
G1 X108.483 Y96.573 E1.3459
G1 X108.483 Y97.219 E1.3698
G1 X102.781 Y91.517 E1.66792
G1 X102.134 Y91.517 E1.69182
G1 X108.483 Y97.866 E2.02374
G1 X108.483 Y98.512 E2.04764
G1 X101.488 Y91.517 E2.41336
G1 X100.842 Y91.517 E2.43726
G1 X108.483 Y99.158 E2.83677
G1 X108.483 Y99.805 E2.86067
G1 X100.195 Y91.517 E3.29398
G1 X99.549 Y91.517 E3.31788
G1 X108.483 Y100.451 E3.78498
G1 X108.483 Y101.098 E3.80888
G1 X98.902 Y91.517 E4.30978
G1 X98.256 Y91.517 E4.33368
G1 X108.483 Y101.744 E4.86838
G1 X108.483 Y102.391 E4.89228
G1 X97.609 Y91.517 E5.46077
G1 X96.963 Y91.517 E5.48467
G1 X108.483 Y103.037 E6.08696
G1 X108.483 Y103.683 E6.11086
G1 X96.317 Y91.517 E6.74695
G1 X95.67 Y91.517 E6.77084
G1 X108.483 Y104.33 E7.44073
G1 X108.483 Y104.976 E7.46463
G1 X95.024 Y91.517 E8.16831
G1 X94.377 Y91.517 E8.1922
G1 X108.483 Y105.623 E8.92968
G1 X108.483 Y106.269 E8.95358
G1 X93.731 Y91.517 E9.72485
G1 X93.085 Y91.517 E9.74875
G1 X108.483 Y106.915 E10.55381
G1 X108.483 Y107.562 E10.57771
G1 X92.438 Y91.517 E11.41658
G1 X91.792 Y91.517 E11.44047
G1 X108.483 Y108.208 E12.31313
G1 X108.483 Y108.483 E12.32329
G1 X108.111 Y108.483 E12.33703
G1 X91.517 Y91.889 E13.20462
G1 X91.517 Y92.535 E13.22852
G1 X107.465 Y108.483 E14.06231
G1 X106.818 Y108.483 E14.08621
G1 X91.517 Y93.182 E14.88621
G1 X91.517 Y93.828 E14.91011
G1 X106.172 Y108.483 E15.67631
G1 X105.526 Y108.483 E15.70021
G1 X91.517 Y94.474 E16.43261
G1 X91.517 Y95.121 E16.45651
G1 X104.879 Y108.483 E17.15512
G1 X104.233 Y108.483 E17.17902
G1 X91.517 Y95.767 E17.84383
G1 X91.517 Y96.414 E17.86773
G1 X103.586 Y108.483 E18.49874
G1 X102.94 Y108.483 E18.52264
G1 X91.517 Y97.06 E19.11986
G1 X91.517 Y97.706 E19.14376
G1 X102.294 Y108.483 E19.70719
G1 X101.647 Y108.483 E19.73108
G1 X91.517 Y98.353 E20.26071
G1 X91.517 Y98.999 E20.28461
G1 X101.001 Y108.483 E20.78044
G1 X100.354 Y108.483 E20.80434
G1 X91.517 Y99.646 E21.26638
G1 X91.517 Y100.292 E21.29027
G1 X99.708 Y108.483 E21.71851
G1 X99.061 Y108.483 E21.74241
G1 X91.517 Y100.939 E22.13685
G1 X91.517 Y101.585 E22.16075
G1 X98.415 Y108.483 E22.5214
G1 X97.769 Y108.483 E22.5453
G1 X91.517 Y102.231 E22.87215
G1 X91.517 Y102.878 E22.89605
G1 X97.122 Y108.483 E23.1891
G1 X96.476 Y108.483 E23.213
G1 X91.517 Y103.524 E23.47226
G1 X91.517 Y104.171 E23.49616
G1 X95.829 Y108.483 E23.72162
G1 X95.183 Y108.483 E23.74552
G1 X91.517 Y104.817 E23.93718
G1 X91.517 Y105.463 E23.96108
G1 X94.537 Y108.483 E24.11895
G1 X93.89 Y108.483 E24.14285
G1 X91.517 Y106.11 E24.26692
G1 X91.517 Y106.756 E24.29082
G1 X93.244 Y108.483 E24.3811
G1 X92.597 Y108.483 E24.405
G1 X91.517 Y107.403 E24.46148
G1 X91.517 Y108.049 E24.48538
G1 X92.148 Y108.679 E24.51834
;LAYER_CHANGE
;Z:17.2
;HEIGHT:0.2
G1 Z17.2 F7800
; stop printing object cube_20x20x20_stl id:0 copy 0
; printing object cube_20x20x20_stl id:0 copy 0
G1 X91.181 Y108.819
;TYPE:Perimeter
;WIDTH:0.499999
G1 F3600
G1 X91.181 Y91.181 E25.18867
G1 X108.819 Y91.181 E25.859
G1 X108.819 Y108.819 E26.52933
G1 X91.181 Y108.819 E27.19966
G1 X90.716 Y109.284 F7800
G1 F3600
G1 X90.716 Y90.716 E27.90539
G1 X109.284 Y90.716 E28.61111
G1 X109.284 Y109.284 E29.31684
G1 X90.716 Y109.284 E30.02257
G1 X90.25 Y109.75 F7800
;TYPE:External perimeter
G1 F1800
G1 X90.25 Y90.25 E30.76369
G1 X109.75 Y90.25 E31.50481
G1 X109.75 Y109.75 E32.24594
G1 X90.25 Y109.75 E32.98706
;SEAM:90.25:109.75
;WIPE_START
G1 X90.5 Y109.317 F7800
;WIPE_END
G92 E0
G1 E-2 F2400
G1 X91.321 Y92.148 F7800
G1 E0 F2400
;TYPE:Solid infill
;WIDTH:0.486363
G1 F1800
G1 X91.951 Y91.517 E.03296
G1 X92.597 Y91.517 E.05686
G1 X91.517 Y92.597 E.11334
G1 X91.517 Y93.244 E.13724
G1 X93.244 Y91.517 E.22752
G1 X93.89 Y91.517 E.25141
G1 X91.517 Y93.89 E.37549
G1 X91.517 Y94.537 E.39939
G1 X94.537 Y91.517 E.55726
G1 X95.183 Y91.517 E.58116
G1 X91.517 Y95.183 E.77282
G1 X91.517 Y95.829 E.79672
G1 X95.829 Y91.517 E1.02218
G1 X96.476 Y91.517 E1.04608
G1 X91.517 Y96.476 E1.30534
G1 X91.517 Y97.122 E1.32924
G1 X97.122 Y91.517 E1.62229
G1 X97.769 Y91.517 E1.64619
G1 X91.517 Y97.769 E1.97304
G1 X91.517 Y98.415 E1.99694
G1 X98.415 Y91.517 E2.35759
G1 X99.061 Y91.517 E2.38148
G1 X91.517 Y99.061 E2.77593
G1 X91.517 Y99.708 E2.79983
G1 X99.708 Y91.517 E3.22807
G1 X100.354 Y91.517 E3.25196
G1 X91.517 Y100.354 E3.714
G1 X91.517 Y101.001 E3.7379
G1 X101.001 Y91.517 E4.23373
G1 X101.647 Y91.517 E4.25763
G1 X91.517 Y101.647 E4.78726
G1 X91.517 Y102.294 E4.81115
G1 X102.294 Y91.517 E5.37458
G1 X102.94 Y91.517 E5.39847
G1 X91.517 Y102.94 E5.9957
G1 X91.517 Y103.586 E6.01959
G1 X103.586 Y91.517 E6.65061
G1 X104.233 Y91.517 E6.67451
G1 X91.517 Y104.233 E7.33932
G1 X91.517 Y104.879 E7.36322
G1 X104.879 Y91.517 E8.06183
G1 X105.526 Y91.517 E8.08573
G1 X91.517 Y105.526 E8.81813
G1 X91.517 Y106.172 E8.84203
G1 X106.172 Y91.517 E9.60823
G1 X106.818 Y91.517 E9.63213
G1 X91.517 Y106.818 E10.43213
G1 X91.517 Y107.465 E10.45602
G1 X107.465 Y91.517 E11.28982
G1 X108.111 Y91.517 E11.31372
G1 X91.517 Y108.111 E12.18131
G1 X91.517 Y108.483 E12.19505
G1 X91.792 Y108.483 E12.2052
G1 X108.483 Y91.792 E13.07786
G1 X108.483 Y92.438 E13.10176
G1 X92.438 Y108.483 E13.94063
G1 X93.085 Y108.483 E13.96452
G1 X108.483 Y93.085 E14.76959
G1 X108.483 Y93.731 E14.79349
G1 X93.731 Y108.483 E15.56476
G1 X94.377 Y108.483 E15.58866
G1 X108.483 Y94.377 E16.32614
G1 X108.483 Y95.024 E16.35003
G1 X95.024 Y108.483 E17.05371
G1 X95.67 Y108.483 E17.07761
G1 X108.483 Y95.67 E17.74749
G1 X108.483 Y96.317 E17.77139
G1 X96.317 Y108.483 E18.40748
G1 X96.963 Y108.483 E18.43138
G1 X108.483 Y96.963 E19.03367
G1 X108.483 Y97.609 E19.05756
G1 X97.609 Y108.483 E19.62606
G1 X98.256 Y108.483 E19.64996
G1 X108.483 Y98.256 E20.18466
G1 X108.483 Y98.902 E20.20855
G1 X98.902 Y108.483 E20.70946
G1 X99.549 Y108.483 E20.73335
G1 X108.483 Y99.549 E21.20046
G1 X108.483 Y100.195 E21.22436
G1 X100.195 Y108.483 E21.65767
G1 X100.842 Y108.483 E21.68157
G1 X108.483 Y100.842 E22.08108
G1 X108.483 Y101.488 E22.10498
G1 X101.488 Y108.483 E22.4707
G1 X102.134 Y108.483 E22.49459
G1 X108.483 Y102.134 E22.82651
G1 X108.483 Y102.781 E22.85041
G1 X102.781 Y108.483 E23.14854
G1 X103.427 Y108.483 E23.17244
G1 X108.483 Y103.427 E23.43676
G1 X108.483 Y104.074 E23.46066
G1 X104.074 Y108.483 E23.6912
G1 X104.72 Y108.483 E23.71509
G1 X108.483 Y104.72 E23.91183
G1 X108.483 Y105.366 E23.93573
G1 X105.366 Y108.483 E24.09867
G1 X106.013 Y108.483 E24.12257
G1 X108.483 Y106.013 E24.25171
G1 X108.483 Y106.659 E24.27561
G1 X106.659 Y108.483 E24.37096
G1 X107.306 Y108.483 E24.39485
G1 X108.483 Y107.306 E24.45641
G1 X108.483 Y107.952 E24.4803
G1 X107.755 Y108.679 E24.51834
;LAYER_CHANGE
;Z:17.4
;HEIGHT:0.2
G1 Z17.4 F7800
; stop printing object cube_20x20x20_stl id:0 copy 0
; printing object cube_20x20x20_stl id:0 copy 0
G1 X108.819 Y108.819
;TYPE:Perimeter
;WIDTH:0.499999
G1 F3600
G1 X91.181 Y108.819 E25.18867
G1 X91.181 Y91.181 E25.859
G1 X108.819 Y91.181 E26.52933
G1 X108.819 Y108.819 E27.19966
G1 X109.284 Y109.284 F7800
G1 F3600
G1 X90.716 Y109.284 E27.90539
G1 X90.716 Y90.716 E28.61111
G1 X109.284 Y90.716 E29.31684
G1 X109.284 Y109.284 E30.02257
G1 X109.75 Y109.75 F7800
;TYPE:External perimeter
G1 F1800
G1 X90.25 Y109.75 E30.76369
G1 X90.25 Y90.25 E31.50481
G1 X109.75 Y90.25 E32.24594
G1 X109.75 Y109.75 E32.98706
;SEAM:109.75:109.75
;WIPE_START
G1 X109.317 Y109.5 F7800
;WIPE_END
G92 E0
G1 E-2 F2400
G1 X92.148 Y108.679 F7800
G1 E0 F2400
;TYPE:Solid infill
;WIDTH:0.486363
G1 F1800
G1 X91.517 Y108.049 E.03296
G1 X91.517 Y107.403 E.05686
G1 X92.597 Y108.483 E.11334
G1 X93.244 Y108.483 E.13724
G1 X91.517 Y106.756 E.22752
G1 X91.517 Y106.11 E.25141
G1 X93.89 Y108.483 E.37549
G1 X94.537 Y108.483 E.39939
G1 X91.517 Y105.463 E.55726
G1 X91.517 Y104.817 E.58115
G1 X95.183 Y108.483 E.77282
G1 X95.829 Y108.483 E.79672
G1 X91.517 Y104.171 E1.02218
G1 X91.517 Y103.524 E1.04608
G1 X96.476 Y108.483 E1.30534
G1 X97.122 Y108.483 E1.32924
G1 X91.517 Y102.878 E1.62229
G1 X91.517 Y102.231 E1.64619
G1 X97.769 Y108.483 E1.97304
G1 X98.415 Y108.483 E1.99694
G1 X91.517 Y101.585 E2.35759
G1 X91.517 Y100.939 E2.38148
G1 X99.061 Y108.483 E2.77593
G1 X99.708 Y108.483 E2.79982
G1 X91.517 Y100.292 E3.22806
G1 X91.517 Y99.646 E3.25196
G1 X100.354 Y108.483 E3.714
G1 X101.001 Y108.483 E3.7379
G1 X91.517 Y98.999 E4.23373
G1 X91.517 Y98.353 E4.25763
G1 X101.647 Y108.483 E4.78725
G1 X102.294 Y108.483 E4.81115
G1 X91.517 Y97.706 E5.37458
G1 X91.517 Y97.06 E5.39847
G1 X102.94 Y108.483 E5.99569
G1 X103.586 Y108.483 E6.01959
G1 X91.517 Y96.414 E6.65061
G1 X91.517 Y95.767 E6.67451
G1 X104.233 Y108.483 E7.33932
G1 X104.879 Y108.483 E7.36322
G1 X91.517 Y95.121 E8.06183
G1 X91.517 Y94.474 E8.08572
G1 X105.526 Y108.483 E8.81813
G1 X106.172 Y108.483 E8.84203
G1 X91.517 Y93.828 E9.60823
G1 X91.517 Y93.182 E9.63213
G1 X106.818 Y108.483 E10.43213
G1 X107.465 Y108.483 E10.45602
G1 X91.517 Y92.535 E11.28982
G1 X91.517 Y91.889 E11.31371
G1 X108.111 Y108.483 E12.1813
G1 X108.483 Y108.483 E12.19505
G1 X108.483 Y108.208 E12.2052
G1 X91.792 Y91.517 E13.07786
G1 X92.438 Y91.517 E13.10176
G1 X108.483 Y107.562 E13.94063
G1 X108.483 Y106.915 E13.96452
G1 X93.085 Y91.517 E14.76959
G1 X93.731 Y91.517 E14.79349
G1 X108.483 Y106.269 E15.56476
G1 X108.483 Y105.623 E15.58866
G1 X94.377 Y91.517 E16.32613
G1 X95.024 Y91.517 E16.35003
G1 X108.483 Y104.976 E17.05371
G1 X108.483 Y104.33 E17.07761
G1 X95.67 Y91.517 E17.74749
G1 X96.317 Y91.517 E17.77139
G1 X108.483 Y103.683 E18.40748
G1 X108.483 Y103.037 E18.43138
G1 X96.963 Y91.517 E19.03367
G1 X97.609 Y91.517 E19.05756
G1 X108.483 Y102.391 E19.62606
G1 X108.483 Y101.744 E19.64996
G1 X98.256 Y91.517 E20.18466
G1 X98.902 Y91.517 E20.20855
G1 X108.483 Y101.098 E20.70946
G1 X108.483 Y100.451 E20.73335
G1 X99.549 Y91.517 E21.20046
G1 X100.195 Y91.517 E21.22436
G1 X108.483 Y99.805 E21.65767
G1 X108.483 Y99.158 E21.68157
G1 X100.842 Y91.517 E22.08108
G1 X101.488 Y91.517 E22.10498
G1 X108.483 Y98.512 E22.4707
G1 X108.483 Y97.866 E22.49459
G1 X102.134 Y91.517 E22.82651
G1 X102.781 Y91.517 E22.85041
G1 X108.483 Y97.219 E23.14854
G1 X108.483 Y96.573 E23.17244
G1 X103.427 Y91.517 E23.43677
G1 X104.074 Y91.517 E23.46066
G1 X108.483 Y95.926 E23.6912
G1 X108.483 Y95.28 E23.71509
G1 X104.72 Y91.517 E23.91183
G1 X105.366 Y91.517 E23.93573
G1 X108.483 Y94.634 E24.09867
G1 X108.483 Y93.987 E24.12257
G1 X106.013 Y91.517 E24.25171
G1 X106.659 Y91.517 E24.27561
G1 X108.483 Y93.341 E24.37096
G1 X108.483 Y92.694 E24.39485
G1 X107.306 Y91.517 E24.45641
G1 X107.952 Y91.517 E24.4803
G1 X108.679 Y92.245 E24.51834
;LAYER_CHANGE
;Z:17.6
;HEIGHT:0.2
G1 Z17.6 F7800
; stop printing object cube_20x20x20_stl id:0 copy 0
; printing object cube_20x20x20_stl id:0 copy 0
G1 X108.819 Y91.181
;TYPE:Perimeter
;WIDTH:0.499999
G1 F3600
G1 X108.819 Y108.819 E25.18867
G1 X91.181 Y108.819 E25.859
G1 X91.181 Y91.181 E26.52933
G1 X108.819 Y91.181 E27.19966
G1 X109.284 Y90.716 F7800
G1 F3600
G1 X109.284 Y109.284 E27.90539
G1 X90.716 Y109.284 E28.61111
G1 X90.716 Y90.716 E29.31684
G1 X109.284 Y90.716 E30.02257
G1 X109.75 Y90.25 F7800
;TYPE:External perimeter
G1 F1800
G1 X109.75 Y109.75 E30.76369
G1 X90.25 Y109.75 E31.50481
G1 X90.25 Y90.25 E32.24594
G1 X109.75 Y90.25 E32.98706
;SEAM:109.75:90.25
;WIPE_START
G1 X109.5 Y90.683 F7800
;WIPE_END
G92 E0
G1 E-2 F2400
G1 X107.755 Y108.679 F7800
G1 E0 F2400
;TYPE:Solid infill
;WIDTH:0.486363
G1 F1800
G1 X108.483 Y107.952 E.03803
G1 X108.483 Y107.306 E.06193
G1 X107.306 Y108.483 E.12348
G1 X106.659 Y108.483 E.14738
G1 X108.483 Y106.659 E.24273
G1 X108.483 Y106.013 E.26663
G1 X106.013 Y108.483 E.39577
G1 X105.366 Y108.483 E.41967
G1 X108.483 Y105.366 E.58261
G1 X108.483 Y104.72 E.60651
G1 X104.72 Y108.483 E.80324
G1 X104.074 Y108.483 E.82714
G1 X108.483 Y104.074 E1.05767
G1 X108.483 Y103.427 E1.08157
G1 X103.427 Y108.483 E1.3459
G1 X102.781 Y108.483 E1.3698
G1 X108.483 Y102.781 E1.66792
G1 X108.483 Y102.134 E1.69182
G1 X102.134 Y108.483 E2.02374
G1 X101.488 Y108.483 E2.04764
G1 X108.483 Y101.488 E2.41336
G1 X108.483 Y100.842 E2.43726
G1 X100.842 Y108.483 E2.83677
G1 X100.195 Y108.483 E2.86067
G1 X108.483 Y100.195 E3.29398
G1 X108.483 Y99.549 E3.31788
G1 X99.549 Y108.483 E3.78498
G1 X98.902 Y108.483 E3.80888
G1 X108.483 Y98.902 E4.30978
G1 X108.483 Y98.256 E4.33368
G1 X98.256 Y108.483 E4.86838
G1 X97.609 Y108.483 E4.89228
G1 X108.483 Y97.609 E5.46077
G1 X108.483 Y96.963 E5.48467
G1 X96.963 Y108.483 E6.08696
G1 X96.317 Y108.483 E6.11086
G1 X108.483 Y96.317 E6.74695
G1 X108.483 Y95.67 E6.77084
G1 X95.67 Y108.483 E7.44073
G1 X95.024 Y108.483 E7.46462
G1 X108.483 Y95.024 E8.1683
G1 X108.483 Y94.377 E8.1922
G1 X94.377 Y108.483 E8.92968
G1 X93.731 Y108.483 E8.95358
G1 X108.483 Y93.731 E9.72485
G1 X108.483 Y93.085 E9.74875
G1 X93.085 Y108.483 E10.55381
G1 X92.438 Y108.483 E10.57771
G1 X108.483 Y92.438 E11.41658
G1 X108.483 Y91.792 E11.44047
G1 X91.792 Y108.483 E12.31313
G1 X91.517 Y108.483 E12.32329
G1 X91.517 Y108.111 E12.33703
G1 X108.111 Y91.517 E13.20462
G1 X107.465 Y91.517 E13.22852
G1 X91.517 Y107.465 E14.06231
G1 X91.517 Y106.818 E14.08621
G1 X106.818 Y91.517 E14.88621
G1 X106.172 Y91.517 E14.91011
G1 X91.517 Y106.172 E15.67631
G1 X91.517 Y105.526 E15.70021
G1 X105.526 Y91.517 E16.43261
G1 X104.879 Y91.517 E16.45651
G1 X91.517 Y104.879 E17.15512
G1 X91.517 Y104.233 E17.17902
G1 X104.233 Y91.517 E17.84383
G1 X103.586 Y91.517 E17.86773
G1 X91.517 Y103.586 E18.49874
G1 X91.517 Y102.94 E18.52264
G1 X102.94 Y91.517 E19.11986
G1 X102.294 Y91.517 E19.14376
G1 X91.517 Y102.294 E19.70718
G1 X91.517 Y101.647 E19.73108
G1 X101.647 Y91.517 E20.26071
G1 X101.001 Y91.517 E20.28461
G1 X91.517 Y101.001 E20.78044
G1 X91.517 Y100.354 E20.80434
G1 X100.354 Y91.517 E21.26637
G1 X99.708 Y91.517 E21.29027
G1 X91.517 Y99.708 E21.71851
G1 X91.517 Y99.061 E21.74241
G1 X99.061 Y91.517 E22.13685
G1 X98.415 Y91.517 E22.16075
G1 X91.517 Y98.415 E22.5214
G1 X91.517 Y97.769 E22.5453
G1 X97.769 Y91.517 E22.87215
G1 X97.122 Y91.517 E22.89605
G1 X91.517 Y97.122 E23.1891
G1 X91.517 Y96.476 E23.213
G1 X96.476 Y91.517 E23.47226
G1 X95.829 Y91.517 E23.49615
G1 X91.517 Y95.829 E23.72162
G1 X91.517 Y95.183 E23.74552
G1 X95.183 Y91.517 E23.93718
G1 X94.537 Y91.517 E23.96108
G1 X91.517 Y94.537 E24.11895
G1 X91.517 Y93.89 E24.14285
G1 X93.89 Y91.517 E24.26692
G1 X93.244 Y91.517 E24.29082
G1 X91.517 Y93.244 E24.3811
G1 X91.517 Y92.597 E24.405
G1 X92.597 Y91.517 E24.46148
G1 X91.951 Y91.517 E24.48538
G1 X91.321 Y92.148 E24.51834
;LAYER_CHANGE
;Z:17.8
;HEIGHT:0.2
G1 Z17.8 F7800
; stop printing object cube_20x20x20_stl id:0 copy 0
; printing object cube_20x20x20_stl id:0 copy 0
G1 X91.181 Y91.181
;TYPE:Perimeter
;WIDTH:0.499999
G1 F3600
G1 X108.819 Y91.181 E25.18867
G1 X108.819 Y108.819 E25.859
G1 X91.181 Y108.819 E26.52933
G1 X91.181 Y91.181 E27.19966
G1 X90.716 Y90.716 F7800
G1 F3600
G1 X109.284 Y90.716 E27.90539
G1 X109.284 Y109.284 E28.61111
G1 X90.716 Y109.284 E29.31684
G1 X90.716 Y90.716 E30.02257
G1 X90.25 Y90.25 F7800
;TYPE:External perimeter
G1 F1800
G1 X109.75 Y90.25 E30.76369
G1 X109.75 Y109.75 E31.50481
G1 X90.25 Y109.75 E32.24594
G1 X90.25 Y90.25 E32.98706
;SEAM:90.25:90.25
;WIPE_START
G1 X90.683 Y90.5 F7800
;WIPE_END
G92 E0
G1 E-2 F2400
G1 X108.679 Y92.245 F7800
G1 E0 F2400
;TYPE:Solid infill
;WIDTH:0.486363
G1 F1800
G1 X107.952 Y91.517 E.03803
G1 X107.306 Y91.517 E.06193
G1 X108.483 Y92.694 E.12348
G1 X108.483 Y93.341 E.14738
G1 X106.659 Y91.517 E.24273
G1 X106.013 Y91.517 E.26663
G1 X108.483 Y93.987 E.39577
G1 X108.483 Y94.634 E.41967
G1 X105.366 Y91.517 E.58261
G1 X104.72 Y91.517 E.60651
G1 X108.483 Y95.28 E.80324
G1 X108.483 Y95.926 E.82714
G1 X104.074 Y91.517 E1.05767
G1 X103.427 Y91.517 E1.08157
G1 X108.483 Y96.573 E1.3459
G1 X108.483 Y97.219 E1.3698
G1 X102.781 Y91.517 E1.66792
G1 X102.134 Y91.517 E1.69182
G1 X108.483 Y97.866 E2.02374
G1 X108.483 Y98.512 E2.04764
G1 X101.488 Y91.517 E2.41336
G1 X100.842 Y91.517 E2.43726
G1 X108.483 Y99.158 E2.83677
G1 X108.483 Y99.805 E2.86067
G1 X100.195 Y91.517 E3.29398
G1 X99.549 Y91.517 E3.31788
G1 X108.483 Y100.451 E3.78498
G1 X108.483 Y101.098 E3.80888
G1 X98.902 Y91.517 E4.30978
G1 X98.256 Y91.517 E4.33368
G1 X108.483 Y101.744 E4.86838
G1 X108.483 Y102.391 E4.89228
G1 X97.609 Y91.517 E5.46077
G1 X96.963 Y91.517 E5.48467
G1 X108.483 Y103.037 E6.08696
G1 X108.483 Y103.683 E6.11086
G1 X96.317 Y91.517 E6.74695
G1 X95.67 Y91.517 E6.77084
G1 X108.483 Y104.33 E7.44073
G1 X108.483 Y104.976 E7.46463
G1 X95.024 Y91.517 E8.16831
G1 X94.377 Y91.517 E8.1922
G1 X108.483 Y105.623 E8.92968
G1 X108.483 Y106.269 E8.95358
G1 X93.731 Y91.517 E9.72485
G1 X93.085 Y91.517 E9.74875
G1 X108.483 Y106.915 E10.55381
G1 X108.483 Y107.562 E10.57771
G1 X92.438 Y91.517 E11.41658
G1 X91.792 Y91.517 E11.44047
G1 X108.483 Y108.208 E12.31313
G1 X108.483 Y108.483 E12.32329
G1 X108.111 Y108.483 E12.33703
G1 X91.517 Y91.889 E13.20462
G1 X91.517 Y92.535 E13.22852
G1 X107.465 Y108.483 E14.06231
G1 X106.818 Y108.483 E14.08621
G1 X91.517 Y93.182 E14.88621
G1 X91.517 Y93.828 E14.91011
G1 X106.172 Y108.483 E15.67631
G1 X105.526 Y108.483 E15.70021
G1 X91.517 Y94.474 E16.43261
G1 X91.517 Y95.121 E16.45651
G1 X104.879 Y108.483 E17.15512
G1 X104.233 Y108.483 E17.17902
G1 X91.517 Y95.767 E17.84383
G1 X91.517 Y96.414 E17.86773
G1 X103.586 Y108.483 E18.49874
G1 X102.94 Y108.483 E18.52264
G1 X91.517 Y97.06 E19.11986
G1 X91.517 Y97.706 E19.14376
G1 X102.294 Y108.483 E19.70719
G1 X101.647 Y108.483 E19.73108
G1 X91.517 Y98.353 E20.26071
G1 X91.517 Y98.999 E20.28461
G1 X101.001 Y108.483 E20.78044
G1 X100.354 Y108.483 E20.80434
G1 X91.517 Y99.646 E21.26638
G1 X91.517 Y100.292 E21.29027
G1 X99.708 Y108.483 E21.71851
G1 X99.061 Y108.483 E21.74241
G1 X91.517 Y100.939 E22.13685
G1 X91.517 Y101.585 E22.16075
G1 X98.415 Y108.483 E22.5214
G1 X97.769 Y108.483 E22.5453
G1 X91.517 Y102.231 E22.87215
G1 X91.517 Y102.878 E22.89605
G1 X97.122 Y108.483 E23.1891
G1 X96.476 Y108.483 E23.213
G1 X91.517 Y103.524 E23.47226
G1 X91.517 Y104.171 E23.49616
G1 X95.829 Y108.483 E23.72162
G1 X95.183 Y108.483 E23.74552
G1 X91.517 Y104.817 E23.93718
G1 X91.517 Y105.463 E23.96108
G1 X94.537 Y108.483 E24.11895
G1 X93.89 Y108.483 E24.14285
G1 X91.517 Y106.11 E24.26692
G1 X91.517 Y106.756 E24.29082
G1 X93.244 Y108.483 E24.3811
G1 X92.597 Y108.483 E24.405
G1 X91.517 Y107.403 E24.46148
G1 X91.517 Y108.049 E24.48538
G1 X92.148 Y108.679 E24.51834
;LAYER_CHANGE
;Z:18
;HEIGHT:0.2
G1 Z18 F7800
; stop printing object cube_20x20x20_stl id:0 copy 0
; printing object cube_20x20x20_stl id:0 copy 0
G1 X91.181 Y108.819
;TYPE:Perimeter
;WIDTH:0.499999
G1 F3600
G1 X91.181 Y91.181 E25.18867
G1 X108.819 Y91.181 E25.859
G1 X108.819 Y108.819 E26.52933
G1 X91.181 Y108.819 E27.19966
G1 X90.716 Y109.284 F7800
G1 F3600
G1 X90.716 Y90.716 E27.90539
G1 X109.284 Y90.716 E28.61111
G1 X109.284 Y109.284 E29.31684
G1 X90.716 Y109.284 E30.02257
G1 X90.25 Y109.75 F7800
;TYPE:External perimeter
G1 F1800
G1 X90.25 Y90.25 E30.76369
G1 X109.75 Y90.25 E31.50481
G1 X109.75 Y109.75 E32.24594
G1 X90.25 Y109.75 E32.98706
;SEAM:90.25:109.75
;WIPE_START
G1 X90.5 Y109.317 F7800
;WIPE_END
G92 E0
G1 E-2 F2400
G1 X91.321 Y92.148 F7800
G1 E0 F2400
;TYPE:Solid infill
;WIDTH:0.486363
G1 F1800
G1 X91.951 Y91.517 E.03296
G1 X92.597 Y91.517 E.05686
G1 X91.517 Y92.597 E.11334
G1 X91.517 Y93.244 E.13724
G1 X93.244 Y91.517 E.22752
G1 X93.89 Y91.517 E.25141
G1 X91.517 Y93.89 E.37549
G1 X91.517 Y94.537 E.39939
G1 X94.537 Y91.517 E.55726
G1 X95.183 Y91.517 E.58116
G1 X91.517 Y95.183 E.77282
G1 X91.517 Y95.829 E.79672
G1 X95.829 Y91.517 E1.02218
G1 X96.476 Y91.517 E1.04608
G1 X91.517 Y96.476 E1.30534
G1 X91.517 Y97.122 E1.32924
G1 X97.122 Y91.517 E1.62229
G1 X97.769 Y91.517 E1.64619
G1 X91.517 Y97.769 E1.97304
G1 X91.517 Y98.415 E1.99694
G1 X98.415 Y91.517 E2.35759
G1 X99.061 Y91.517 E2.38148
G1 X91.517 Y99.061 E2.77593
G1 X91.517 Y99.708 E2.79983
G1 X99.708 Y91.517 E3.22807
G1 X100.354 Y91.517 E3.25196
G1 X91.517 Y100.354 E3.714
G1 X91.517 Y101.001 E3.7379
G1 X101.001 Y91.517 E4.23373
G1 X101.647 Y91.517 E4.25763
G1 X91.517 Y101.647 E4.78726
G1 X91.517 Y102.294 E4.81115
G1 X102.294 Y91.517 E5.37458
G1 X102.94 Y91.517 E5.39847
G1 X91.517 Y102.94 E5.9957
G1 X91.517 Y103.586 E6.01959
G1 X103.586 Y91.517 E6.65061
G1 X104.233 Y91.517 E6.67451
G1 X91.517 Y104.233 E7.33932
G1 X91.517 Y104.879 E7.36322
G1 X104.879 Y91.517 E8.06183
G1 X105.526 Y91.517 E8.08573
G1 X91.517 Y105.526 E8.81813
G1 X91.517 Y106.172 E8.84203
G1 X106.172 Y91.517 E9.60823
G1 X106.818 Y91.517 E9.63213
G1 X91.517 Y106.818 E10.43213
G1 X91.517 Y107.465 E10.45602
G1 X107.465 Y91.517 E11.28982
G1 X108.111 Y91.517 E11.31372
G1 X91.517 Y108.111 E12.18131
G1 X91.517 Y108.483 E12.19505
G1 X91.792 Y108.483 E12.2052
G1 X108.483 Y91.792 E13.07786
G1 X108.483 Y92.438 E13.10176
G1 X92.438 Y108.483 E13.94063
G1 X93.085 Y108.483 E13.96452
G1 X108.483 Y93.085 E14.76959
G1 X108.483 Y93.731 E14.79349
G1 X93.731 Y108.483 E15.56476
G1 X94.377 Y108.483 E15.58866
G1 X108.483 Y94.377 E16.32614
G1 X108.483 Y95.024 E16.35003
G1 X95.024 Y108.483 E17.05371
G1 X95.67 Y108.483 E17.07761
G1 X108.483 Y95.67 E17.74749
G1 X108.483 Y96.317 E17.77139
G1 X96.317 Y108.483 E18.40748
G1 X96.963 Y108.483 E18.43138
G1 X108.483 Y96.963 E19.03367
G1 X108.483 Y97.609 E19.05756
G1 X97.609 Y108.483 E19.62606
G1 X98.256 Y108.483 E19.64996
G1 X108.483 Y98.256 E20.18466
G1 X108.483 Y98.902 E20.20855
G1 X98.902 Y108.483 E20.70946
G1 X99.549 Y108.483 E20.73335
G1 X108.483 Y99.549 E21.20046
G1 X108.483 Y100.195 E21.22436
G1 X100.195 Y108.483 E21.65767
G1 X100.842 Y108.483 E21.68157
G1 X108.483 Y100.842 E22.08108
G1 X108.483 Y101.488 E22.10498
G1 X101.488 Y108.483 E22.4707
G1 X102.134 Y108.483 E22.49459
G1 X108.483 Y102.134 E22.82651
G1 X108.483 Y102.781 E22.85041
G1 X102.781 Y108.483 E23.14854
G1 X103.427 Y108.483 E23.17244
G1 X108.483 Y103.427 E23.43676
G1 X108.483 Y104.074 E23.46066
G1 X104.074 Y108.483 E23.6912
G1 X104.72 Y108.483 E23.71509
G1 X108.483 Y104.72 E23.91183
G1 X108.483 Y105.366 E23.93573
G1 X105.366 Y108.483 E24.09867
G1 X106.013 Y108.483 E24.12257
G1 X108.483 Y106.013 E24.25171
G1 X108.483 Y106.659 E24.27561
G1 X106.659 Y108.483 E24.37096
G1 X107.306 Y108.483 E24.39485
G1 X108.483 Y107.306 E24.45641
G1 X108.483 Y107.952 E24.4803
G1 X107.755 Y108.679 E24.51834
;LAYER_CHANGE
;Z:18.2
;HEIGHT:0.2
G1 Z18.2 F7800
; stop printing object cube_20x20x20_stl id:0 copy 0
; printing object cube_20x20x20_stl id:0 copy 0
G1 X108.819 Y108.819
;TYPE:Perimeter
;WIDTH:0.499999
G1 F3600
G1 X91.181 Y108.819 E25.18867
G1 X91.181 Y91.181 E25.859
G1 X108.819 Y91.181 E26.52933
G1 X108.819 Y108.819 E27.19966
G1 X109.284 Y109.284 F7800
G1 F3600
G1 X90.716 Y109.284 E27.90539
G1 X90.716 Y90.716 E28.61111
G1 X109.284 Y90.716 E29.31684
G1 X109.284 Y109.284 E30.02257
G1 X109.75 Y109.75 F7800
;TYPE:External perimeter
G1 F1800
G1 X90.25 Y109.75 E30.76369
G1 X90.25 Y90.25 E31.50481
G1 X109.75 Y90.25 E32.24594
G1 X109.75 Y109.75 E32.98706
;SEAM:109.75:109.75
;WIPE_START
G1 X109.317 Y109.5 F7800
;WIPE_END
G92 E0
G1 E-2 F2400
G1 X92.148 Y108.679 F7800
G1 E0 F2400
;TYPE:Solid infill
;WIDTH:0.486363
G1 F1800
G1 X91.517 Y108.049 E.03296
G1 X91.517 Y107.403 E.05686
G1 X92.597 Y108.483 E.11334
G1 X93.244 Y108.483 E.13724
G1 X91.517 Y106.756 E.22752
G1 X91.517 Y106.11 E.25141
G1 X93.89 Y108.483 E.37549
G1 X94.537 Y108.483 E.39939
G1 X91.517 Y105.463 E.55726
G1 X91.517 Y104.817 E.58115
G1 X95.183 Y108.483 E.77282
G1 X95.829 Y108.483 E.79672
G1 X91.517 Y104.171 E1.02218
G1 X91.517 Y103.524 E1.04608
G1 X96.476 Y108.483 E1.30534
G1 X97.122 Y108.483 E1.32924
G1 X91.517 Y102.878 E1.62229
G1 X91.517 Y102.231 E1.64619
G1 X97.769 Y108.483 E1.97304
G1 X98.415 Y108.483 E1.99694
G1 X91.517 Y101.585 E2.35759
G1 X91.517 Y100.939 E2.38148
G1 X99.061 Y108.483 E2.77593
G1 X99.708 Y108.483 E2.79982
G1 X91.517 Y100.292 E3.22806
G1 X91.517 Y99.646 E3.25196
G1 X100.354 Y108.483 E3.714
G1 X101.001 Y108.483 E3.7379
G1 X91.517 Y98.999 E4.23373
G1 X91.517 Y98.353 E4.25763
G1 X101.647 Y108.483 E4.78725
G1 X102.294 Y108.483 E4.81115
G1 X91.517 Y97.706 E5.37458
G1 X91.517 Y97.06 E5.39847
G1 X102.94 Y108.483 E5.99569
G1 X103.586 Y108.483 E6.01959
G1 X91.517 Y96.414 E6.65061
G1 X91.517 Y95.767 E6.67451
G1 X104.233 Y108.483 E7.33932
G1 X104.879 Y108.483 E7.36322
G1 X91.517 Y95.121 E8.06183
G1 X91.517 Y94.474 E8.08572
G1 X105.526 Y108.483 E8.81813
G1 X106.172 Y108.483 E8.84203
G1 X91.517 Y93.828 E9.60823
G1 X91.517 Y93.182 E9.63213
G1 X106.818 Y108.483 E10.43213
G1 X107.465 Y108.483 E10.45602
G1 X91.517 Y92.535 E11.28982
G1 X91.517 Y91.889 E11.31371
G1 X108.111 Y108.483 E12.1813
G1 X108.483 Y108.483 E12.19505
G1 X108.483 Y108.208 E12.2052
G1 X91.792 Y91.517 E13.07786
G1 X92.438 Y91.517 E13.10176
G1 X108.483 Y107.562 E13.94063
G1 X108.483 Y106.915 E13.96452
G1 X93.085 Y91.517 E14.76959
G1 X93.731 Y91.517 E14.79349
G1 X108.483 Y106.269 E15.56476
G1 X108.483 Y105.623 E15.58866
G1 X94.377 Y91.517 E16.32613
G1 X95.024 Y91.517 E16.35003
G1 X108.483 Y104.976 E17.05371
G1 X108.483 Y104.33 E17.07761
G1 X95.67 Y91.517 E17.74749
G1 X96.317 Y91.517 E17.77139
G1 X108.483 Y103.683 E18.40748
G1 X108.483 Y103.037 E18.43138
G1 X96.963 Y91.517 E19.03367
G1 X97.609 Y91.517 E19.05756
G1 X108.483 Y102.391 E19.62606
G1 X108.483 Y101.744 E19.64996
G1 X98.256 Y91.517 E20.18466
G1 X98.902 Y91.517 E20.20855
G1 X108.483 Y101.098 E20.70946
G1 X108.483 Y100.451 E20.73335
G1 X99.549 Y91.517 E21.20046
G1 X100.195 Y91.517 E21.22436
G1 X108.483 Y99.805 E21.65767
G1 X108.483 Y99.158 E21.68157
G1 X100.842 Y91.517 E22.08108
G1 X101.488 Y91.517 E22.10498
G1 X108.483 Y98.512 E22.4707
G1 X108.483 Y97.866 E22.49459
G1 X102.134 Y91.517 E22.82651
G1 X102.781 Y91.517 E22.85041
G1 X108.483 Y97.219 E23.14854
G1 X108.483 Y96.573 E23.17244
G1 X103.427 Y91.517 E23.43677
G1 X104.074 Y91.517 E23.46066
G1 X108.483 Y95.926 E23.6912
G1 X108.483 Y95.28 E23.71509
G1 X104.72 Y91.517 E23.91183
G1 X105.366 Y91.517 E23.93573
G1 X108.483 Y94.634 E24.09867
G1 X108.483 Y93.987 E24.12257
G1 X106.013 Y91.517 E24.25171
G1 X106.659 Y91.517 E24.27561
G1 X108.483 Y93.341 E24.37096
G1 X108.483 Y92.694 E24.39485
G1 X107.306 Y91.517 E24.45641
G1 X107.952 Y91.517 E24.4803
G1 X108.679 Y92.245 E24.51834
;LAYER_CHANGE
;Z:18.4
;HEIGHT:0.2
G1 Z18.4 F7800
; stop printing object cube_20x20x20_stl id:0 copy 0
; printing object cube_20x20x20_stl id:0 copy 0
G1 X108.819 Y91.181
;TYPE:Perimeter
;WIDTH:0.499999
G1 F3600
G1 X108.819 Y108.819 E25.18867
G1 X91.181 Y108.819 E25.859
G1 X91.181 Y91.181 E26.52933
G1 X108.819 Y91.181 E27.19966
G1 X109.284 Y90.716 F7800
G1 F3600
G1 X109.284 Y109.284 E27.90539
G1 X90.716 Y109.284 E28.61111
G1 X90.716 Y90.716 E29.31684
G1 X109.284 Y90.716 E30.02257
G1 X109.75 Y90.25 F7800
;TYPE:External perimeter
G1 F1800
G1 X109.75 Y109.75 E30.76369
G1 X90.25 Y109.75 E31.50481
G1 X90.25 Y90.25 E32.24594
G1 X109.75 Y90.25 E32.98706
;SEAM:109.75:90.25
;WIPE_START
G1 X109.5 Y90.683 F7800
;WIPE_END
G92 E0
G1 E-2 F2400
G1 X107.755 Y108.679 F7800
G1 E0 F2400
;TYPE:Solid infill
;WIDTH:0.486363
G1 F1800
G1 X108.483 Y107.952 E.03803
G1 X108.483 Y107.306 E.06193
G1 X107.306 Y108.483 E.12348
G1 X106.659 Y108.483 E.14738
G1 X108.483 Y106.659 E.24273
G1 X108.483 Y106.013 E.26663
G1 X106.013 Y108.483 E.39577
G1 X105.366 Y108.483 E.41967
G1 X108.483 Y105.366 E.58261
G1 X108.483 Y104.72 E.60651
G1 X104.72 Y108.483 E.80324
G1 X104.074 Y108.483 E.82714
G1 X108.483 Y104.074 E1.05767
G1 X108.483 Y103.427 E1.08157
G1 X103.427 Y108.483 E1.3459
G1 X102.781 Y108.483 E1.3698
G1 X108.483 Y102.781 E1.66792
G1 X108.483 Y102.134 E1.69182
G1 X102.134 Y108.483 E2.02374
G1 X101.488 Y108.483 E2.04764
G1 X108.483 Y101.488 E2.41336
G1 X108.483 Y100.842 E2.43726
G1 X100.842 Y108.483 E2.83677
G1 X100.195 Y108.483 E2.86067
G1 X108.483 Y100.195 E3.29398
G1 X108.483 Y99.549 E3.31788
G1 X99.549 Y108.483 E3.78498
G1 X98.902 Y108.483 E3.80888
G1 X108.483 Y98.902 E4.30978
G1 X108.483 Y98.256 E4.33368
G1 X98.256 Y108.483 E4.86838
G1 X97.609 Y108.483 E4.89228
G1 X108.483 Y97.609 E5.46077
G1 X108.483 Y96.963 E5.48467
G1 X96.963 Y108.483 E6.08696
G1 X96.317 Y108.483 E6.11086
G1 X108.483 Y96.317 E6.74695
G1 X108.483 Y95.67 E6.77084
G1 X95.67 Y108.483 E7.44073
G1 X95.024 Y108.483 E7.46462
G1 X108.483 Y95.024 E8.1683
G1 X108.483 Y94.377 E8.1922
G1 X94.377 Y108.483 E8.92968
G1 X93.731 Y108.483 E8.95358
G1 X108.483 Y93.731 E9.72485
G1 X108.483 Y93.085 E9.74875
G1 X93.085 Y108.483 E10.55381
G1 X92.438 Y108.483 E10.57771
G1 X108.483 Y92.438 E11.41658
G1 X108.483 Y91.792 E11.44047
G1 X91.792 Y108.483 E12.31313
G1 X91.517 Y108.483 E12.32329
G1 X91.517 Y108.111 E12.33703
G1 X108.111 Y91.517 E13.20462
G1 X107.465 Y91.517 E13.22852
G1 X91.517 Y107.465 E14.06231
G1 X91.517 Y106.818 E14.08621
G1 X106.818 Y91.517 E14.88621
G1 X106.172 Y91.517 E14.91011
G1 X91.517 Y106.172 E15.67631
G1 X91.517 Y105.526 E15.70021
G1 X105.526 Y91.517 E16.43261
G1 X104.879 Y91.517 E16.45651
G1 X91.517 Y104.879 E17.15512
G1 X91.517 Y104.233 E17.17902
G1 X104.233 Y91.517 E17.84383
G1 X103.586 Y91.517 E17.86773
G1 X91.517 Y103.586 E18.49874
G1 X91.517 Y102.94 E18.52264
G1 X102.94 Y91.517 E19.11986
G1 X102.294 Y91.517 E19.14376
G1 X91.517 Y102.294 E19.70718
G1 X91.517 Y101.647 E19.73108
G1 X101.647 Y91.517 E20.26071
G1 X101.001 Y91.517 E20.28461
G1 X91.517 Y101.001 E20.78044
G1 X91.517 Y100.354 E20.80434
G1 X100.354 Y91.517 E21.26637
G1 X99.708 Y91.517 E21.29027
G1 X91.517 Y99.708 E21.71851
G1 X91.517 Y99.061 E21.74241
G1 X99.061 Y91.517 E22.13685
G1 X98.415 Y91.517 E22.16075
G1 X91.517 Y98.415 E22.5214
G1 X91.517 Y97.769 E22.5453
G1 X97.769 Y91.517 E22.87215
G1 X97.122 Y91.517 E22.89605
G1 X91.517 Y97.122 E23.1891
G1 X91.517 Y96.476 E23.213
G1 X96.476 Y91.517 E23.47226
G1 X95.829 Y91.517 E23.49615
G1 X91.517 Y95.829 E23.72162
G1 X91.517 Y95.183 E23.74552
G1 X95.183 Y91.517 E23.93718
G1 X94.537 Y91.517 E23.96108
G1 X91.517 Y94.537 E24.11895
G1 X91.517 Y93.89 E24.14285
G1 X93.89 Y91.517 E24.26692
G1 X93.244 Y91.517 E24.29082
G1 X91.517 Y93.244 E24.3811
G1 X91.517 Y92.597 E24.405
G1 X92.597 Y91.517 E24.46148
G1 X91.951 Y91.517 E24.48538
G1 X91.321 Y92.148 E24.51834
;LAYER_CHANGE
;Z:18.6
;HEIGHT:0.2
G1 Z18.6 F7800
; stop printing object cube_20x20x20_stl id:0 copy 0
; printing object cube_20x20x20_stl id:0 copy 0
G1 X91.181 Y91.181
;TYPE:Perimeter
;WIDTH:0.499999
G1 F3600
G1 X108.819 Y91.181 E25.18867
G1 X108.819 Y108.819 E25.859
G1 X91.181 Y108.819 E26.52933
G1 X91.181 Y91.181 E27.19966
G1 X90.716 Y90.716 F7800
G1 F3600
G1 X109.284 Y90.716 E27.90539
G1 X109.284 Y109.284 E28.61111
G1 X90.716 Y109.284 E29.31684
G1 X90.716 Y90.716 E30.02257
G1 X90.25 Y90.25 F7800
;TYPE:External perimeter
G1 F1800
G1 X109.75 Y90.25 E30.76369
G1 X109.75 Y109.75 E31.50481
G1 X90.25 Y109.75 E32.24594
G1 X90.25 Y90.25 E32.98706
;SEAM:90.25:90.25
;WIPE_START
G1 X90.683 Y90.5 F7800
;WIPE_END
G92 E0
G1 E-2 F2400
G1 X108.679 Y92.245 F7800
G1 E0 F2400
;TYPE:Solid infill
;WIDTH:0.486363
G1 F1800
G1 X107.952 Y91.517 E.03803
G1 X107.306 Y91.517 E.06193
G1 X108.483 Y92.694 E.12348
G1 X108.483 Y93.341 E.14738
G1 X106.659 Y91.517 E.24273
G1 X106.013 Y91.517 E.26663
G1 X108.483 Y93.987 E.39577
G1 X108.483 Y94.634 E.41967
G1 X105.366 Y91.517 E.58261
G1 X104.72 Y91.517 E.60651
G1 X108.483 Y95.28 E.80324
G1 X108.483 Y95.926 E.82714
G1 X104.074 Y91.517 E1.05767
G1 X103.427 Y91.517 E1.08157
G1 X108.483 Y96.573 E1.3459
G1 X108.483 Y97.219 E1.3698
G1 X102.781 Y91.517 E1.66792
G1 X102.134 Y91.517 E1.69182
G1 X108.483 Y97.866 E2.02374
G1 X108.483 Y98.512 E2.04764
G1 X101.488 Y91.517 E2.41336
G1 X100.842 Y91.517 E2.43726
G1 X108.483 Y99.158 E2.83677
G1 X108.483 Y99.805 E2.86067
G1 X100.195 Y91.517 E3.29398
G1 X99.549 Y91.517 E3.31788
G1 X108.483 Y100.451 E3.78498
G1 X108.483 Y101.098 E3.80888
G1 X98.902 Y91.517 E4.30978
G1 X98.256 Y91.517 E4.33368
G1 X108.483 Y101.744 E4.86838
G1 X108.483 Y102.391 E4.89228
G1 X97.609 Y91.517 E5.46077
G1 X96.963 Y91.517 E5.48467
G1 X108.483 Y103.037 E6.08696
G1 X108.483 Y103.683 E6.11086
G1 X96.317 Y91.517 E6.74695
G1 X95.67 Y91.517 E6.77084
G1 X108.483 Y104.33 E7.44073
G1 X108.483 Y104.976 E7.46463
G1 X95.024 Y91.517 E8.16831
G1 X94.377 Y91.517 E8.1922
G1 X108.483 Y105.623 E8.92968
G1 X108.483 Y106.269 E8.95358
G1 X93.731 Y91.517 E9.72485
G1 X93.085 Y91.517 E9.74875
G1 X108.483 Y106.915 E10.55381
G1 X108.483 Y107.562 E10.57771
G1 X92.438 Y91.517 E11.41658
G1 X91.792 Y91.517 E11.44047
G1 X108.483 Y108.208 E12.31313
G1 X108.483 Y108.483 E12.32329
G1 X108.111 Y108.483 E12.33703
G1 X91.517 Y91.889 E13.20462
G1 X91.517 Y92.535 E13.22852
G1 X107.465 Y108.483 E14.06231
G1 X106.818 Y108.483 E14.08621
G1 X91.517 Y93.182 E14.88621
G1 X91.517 Y93.828 E14.91011
G1 X106.172 Y108.483 E15.67631
G1 X105.526 Y108.483 E15.70021
G1 X91.517 Y94.474 E16.43261
G1 X91.517 Y95.121 E16.45651
G1 X104.879 Y108.483 E17.15512
G1 X104.233 Y108.483 E17.17902
G1 X91.517 Y95.767 E17.84383
G1 X91.517 Y96.414 E17.86773
G1 X103.586 Y108.483 E18.49874
G1 X102.94 Y108.483 E18.52264
G1 X91.517 Y97.06 E19.11986
G1 X91.517 Y97.706 E19.14376
G1 X102.294 Y108.483 E19.70719
G1 X101.647 Y108.483 E19.73108
G1 X91.517 Y98.353 E20.26071
G1 X91.517 Y98.999 E20.28461
G1 X101.001 Y108.483 E20.78044
G1 X100.354 Y108.483 E20.80434
G1 X91.517 Y99.646 E21.26638
G1 X91.517 Y100.292 E21.29027
G1 X99.708 Y108.483 E21.71851
G1 X99.061 Y108.483 E21.74241
G1 X91.517 Y100.939 E22.13685
G1 X91.517 Y101.585 E22.16075
G1 X98.415 Y108.483 E22.5214
G1 X97.769 Y108.483 E22.5453
G1 X91.517 Y102.231 E22.87215
G1 X91.517 Y102.878 E22.89605
G1 X97.122 Y108.483 E23.1891
G1 X96.476 Y108.483 E23.213
G1 X91.517 Y103.524 E23.47226
G1 X91.517 Y104.171 E23.49616
G1 X95.829 Y108.483 E23.72162
G1 X95.183 Y108.483 E23.74552
G1 X91.517 Y104.817 E23.93718
G1 X91.517 Y105.463 E23.96108
G1 X94.537 Y108.483 E24.11895
G1 X93.89 Y108.483 E24.14285
G1 X91.517 Y106.11 E24.26692
G1 X91.517 Y106.756 E24.29082
G1 X93.244 Y108.483 E24.3811
G1 X92.597 Y108.483 E24.405
G1 X91.517 Y107.403 E24.46148
G1 X91.517 Y108.049 E24.48538
G1 X92.148 Y108.679 E24.51834
;LAYER_CHANGE
;Z:18.8
;HEIGHT:0.2
G1 Z18.8 F7800
; stop printing object cube_20x20x20_stl id:0 copy 0
; printing object cube_20x20x20_stl id:0 copy 0
G1 X91.181 Y108.819
;TYPE:Perimeter
;WIDTH:0.499999
G1 F3600
G1 X91.181 Y91.181 E25.18867
G1 X108.819 Y91.181 E25.859
G1 X108.819 Y108.819 E26.52933
G1 X91.181 Y108.819 E27.19966
G1 X90.716 Y109.284 F7800
G1 F3600
G1 X90.716 Y90.716 E27.90539
G1 X109.284 Y90.716 E28.61111
G1 X109.284 Y109.284 E29.31684
G1 X90.716 Y109.284 E30.02257
G1 X90.25 Y109.75 F7800
;TYPE:External perimeter
G1 F1800
G1 X90.25 Y90.25 E30.76369
G1 X109.75 Y90.25 E31.50481
G1 X109.75 Y109.75 E32.24594
G1 X90.25 Y109.75 E32.98706
;SEAM:90.25:109.75
;WIPE_START
G1 X90.5 Y109.317 F7800
;WIPE_END
G92 E0
G1 E-2 F2400
G1 X91.321 Y92.148 F7800
G1 E0 F2400
;TYPE:Solid infill
;WIDTH:0.486363
G1 F1800
G1 X91.951 Y91.517 E.03296
G1 X92.597 Y91.517 E.05686
G1 X91.517 Y92.597 E.11334
G1 X91.517 Y93.244 E.13724
G1 X93.244 Y91.517 E.22752
G1 X93.89 Y91.517 E.25141
G1 X91.517 Y93.89 E.37549
G1 X91.517 Y94.537 E.39939
G1 X94.537 Y91.517 E.55726
G1 X95.183 Y91.517 E.58116
G1 X91.517 Y95.183 E.77282
G1 X91.517 Y95.829 E.79672
G1 X95.829 Y91.517 E1.02218
G1 X96.476 Y91.517 E1.04608
G1 X91.517 Y96.476 E1.30534
G1 X91.517 Y97.122 E1.32924
G1 X97.122 Y91.517 E1.62229
G1 X97.769 Y91.517 E1.64619
G1 X91.517 Y97.769 E1.97304
G1 X91.517 Y98.415 E1.99694
G1 X98.415 Y91.517 E2.35759
G1 X99.061 Y91.517 E2.38148
G1 X91.517 Y99.061 E2.77593
G1 X91.517 Y99.708 E2.79983
G1 X99.708 Y91.517 E3.22807
G1 X100.354 Y91.517 E3.25196
G1 X91.517 Y100.354 E3.714
G1 X91.517 Y101.001 E3.7379
G1 X101.001 Y91.517 E4.23373
G1 X101.647 Y91.517 E4.25763
G1 X91.517 Y101.647 E4.78726
G1 X91.517 Y102.294 E4.81115
G1 X102.294 Y91.517 E5.37458
G1 X102.94 Y91.517 E5.39847
G1 X91.517 Y102.94 E5.9957
G1 X91.517 Y103.586 E6.01959
G1 X103.586 Y91.517 E6.65061
G1 X104.233 Y91.517 E6.67451
G1 X91.517 Y104.233 E7.33932
G1 X91.517 Y104.879 E7.36322
G1 X104.879 Y91.517 E8.06183
G1 X105.526 Y91.517 E8.08573
G1 X91.517 Y105.526 E8.81813
G1 X91.517 Y106.172 E8.84203
G1 X106.172 Y91.517 E9.60823
G1 X106.818 Y91.517 E9.63213
G1 X91.517 Y106.818 E10.43213
G1 X91.517 Y107.465 E10.45602
G1 X107.465 Y91.517 E11.28982
G1 X108.111 Y91.517 E11.31372
G1 X91.517 Y108.111 E12.18131
G1 X91.517 Y108.483 E12.19505
G1 X91.792 Y108.483 E12.2052
G1 X108.483 Y91.792 E13.07786
G1 X108.483 Y92.438 E13.10176
G1 X92.438 Y108.483 E13.94063
G1 X93.085 Y108.483 E13.96452
G1 X108.483 Y93.085 E14.76959
G1 X108.483 Y93.731 E14.79349
G1 X93.731 Y108.483 E15.56476
G1 X94.377 Y108.483 E15.58866
G1 X108.483 Y94.377 E16.32614
G1 X108.483 Y95.024 E16.35003
G1 X95.024 Y108.483 E17.05371
G1 X95.67 Y108.483 E17.07761
G1 X108.483 Y95.67 E17.74749
G1 X108.483 Y96.317 E17.77139
G1 X96.317 Y108.483 E18.40748
G1 X96.963 Y108.483 E18.43138
G1 X108.483 Y96.963 E19.03367
G1 X108.483 Y97.609 E19.05756
G1 X97.609 Y108.483 E19.62606
G1 X98.256 Y108.483 E19.64996
G1 X108.483 Y98.256 E20.18466
G1 X108.483 Y98.902 E20.20855
G1 X98.902 Y108.483 E20.70946
G1 X99.549 Y108.483 E20.73335
G1 X108.483 Y99.549 E21.20046
G1 X108.483 Y100.195 E21.22436
G1 X100.195 Y108.483 E21.65767
G1 X100.842 Y108.483 E21.68157
G1 X108.483 Y100.842 E22.08108
G1 X108.483 Y101.488 E22.10498
G1 X101.488 Y108.483 E22.4707
G1 X102.134 Y108.483 E22.49459
G1 X108.483 Y102.134 E22.82651
G1 X108.483 Y102.781 E22.85041
G1 X102.781 Y108.483 E23.14854
G1 X103.427 Y108.483 E23.17244
G1 X108.483 Y103.427 E23.43676
G1 X108.483 Y104.074 E23.46066
G1 X104.074 Y108.483 E23.6912
G1 X104.72 Y108.483 E23.71509
G1 X108.483 Y104.72 E23.91183
G1 X108.483 Y105.366 E23.93573
G1 X105.366 Y108.483 E24.09867
G1 X106.013 Y108.483 E24.12257
G1 X108.483 Y106.013 E24.25171
G1 X108.483 Y106.659 E24.27561
G1 X106.659 Y108.483 E24.37096
G1 X107.306 Y108.483 E24.39485
G1 X108.483 Y107.306 E24.45641
G1 X108.483 Y107.952 E24.4803
G1 X107.755 Y108.679 E24.51834
;LAYER_CHANGE
;Z:19
;HEIGHT:0.2
G1 Z19 F7800
; stop printing object cube_20x20x20_stl id:0 copy 0
; printing object cube_20x20x20_stl id:0 copy 0
G1 X108.819 Y108.819
;TYPE:Perimeter
;WIDTH:0.499999
G1 F3600
G1 X91.181 Y108.819 E25.18867
G1 X91.181 Y91.181 E25.859
G1 X108.819 Y91.181 E26.52933
G1 X108.819 Y108.819 E27.19966
G1 X109.284 Y109.284 F7800
G1 F3600
G1 X90.716 Y109.284 E27.90539
G1 X90.716 Y90.716 E28.61111
G1 X109.284 Y90.716 E29.31684
G1 X109.284 Y109.284 E30.02257
G1 X109.75 Y109.75 F7800
;TYPE:External perimeter
G1 F1800
G1 X90.25 Y109.75 E30.76369
G1 X90.25 Y90.25 E31.50481
G1 X109.75 Y90.25 E32.24594
G1 X109.75 Y109.75 E32.98706
;SEAM:109.75:109.75
;WIPE_START
G1 X109.317 Y109.5 F7800
;WIPE_END
G92 E0
G1 E-2 F2400
G1 X92.148 Y108.679 F7800
G1 E0 F2400
;TYPE:Solid infill
;WIDTH:0.486363
G1 F1800
G1 X91.517 Y108.049 E.03296
G1 X91.517 Y107.403 E.05686
G1 X92.597 Y108.483 E.11334
G1 X93.244 Y108.483 E.13724
G1 X91.517 Y106.756 E.22752
G1 X91.517 Y106.11 E.25141
G1 X93.89 Y108.483 E.37549
G1 X94.537 Y108.483 E.39939
G1 X91.517 Y105.463 E.55726
G1 X91.517 Y104.817 E.58115
G1 X95.183 Y108.483 E.77282
G1 X95.829 Y108.483 E.79672
G1 X91.517 Y104.171 E1.02218
G1 X91.517 Y103.524 E1.04608
G1 X96.476 Y108.483 E1.30534
G1 X97.122 Y108.483 E1.32924
G1 X91.517 Y102.878 E1.62229
G1 X91.517 Y102.231 E1.64619
G1 X97.769 Y108.483 E1.97304
G1 X98.415 Y108.483 E1.99694
G1 X91.517 Y101.585 E2.35759
G1 X91.517 Y100.939 E2.38148
G1 X99.061 Y108.483 E2.77593
G1 X99.708 Y108.483 E2.79982
G1 X91.517 Y100.292 E3.22806
G1 X91.517 Y99.646 E3.25196
G1 X100.354 Y108.483 E3.714
G1 X101.001 Y108.483 E3.7379
G1 X91.517 Y98.999 E4.23373
G1 X91.517 Y98.353 E4.25763
G1 X101.647 Y108.483 E4.78725
G1 X102.294 Y108.483 E4.81115
G1 X91.517 Y97.706 E5.37458
G1 X91.517 Y97.06 E5.39847
G1 X102.94 Y108.483 E5.99569
G1 X103.586 Y108.483 E6.01959
G1 X91.517 Y96.414 E6.65061
G1 X91.517 Y95.767 E6.67451
G1 X104.233 Y108.483 E7.33932
G1 X104.879 Y108.483 E7.36322
G1 X91.517 Y95.121 E8.06183
G1 X91.517 Y94.474 E8.08572
G1 X105.526 Y108.483 E8.81813
G1 X106.172 Y108.483 E8.84203
G1 X91.517 Y93.828 E9.60823
G1 X91.517 Y93.182 E9.63213
G1 X106.818 Y108.483 E10.43213
G1 X107.465 Y108.483 E10.45602
G1 X91.517 Y92.535 E11.28982
G1 X91.517 Y91.889 E11.31371
G1 X108.111 Y108.483 E12.1813
G1 X108.483 Y108.483 E12.19505
G1 X108.483 Y108.208 E12.2052
G1 X91.792 Y91.517 E13.07786
G1 X92.438 Y91.517 E13.10176
G1 X108.483 Y107.562 E13.94063
G1 X108.483 Y106.915 E13.96452
G1 X93.085 Y91.517 E14.76959
G1 X93.731 Y91.517 E14.79349
G1 X108.483 Y106.269 E15.56476
G1 X108.483 Y105.623 E15.58866
G1 X94.377 Y91.517 E16.32613
G1 X95.024 Y91.517 E16.35003
G1 X108.483 Y104.976 E17.05371
G1 X108.483 Y104.33 E17.07761
G1 X95.67 Y91.517 E17.74749
G1 X96.317 Y91.517 E17.77139
G1 X108.483 Y103.683 E18.40748
G1 X108.483 Y103.037 E18.43138
G1 X96.963 Y91.517 E19.03367
G1 X97.609 Y91.517 E19.05756
G1 X108.483 Y102.391 E19.62606
G1 X108.483 Y101.744 E19.64996
G1 X98.256 Y91.517 E20.18466
G1 X98.902 Y91.517 E20.20855
G1 X108.483 Y101.098 E20.70946
G1 X108.483 Y100.451 E20.73335
G1 X99.549 Y91.517 E21.20046
G1 X100.195 Y91.517 E21.22436
G1 X108.483 Y99.805 E21.65767
G1 X108.483 Y99.158 E21.68157
G1 X100.842 Y91.517 E22.08108
G1 X101.488 Y91.517 E22.10498
G1 X108.483 Y98.512 E22.4707
G1 X108.483 Y97.866 E22.49459
G1 X102.134 Y91.517 E22.82651
G1 X102.781 Y91.517 E22.85041
G1 X108.483 Y97.219 E23.14854
G1 X108.483 Y96.573 E23.17244
G1 X103.427 Y91.517 E23.43677
G1 X104.074 Y91.517 E23.46066
G1 X108.483 Y95.926 E23.6912
G1 X108.483 Y95.28 E23.71509
G1 X104.72 Y91.517 E23.91183
G1 X105.366 Y91.517 E23.93573
G1 X108.483 Y94.634 E24.09867
G1 X108.483 Y93.987 E24.12257
G1 X106.013 Y91.517 E24.25171
G1 X106.659 Y91.517 E24.27561
G1 X108.483 Y93.341 E24.37096
G1 X108.483 Y92.694 E24.39485
G1 X107.306 Y91.517 E24.45641
G1 X107.952 Y91.517 E24.4803
G1 X108.679 Y92.245 E24.51834
;LAYER_CHANGE
;Z:19.2
;HEIGHT:0.2
G1 Z19.2 F7800
; stop printing object cube_20x20x20_stl id:0 copy 0
; printing object cube_20x20x20_stl id:0 copy 0
G1 X108.819 Y91.181
;TYPE:Perimeter
;WIDTH:0.499999
G1 F3600
G1 X108.819 Y108.819 E25.18867
G1 X91.181 Y108.819 E25.859
G1 X91.181 Y91.181 E26.52933
G1 X108.819 Y91.181 E27.19966
G1 X109.284 Y90.716 F7800
G1 F3600
G1 X109.284 Y109.284 E27.90539
G1 X90.716 Y109.284 E28.61111
G1 X90.716 Y90.716 E29.31684
G1 X109.284 Y90.716 E30.02257
G1 X109.75 Y90.25 F7800
;TYPE:External perimeter
G1 F1800
G1 X109.75 Y109.75 E30.76369
G1 X90.25 Y109.75 E31.50481
G1 X90.25 Y90.25 E32.24594
G1 X109.75 Y90.25 E32.98706
;SEAM:109.75:90.25
;WIPE_START
G1 X109.5 Y90.683 F7800
;WIPE_END
G92 E0
G1 E-2 F2400
G1 X107.755 Y108.679 F7800
G1 E0 F2400
;TYPE:Solid infill
;WIDTH:0.486363
G1 F1800
G1 X108.483 Y107.952 E.03803
G1 X108.483 Y107.306 E.06193
G1 X107.306 Y108.483 E.12348
G1 X106.659 Y108.483 E.14738
G1 X108.483 Y106.659 E.24273
G1 X108.483 Y106.013 E.26663
G1 X106.013 Y108.483 E.39577
G1 X105.366 Y108.483 E.41967
G1 X108.483 Y105.366 E.58261
G1 X108.483 Y104.72 E.60651
G1 X104.72 Y108.483 E.80324
G1 X104.074 Y108.483 E.82714
G1 X108.483 Y104.074 E1.05767
G1 X108.483 Y103.427 E1.08157
G1 X103.427 Y108.483 E1.3459
G1 X102.781 Y108.483 E1.3698
G1 X108.483 Y102.781 E1.66792
G1 X108.483 Y102.134 E1.69182
G1 X102.134 Y108.483 E2.02374
G1 X101.488 Y108.483 E2.04764
G1 X108.483 Y101.488 E2.41336
G1 X108.483 Y100.842 E2.43726
G1 X100.842 Y108.483 E2.83677
G1 X100.195 Y108.483 E2.86067
G1 X108.483 Y100.195 E3.29398
G1 X108.483 Y99.549 E3.31788
G1 X99.549 Y108.483 E3.78498
G1 X98.902 Y108.483 E3.80888
G1 X108.483 Y98.902 E4.30978
G1 X108.483 Y98.256 E4.33368
G1 X98.256 Y108.483 E4.86838
G1 X97.609 Y108.483 E4.89228
G1 X108.483 Y97.609 E5.46077
G1 X108.483 Y96.963 E5.48467
G1 X96.963 Y108.483 E6.08696
G1 X96.317 Y108.483 E6.11086
G1 X108.483 Y96.317 E6.74695
G1 X108.483 Y95.67 E6.77084
G1 X95.67 Y108.483 E7.44073
G1 X95.024 Y108.483 E7.46462
G1 X108.483 Y95.024 E8.1683
G1 X108.483 Y94.377 E8.1922
G1 X94.377 Y108.483 E8.92968
G1 X93.731 Y108.483 E8.95358
G1 X108.483 Y93.731 E9.72485
G1 X108.483 Y93.085 E9.74875
G1 X93.085 Y108.483 E10.55381
G1 X92.438 Y108.483 E10.57771
G1 X108.483 Y92.438 E11.41658
G1 X108.483 Y91.792 E11.44047
G1 X91.792 Y108.483 E12.31313
G1 X91.517 Y108.483 E12.32329
G1 X91.517 Y108.111 E12.33703
G1 X108.111 Y91.517 E13.20462
G1 X107.465 Y91.517 E13.22852
G1 X91.517 Y107.465 E14.06231
G1 X91.517 Y106.818 E14.08621
G1 X106.818 Y91.517 E14.88621
G1 X106.172 Y91.517 E14.91011
G1 X91.517 Y106.172 E15.67631
G1 X91.517 Y105.526 E15.70021
G1 X105.526 Y91.517 E16.43261
G1 X104.879 Y91.517 E16.45651
G1 X91.517 Y104.879 E17.15512
G1 X91.517 Y104.233 E17.17902
G1 X104.233 Y91.517 E17.84383
G1 X103.586 Y91.517 E17.86773
G1 X91.517 Y103.586 E18.49874
G1 X91.517 Y102.94 E18.52264
G1 X102.94 Y91.517 E19.11986
G1 X102.294 Y91.517 E19.14376
G1 X91.517 Y102.294 E19.70718
G1 X91.517 Y101.647 E19.73108
G1 X101.647 Y91.517 E20.26071
G1 X101.001 Y91.517 E20.28461
G1 X91.517 Y101.001 E20.78044
G1 X91.517 Y100.354 E20.80434
G1 X100.354 Y91.517 E21.26637
G1 X99.708 Y91.517 E21.29027
G1 X91.517 Y99.708 E21.71851
G1 X91.517 Y99.061 E21.74241
G1 X99.061 Y91.517 E22.13685
G1 X98.415 Y91.517 E22.16075
G1 X91.517 Y98.415 E22.5214
G1 X91.517 Y97.769 E22.5453
G1 X97.769 Y91.517 E22.87215
G1 X97.122 Y91.517 E22.89605
G1 X91.517 Y97.122 E23.1891
G1 X91.517 Y96.476 E23.213
G1 X96.476 Y91.517 E23.47226
G1 X95.829 Y91.517 E23.49615
G1 X91.517 Y95.829 E23.72162
G1 X91.517 Y95.183 E23.74552
G1 X95.183 Y91.517 E23.93718
G1 X94.537 Y91.517 E23.96108
G1 X91.517 Y94.537 E24.11895
G1 X91.517 Y93.89 E24.14285
G1 X93.89 Y91.517 E24.26692
G1 X93.244 Y91.517 E24.29082
G1 X91.517 Y93.244 E24.3811
G1 X91.517 Y92.597 E24.405
G1 X92.597 Y91.517 E24.46148
G1 X91.951 Y91.517 E24.48538
G1 X91.321 Y92.148 E24.51834
;LAYER_CHANGE
;Z:19.4
;HEIGHT:0.2
G1 Z19.4 F7800
; stop printing object cube_20x20x20_stl id:0 copy 0
; printing object cube_20x20x20_stl id:0 copy 0
G1 X91.181 Y91.181
;TYPE:Perimeter
;WIDTH:0.499999
G1 F3600
G1 X108.819 Y91.181 E25.18867
G1 X108.819 Y108.819 E25.859
G1 X91.181 Y108.819 E26.52933
G1 X91.181 Y91.181 E27.19966
G1 X90.716 Y90.716 F7800
G1 F3600
G1 X109.284 Y90.716 E27.90539
G1 X109.284 Y109.284 E28.61111
G1 X90.716 Y109.284 E29.31684
G1 X90.716 Y90.716 E30.02257
G1 X90.25 Y90.25 F7800
;TYPE:External perimeter
G1 F1800
G1 X109.75 Y90.25 E30.76369
G1 X109.75 Y109.75 E31.50481
G1 X90.25 Y109.75 E32.24594
G1 X90.25 Y90.25 E32.98706
;SEAM:90.25:90.25
;WIPE_START
G1 X90.683 Y90.5 F7800
;WIPE_END
G92 E0
G1 E-2 F2400
G1 X108.679 Y92.245 F7800
G1 E0 F2400
;TYPE:Solid infill
;WIDTH:0.486363
G1 F1800
G1 X107.952 Y91.517 E.03803
G1 X107.306 Y91.517 E.06193
G1 X108.483 Y92.694 E.12348
G1 X108.483 Y93.341 E.14738
G1 X106.659 Y91.517 E.24273
G1 X106.013 Y91.517 E.26663
G1 X108.483 Y93.987 E.39577
G1 X108.483 Y94.634 E.41967
G1 X105.366 Y91.517 E.58261
G1 X104.72 Y91.517 E.60651
G1 X108.483 Y95.28 E.80324
G1 X108.483 Y95.926 E.82714
G1 X104.074 Y91.517 E1.05767
G1 X103.427 Y91.517 E1.08157
G1 X108.483 Y96.573 E1.3459
G1 X108.483 Y97.219 E1.3698
G1 X102.781 Y91.517 E1.66792
G1 X102.134 Y91.517 E1.69182
G1 X108.483 Y97.866 E2.02374
G1 X108.483 Y98.512 E2.04764
G1 X101.488 Y91.517 E2.41336
G1 X100.842 Y91.517 E2.43726
G1 X108.483 Y99.158 E2.83677
G1 X108.483 Y99.805 E2.86067
G1 X100.195 Y91.517 E3.29398
G1 X99.549 Y91.517 E3.31788
G1 X108.483 Y100.451 E3.78498
G1 X108.483 Y101.098 E3.80888
G1 X98.902 Y91.517 E4.30978
G1 X98.256 Y91.517 E4.33368
G1 X108.483 Y101.744 E4.86838
G1 X108.483 Y102.391 E4.89228
G1 X97.609 Y91.517 E5.46077
G1 X96.963 Y91.517 E5.48467
G1 X108.483 Y103.037 E6.08696
G1 X108.483 Y103.683 E6.11086
G1 X96.317 Y91.517 E6.74695
G1 X95.67 Y91.517 E6.77084
G1 X108.483 Y104.33 E7.44073
G1 X108.483 Y104.976 E7.46463
G1 X95.024 Y91.517 E8.16831
G1 X94.377 Y91.517 E8.1922
G1 X108.483 Y105.623 E8.92968
G1 X108.483 Y106.269 E8.95358
G1 X93.731 Y91.517 E9.72485
G1 X93.085 Y91.517 E9.74875
G1 X108.483 Y106.915 E10.55381
G1 X108.483 Y107.562 E10.57771
G1 X92.438 Y91.517 E11.41658
G1 X91.792 Y91.517 E11.44047
G1 X108.483 Y108.208 E12.31313
G1 X108.483 Y108.483 E12.32329
G1 X108.111 Y108.483 E12.33703
G1 X91.517 Y91.889 E13.20462
G1 X91.517 Y92.535 E13.22852
G1 X107.465 Y108.483 E14.06231
G1 X106.818 Y108.483 E14.08621
G1 X91.517 Y93.182 E14.88621
G1 X91.517 Y93.828 E14.91011
G1 X106.172 Y108.483 E15.67631
G1 X105.526 Y108.483 E15.70021
G1 X91.517 Y94.474 E16.43261
G1 X91.517 Y95.121 E16.45651
G1 X104.879 Y108.483 E17.15512
G1 X104.233 Y108.483 E17.17902
G1 X91.517 Y95.767 E17.84383
G1 X91.517 Y96.414 E17.86773
G1 X103.586 Y108.483 E18.49874
G1 X102.94 Y108.483 E18.52264
G1 X91.517 Y97.06 E19.11986
G1 X91.517 Y97.706 E19.14376
G1 X102.294 Y108.483 E19.70719
G1 X101.647 Y108.483 E19.73108
G1 X91.517 Y98.353 E20.26071
G1 X91.517 Y98.999 E20.28461
G1 X101.001 Y108.483 E20.78044
G1 X100.354 Y108.483 E20.80434
G1 X91.517 Y99.646 E21.26638
G1 X91.517 Y100.292 E21.29027
G1 X99.708 Y108.483 E21.71851
G1 X99.061 Y108.483 E21.74241
G1 X91.517 Y100.939 E22.13685
G1 X91.517 Y101.585 E22.16075
G1 X98.415 Y108.483 E22.5214
G1 X97.769 Y108.483 E22.5453
G1 X91.517 Y102.231 E22.87215
G1 X91.517 Y102.878 E22.89605
G1 X97.122 Y108.483 E23.1891
G1 X96.476 Y108.483 E23.213
G1 X91.517 Y103.524 E23.47226
G1 X91.517 Y104.171 E23.49616
G1 X95.829 Y108.483 E23.72162
G1 X95.183 Y108.483 E23.74552
G1 X91.517 Y104.817 E23.93718
G1 X91.517 Y105.463 E23.96108
G1 X94.537 Y108.483 E24.11895
G1 X93.89 Y108.483 E24.14285
G1 X91.517 Y106.11 E24.26692
G1 X91.517 Y106.756 E24.29082
G1 X93.244 Y108.483 E24.3811
G1 X92.597 Y108.483 E24.405
G1 X91.517 Y107.403 E24.46148
G1 X91.517 Y108.049 E24.48538
G1 X92.148 Y108.679 E24.51834
;LAYER_CHANGE
;Z:19.6
;HEIGHT:0.2
G1 Z19.6 F7800
; stop printing object cube_20x20x20_stl id:0 copy 0
; printing object cube_20x20x20_stl id:0 copy 0
G1 X91.181 Y108.819
;TYPE:Perimeter
;WIDTH:0.499999
G1 F3600
G1 X91.181 Y91.181 E25.18867
G1 X108.819 Y91.181 E25.859
G1 X108.819 Y108.819 E26.52933
G1 X91.181 Y108.819 E27.19966
G1 X90.716 Y109.284 F7800
G1 F3600
G1 X90.716 Y90.716 E27.90539
G1 X109.284 Y90.716 E28.61111
G1 X109.284 Y109.284 E29.31684
G1 X90.716 Y109.284 E30.02257
G1 X90.25 Y109.75 F7800
;TYPE:External perimeter
G1 F1800
G1 X90.25 Y90.25 E30.76369
G1 X109.75 Y90.25 E31.50481
G1 X109.75 Y109.75 E32.24594
G1 X90.25 Y109.75 E32.98706
;SEAM:90.25:109.75
;WIPE_START
G1 X90.5 Y109.317 F7800
;WIPE_END
G92 E0
G1 E-2 F2400
G1 X91.321 Y92.148 F7800
G1 E0 F2400
;TYPE:Solid infill
;WIDTH:0.486363
G1 F1800
G1 X91.951 Y91.517 E.03296
G1 X92.597 Y91.517 E.05686
G1 X91.517 Y92.597 E.11334
G1 X91.517 Y93.244 E.13724
G1 X93.244 Y91.517 E.22752
G1 X93.89 Y91.517 E.25141
G1 X91.517 Y93.89 E.37549
G1 X91.517 Y94.537 E.39939
G1 X94.537 Y91.517 E.55726
G1 X95.183 Y91.517 E.58116
G1 X91.517 Y95.183 E.77282
G1 X91.517 Y95.829 E.79672
G1 X95.829 Y91.517 E1.02218
G1 X96.476 Y91.517 E1.04608
G1 X91.517 Y96.476 E1.30534
G1 X91.517 Y97.122 E1.32924
G1 X97.122 Y91.517 E1.62229
G1 X97.769 Y91.517 E1.64619
G1 X91.517 Y97.769 E1.97304
G1 X91.517 Y98.415 E1.99694
G1 X98.415 Y91.517 E2.35759
G1 X99.061 Y91.517 E2.38148
G1 X91.517 Y99.061 E2.77593
G1 X91.517 Y99.708 E2.79983
G1 X99.708 Y91.517 E3.22807
G1 X100.354 Y91.517 E3.25196
G1 X91.517 Y100.354 E3.714
G1 X91.517 Y101.001 E3.7379
G1 X101.001 Y91.517 E4.23373
G1 X101.647 Y91.517 E4.25763
G1 X91.517 Y101.647 E4.78726
G1 X91.517 Y102.294 E4.81115
G1 X102.294 Y91.517 E5.37458
G1 X102.94 Y91.517 E5.39847
G1 X91.517 Y102.94 E5.9957
G1 X91.517 Y103.586 E6.01959
G1 X103.586 Y91.517 E6.65061
G1 X104.233 Y91.517 E6.67451
G1 X91.517 Y104.233 E7.33932
G1 X91.517 Y104.879 E7.36322
G1 X104.879 Y91.517 E8.06183
G1 X105.526 Y91.517 E8.08573
G1 X91.517 Y105.526 E8.81813
G1 X91.517 Y106.172 E8.84203
G1 X106.172 Y91.517 E9.60823
G1 X106.818 Y91.517 E9.63213
G1 X91.517 Y106.818 E10.43213
G1 X91.517 Y107.465 E10.45602
G1 X107.465 Y91.517 E11.28982
G1 X108.111 Y91.517 E11.31372
G1 X91.517 Y108.111 E12.18131
G1 X91.517 Y108.483 E12.19505
G1 X91.792 Y108.483 E12.2052
G1 X108.483 Y91.792 E13.07786
G1 X108.483 Y92.438 E13.10176
G1 X92.438 Y108.483 E13.94063
G1 X93.085 Y108.483 E13.96452
G1 X108.483 Y93.085 E14.76959
G1 X108.483 Y93.731 E14.79349
G1 X93.731 Y108.483 E15.56476
G1 X94.377 Y108.483 E15.58866
G1 X108.483 Y94.377 E16.32614
G1 X108.483 Y95.024 E16.35003
G1 X95.024 Y108.483 E17.05371
G1 X95.67 Y108.483 E17.07761
G1 X108.483 Y95.67 E17.74749
G1 X108.483 Y96.317 E17.77139
G1 X96.317 Y108.483 E18.40748
G1 X96.963 Y108.483 E18.43138
G1 X108.483 Y96.963 E19.03367
G1 X108.483 Y97.609 E19.05756
G1 X97.609 Y108.483 E19.62606
G1 X98.256 Y108.483 E19.64996
G1 X108.483 Y98.256 E20.18466
G1 X108.483 Y98.902 E20.20855
G1 X98.902 Y108.483 E20.70946
G1 X99.549 Y108.483 E20.73335
G1 X108.483 Y99.549 E21.20046
G1 X108.483 Y100.195 E21.22436
G1 X100.195 Y108.483 E21.65767
G1 X100.842 Y108.483 E21.68157
G1 X108.483 Y100.842 E22.08108
G1 X108.483 Y101.488 E22.10498
G1 X101.488 Y108.483 E22.4707
G1 X102.134 Y108.483 E22.49459
G1 X108.483 Y102.134 E22.82651
G1 X108.483 Y102.781 E22.85041
G1 X102.781 Y108.483 E23.14854
G1 X103.427 Y108.483 E23.17244
G1 X108.483 Y103.427 E23.43676
G1 X108.483 Y104.074 E23.46066
G1 X104.074 Y108.483 E23.6912
G1 X104.72 Y108.483 E23.71509
G1 X108.483 Y104.72 E23.91183
G1 X108.483 Y105.366 E23.93573
G1 X105.366 Y108.483 E24.09867
G1 X106.013 Y108.483 E24.12257
G1 X108.483 Y106.013 E24.25171
G1 X108.483 Y106.659 E24.27561
G1 X106.659 Y108.483 E24.37096
G1 X107.306 Y108.483 E24.39485
G1 X108.483 Y107.306 E24.45641
G1 X108.483 Y107.952 E24.4803
G1 X107.755 Y108.679 E24.51834
;LAYER_CHANGE
;Z:19.8
;HEIGHT:0.2
G1 Z19.8 F7800
; stop printing object cube_20x20x20_stl id:0 copy 0
; printing object cube_20x20x20_stl id:0 copy 0
G1 X108.819 Y108.819
;TYPE:Perimeter
;WIDTH:0.499999
G1 F3600
G1 X91.181 Y108.819 E25.18867
G1 X91.181 Y91.181 E25.859
G1 X108.819 Y91.181 E26.52933
G1 X108.819 Y108.819 E27.19966
G1 X109.284 Y109.284 F7800
G1 F3600
G1 X90.716 Y109.284 E27.90539
G1 X90.716 Y90.716 E28.61111
G1 X109.284 Y90.716 E29.31684
G1 X109.284 Y109.284 E30.02257
G1 X109.75 Y109.75 F7800
;TYPE:External perimeter
G1 F1800
G1 X90.25 Y109.75 E30.76369
G1 X90.25 Y90.25 E31.50481
G1 X109.75 Y90.25 E32.24594
G1 X109.75 Y109.75 E32.98706
;SEAM:109.75:109.75
;WIPE_START
G1 X109.317 Y109.5 F7800
;WIPE_END
G92 E0
G1 E-2 F2400
G1 X92.148 Y108.679 F7800
G1 E0 F2400
;TYPE:Solid infill
;WIDTH:0.486363
G1 F1800
G1 X91.517 Y108.049 E.03296
G1 X91.517 Y107.403 E.05686
G1 X92.597 Y108.483 E.11334
G1 X93.244 Y108.483 E.13724
G1 X91.517 Y106.756 E.22752
G1 X91.517 Y106.11 E.25141
G1 X93.89 Y108.483 E.37549
G1 X94.537 Y108.483 E.39939
G1 X91.517 Y105.463 E.55726
G1 X91.517 Y104.817 E.58115
G1 X95.183 Y108.483 E.77282
G1 X95.829 Y108.483 E.79672
G1 X91.517 Y104.171 E1.02218
G1 X91.517 Y103.524 E1.04608
G1 X96.476 Y108.483 E1.30534
G1 X97.122 Y108.483 E1.32924
G1 X91.517 Y102.878 E1.62229
G1 X91.517 Y102.231 E1.64619
G1 X97.769 Y108.483 E1.97304
G1 X98.415 Y108.483 E1.99694
G1 X91.517 Y101.585 E2.35759
G1 X91.517 Y100.939 E2.38148
G1 X99.061 Y108.483 E2.77593
G1 X99.708 Y108.483 E2.79982
G1 X91.517 Y100.292 E3.22806
G1 X91.517 Y99.646 E3.25196
G1 X100.354 Y108.483 E3.714
G1 X101.001 Y108.483 E3.7379
G1 X91.517 Y98.999 E4.23373
G1 X91.517 Y98.353 E4.25763
G1 X101.647 Y108.483 E4.78725
G1 X102.294 Y108.483 E4.81115
G1 X91.517 Y97.706 E5.37458
G1 X91.517 Y97.06 E5.39847
G1 X102.94 Y108.483 E5.99569
G1 X103.586 Y108.483 E6.01959
G1 X91.517 Y96.414 E6.65061
G1 X91.517 Y95.767 E6.67451
G1 X104.233 Y108.483 E7.33932
G1 X104.879 Y108.483 E7.36322
G1 X91.517 Y95.121 E8.06183
G1 X91.517 Y94.474 E8.08572
G1 X105.526 Y108.483 E8.81813
G1 X106.172 Y108.483 E8.84203
G1 X91.517 Y93.828 E9.60823
G1 X91.517 Y93.182 E9.63213
G1 X106.818 Y108.483 E10.43213
G1 X107.465 Y108.483 E10.45602
G1 X91.517 Y92.535 E11.28982
G1 X91.517 Y91.889 E11.31371
G1 X108.111 Y108.483 E12.1813
G1 X108.483 Y108.483 E12.19505
G1 X108.483 Y108.208 E12.2052
G1 X91.792 Y91.517 E13.07786
G1 X92.438 Y91.517 E13.10176
G1 X108.483 Y107.562 E13.94063
G1 X108.483 Y106.915 E13.96452
G1 X93.085 Y91.517 E14.76959
G1 X93.731 Y91.517 E14.79349
G1 X108.483 Y106.269 E15.56476
G1 X108.483 Y105.623 E15.58866
G1 X94.377 Y91.517 E16.32613
G1 X95.024 Y91.517 E16.35003
G1 X108.483 Y104.976 E17.05371
G1 X108.483 Y104.33 E17.07761
G1 X95.67 Y91.517 E17.74749
G1 X96.317 Y91.517 E17.77139
G1 X108.483 Y103.683 E18.40748
G1 X108.483 Y103.037 E18.43138
G1 X96.963 Y91.517 E19.03367
G1 X97.609 Y91.517 E19.05756
G1 X108.483 Y102.391 E19.62606
G1 X108.483 Y101.744 E19.64996
G1 X98.256 Y91.517 E20.18466
G1 X98.902 Y91.517 E20.20855
G1 X108.483 Y101.098 E20.70946
G1 X108.483 Y100.451 E20.73335
G1 X99.549 Y91.517 E21.20046
G1 X100.195 Y91.517 E21.22436
G1 X108.483 Y99.805 E21.65767
G1 X108.483 Y99.158 E21.68157
G1 X100.842 Y91.517 E22.08108
G1 X101.488 Y91.517 E22.10498
G1 X108.483 Y98.512 E22.4707
G1 X108.483 Y97.866 E22.49459
G1 X102.134 Y91.517 E22.82651
G1 X102.781 Y91.517 E22.85041
G1 X108.483 Y97.219 E23.14854
G1 X108.483 Y96.573 E23.17244
G1 X103.427 Y91.517 E23.43677
G1 X104.074 Y91.517 E23.46066
G1 X108.483 Y95.926 E23.6912
G1 X108.483 Y95.28 E23.71509
G1 X104.72 Y91.517 E23.91183
G1 X105.366 Y91.517 E23.93573
G1 X108.483 Y94.634 E24.09867
G1 X108.483 Y93.987 E24.12257
G1 X106.013 Y91.517 E24.25171
G1 X106.659 Y91.517 E24.27561
G1 X108.483 Y93.341 E24.37096
G1 X108.483 Y92.694 E24.39485
G1 X107.306 Y91.517 E24.45641
G1 X107.952 Y91.517 E24.4803
G1 X108.679 Y92.245 E24.51834
;LAYER_CHANGE
;Z:20
;HEIGHT:0.2
G1 Z20 F7800
; stop printing object cube_20x20x20_stl id:0 copy 0
G92 E0
G1 E-2 F2400
; printing object cube_20x20x20_stl id:0 copy 0
G1 X109.75 Y90.25 F7800
G1 E0 F2400
;TYPE:External perimeter
;WIDTH:0.499999
G1 F1800
G1 X109.75 Y109.75 E.74112
G1 X90.25 Y109.75 E1.48225
G1 X90.25 Y90.25 E2.22337
G1 X109.75 Y90.25 E2.96449
;SEAM:109.75:90.25
;WIPE_START
G1 X109.5 Y90.683 F7800
;WIPE_END
G92 E0
G1 E-2 F2400
G1 X108.687 Y109.611 F7800
G1 E0 F2400
;TYPE:Top solid infill
;WIDTH:0.487498
G1 F900
G1 X109.414 Y108.883 E.03812
G1 X109.414 Y108.237 E.06207
G1 X108.237 Y109.414 E.12377
G1 X107.591 Y109.414 E.14772
G1 X109.414 Y107.591 E.2433
G1 X109.414 Y106.944 E.26725
G1 X106.944 Y109.414 E.39669
G1 X106.298 Y109.414 E.42065
G1 X109.414 Y106.298 E.58397
G1 X109.414 Y105.651 E.60792
G1 X105.651 Y109.414 E.80512
G1 X105.005 Y109.414 E.82907
G1 X109.414 Y105.005 E1.06014
G1 X109.414 Y104.358 E1.0841
G1 X104.358 Y109.414 E1.34904
G1 X103.712 Y109.414 E1.373
G1 X109.414 Y103.712 E1.67182
G1 X109.414 Y103.066 E1.69577
G1 X103.066 Y109.414 E2.02847
G1 X102.419 Y109.414 E2.05242
G1 X109.414 Y102.419 E2.41899
G1 X109.414 Y101.773 E2.44295
G1 X101.773 Y109.414 E2.84339
G1 X101.126 Y109.414 E2.86735
G1 X109.414 Y101.126 E3.30167
G1 X109.414 Y100.48 E3.32562
G1 X100.48 Y109.414 E3.79382
G1 X99.834 Y109.414 E3.81777
G1 X109.414 Y99.834 E4.31984
G1 X109.414 Y99.187 E4.3438
G1 X99.187 Y109.414 E4.87975
G1 X98.541 Y109.414 E4.9037
G1 X109.414 Y98.541 E5.47352
G1 X109.414 Y97.894 E5.49747
G1 X97.894 Y109.414 E6.10117
G1 X97.248 Y109.414 E6.12512
G1 X109.414 Y97.248 E6.7627
G1 X109.414 Y96.602 E6.78665
G1 X96.602 Y109.414 E7.4581
G1 X95.955 Y109.414 E7.48205
G1 X109.414 Y95.955 E8.18737
G1 X109.414 Y95.309 E8.21133
G1 X95.309 Y109.414 E8.95052
G1 X94.662 Y109.414 E8.97448
G1 X109.414 Y94.662 E9.74755
G1 X109.414 Y94.016 E9.7715
G1 X94.016 Y109.414 E10.57845
G1 X93.37 Y109.414 E10.6024
G1 X109.414 Y93.37 E11.44323
G1 X109.414 Y92.723 E11.46718
G1 X92.723 Y109.414 E12.34188
G1 X92.077 Y109.414 E12.36583
G1 X109.414 Y92.077 E13.2744
G1 X109.414 Y91.43 E13.29836
G1 X91.43 Y109.414 E14.24081
G1 X90.784 Y109.414 E14.26476
G1 X109.414 Y90.784 E15.24108
G1 X109.414 Y90.586 E15.24842
G1 X108.966 Y90.586 E15.26504
G1 X90.586 Y108.966 E16.22825
G1 X90.586 Y108.32 E16.2522
G1 X108.32 Y90.586 E17.18154
G1 X107.673 Y90.586 E17.20549
G1 X90.586 Y107.673 E18.10096
G1 X90.586 Y107.027 E18.12491
G1 X107.027 Y90.586 E18.9865
G1 X106.38 Y90.586 E19.01045
G1 X90.586 Y106.38 E19.83816
G1 X90.586 Y105.734 E19.86212
G1 X105.734 Y90.586 E20.65596
G1 X105.087 Y90.586 E20.67991
G1 X90.586 Y105.087 E21.43987
G1 X90.586 Y104.441 E21.46382
G1 X104.441 Y90.586 E22.18991
G1 X103.795 Y90.586 E22.21387
G1 X90.586 Y103.795 E22.90608
G1 X90.586 Y103.148 E22.93003
G1 X103.148 Y90.586 E23.58837
G1 X102.502 Y90.586 E23.61232
G1 X90.586 Y102.502 E24.23678
G1 X90.586 Y101.855 E24.26074
G1 X101.855 Y90.586 E24.85133
G1 X101.209 Y90.586 E24.87528
G1 X90.586 Y101.209 E25.43199
G1 X90.586 Y100.563 E25.45594
G1 X100.563 Y90.586 E25.97878
G1 X99.916 Y90.586 E26.00273
G1 X90.586 Y99.916 E26.4917
G1 X90.586 Y99.27 E26.51565
G1 X99.27 Y90.586 E26.97074
G1 X98.623 Y90.586 E26.99469
G1 X90.586 Y98.623 E27.4159
G1 X90.586 Y97.977 E27.43986
G1 X97.977 Y90.586 E27.82719
G1 X97.331 Y90.586 E27.85115
G1 X90.586 Y97.331 E28.20461
G1 X90.586 Y96.684 E28.22856
G1 X96.684 Y90.586 E28.54815
G1 X96.038 Y90.586 E28.5721
G1 X90.586 Y96.038 E28.85781
G1 X90.586 Y95.391 E28.88177
G1 X95.391 Y90.586 E29.1336
G1 X94.745 Y90.586 E29.15756
G1 X90.586 Y94.745 E29.37552
G1 X90.586 Y94.099 E29.39947
G1 X94.099 Y90.586 E29.58356
G1 X93.452 Y90.586 E29.60751
G1 X90.586 Y93.452 E29.75772
G1 X90.586 Y92.806 E29.78168
G1 X92.806 Y90.586 E29.89801
G1 X92.159 Y90.586 E29.92197
G1 X90.586 Y92.159 E30.00443
G1 X90.586 Y91.513 E30.02838
G1 X91.513 Y90.586 E30.07697
G1 X90.867 Y90.586 E30.10092
G1 X90.389 Y91.063 E30.12593
G92 E0
G1 E-2 F2400
; stop printing object cube_20x20x20_stl id:0 copy 0
M107
;TYPE:Custom
; Filament-specific end gcode 
;END gcode for filament
M104 S0 ; turn off temperature
G28 X0  ; home X axis
M84     ; disable motors
; filament used [mm] = 3298.81
; filament used [cm3] = 7.93
; total filament used [g] = 0.00
; total filament cost = 0.00
; total filament used for wipe tower [g] = 0.00
; total toolchanges = 0
; objects layers count = 100
; total layers count = 100
; estimated printing time (normal mode) = 48m 44s
; estimated first layer printing time (normal mode) = 33s

; SuperSlicer_config = begin
; allow_empty_layers = 0
; arc_fitting = disabled
; arc_fitting_ignore_holes = 0
; arc_fitting_resolution = 100%
; arc_fitting_tolerance = 5%
; autoemit_temperature_commands = 1
; autospeed_min_thin_flow = 0
; autospeed_pressure_advance_headroom = 0
; avoid_crossing_curled_overhangs = 0
; avoid_crossing_not_first_layer = 1
; avoid_crossing_perimeters = 0
; avoid_crossing_perimeters_max_detour = 0
; avoid_crossing_top = 1
; avoid_travel_island = 1
; avoid_travel_island_weight = 0.4
; bed_shape = 0x0,200x0,200x200,0x200
; bed_temperature = 0
; before_layer_gcode = 
; between_objects_gcode = 
; between_objects_gcode_before_move = 0
; binary_gcode = 0
; bottom_fill_pattern = monotonic
; bottom_solid_layers = 1000
; bottom_solid_min_thickness = 0
; bridge_acceleration = 0
; bridge_angle = !0
; bridge_fan_speed = 100
; bridge_fill_pattern = rectilinear
; bridge_flow_ratio = 100%
; bridge_overlap = 90%
; bridge_overlap_min = 80%
; bridge_precision = 25%
; bridge_speed = 60%
; bridge_type = nozzle
; bridged_infill_margin = 200%
; brim_acceleration = 0
; brim_ears = 0
; brim_ears_detection_length = 1
; brim_ears_max_angle = 125
; brim_ears_pattern = concentric
; brim_inside_holes = 0
; brim_per_object = 0
; brim_separation = 0
; brim_speed = 50%
; brim_width = 0
; brim_width_interior = 0
; chamber_temperature = 0
; color_change_gcode = 
; colorprint_heights = 
; complete_objects = 0
; complete_objects_one_skirt = 0
; complete_objects_sort = object
; cooling_tube_length = 5
; cooling_tube_retraction = 91.5
; curve_smoothing_angle_concave = 0
; curve_smoothing_angle_convex = 0
; curve_smoothing_cutoff_dist = 2
; curve_smoothing_precision = 0
; default_acceleration = 0
; default_fan_speed = !100
; default_speed = 100
; deretract_speed = 0
; disable_fan_first_layers = 1
; dont_support_bridges = 1
; draft_shield = disabled
; duplicate_distance = 6
; end_filament_gcode = "; Filament-specific end gcode \n;END gcode for filament\n"
; end_gcode = M104 S0 ; turn off temperature\nG28 X0  ; home X axis\nM84     ; disable motors\n
; enforce_full_fill_volume = 1
; enforce_retract_first_layer = 1
; ensure_vertical_shell_thickness = enabled_old
; external_infill_margin = 150%
; external_perimeter_acceleration = 0
; external_perimeter_cut_corners = 0%
; external_perimeter_extrusion_change_odd_layers = 0
; external_perimeter_extrusion_spacing = 
; external_perimeter_extrusion_width = 0.5
; external_perimeter_fan_speed = !100
; external_perimeter_overlap = 80%
; external_perimeter_speed = 50%
; external_perimeters_first = 0
; external_perimeters_first_force = 0
; external_perimeters_hole = 1
; external_perimeters_nothole = 1
; extra_loading_move = -2
; extra_perimeters = 0
; extra_perimeters_below_area = 0
; extra_perimeters_count = 0
; extra_perimeters_odd_layers = 0
; extra_perimeters_on_overhangs = 0
; extruder_clearance_height = 20
; extruder_clearance_radius = 20
; extruder_colour = ""
; extruder_extrusion_multiplier_speed = 0:10:1:10x1:20x1:30x1:40x1:60x1:80x1:120x1:160x1:240x1:320x1:480x1:640x1:960x1:1280x1
; extruder_fan_offset = 0%
; extruder_offset = 0x0
; extruder_temperature_offset = 0
; extrusion_axis = E
; extrusion_multiplier = 1
; extrusion_spacing = 0
; extrusion_width = 
; fan_below_layer_time = 60
; fan_kickstart = 0
; fan_percentage = 0
; fan_printer_min_speed = 0
; fan_speedup_overhangs = 1
; fan_speedup_time = 0
; feature_gcode = 
; filament_adaptive_pressure_advance = 0
; filament_adaptive_pressure_advance_model = ""
; filament_adaptive_pressure_advance_overhangs = 0
; filament_bridge_internal_pa = !0
; filament_bridge_pa = !0
; filament_brim_pa = !0
; filament_colour = #29B2B2
; filament_cooling_final_speed = 3.4
; filament_cooling_initial_speed = 2.2
; filament_cooling_moves = 4
; filament_cooling_zone_pause = 0
; filament_cost = 0
; filament_custom_variables = ""
; filament_density = 0
; filament_diameter = 1.75
; filament_dip_extraction_speed = 70
; filament_dip_insertion_speed = 33
; filament_enable_toolchange_part_fan = 0
; filament_enable_toolchange_temp = 0
; filament_external_perimeter_pa = !0
; filament_fill_top_flow_ratio = 100%
; filament_first_layer_flow_ratio = 100%
; filament_first_layer_pa = !0
; filament_first_layer_pa_over_raft = !0
; filament_gap_fill_pa = !0
; filament_infill_pa = !0
; filament_ironing_pa = !0
; filament_load_time = 0
; filament_loading_speed = 28
; filament_loading_speed_start = 3
; filament_max_overlap = 100%
; filament_max_speed = 0
; filament_max_volumetric_speed = 0
; filament_max_wipe_tower_speed = 0
; filament_melt_zone_pause = 0
; filament_minimal_purge_on_wipe_tower = 15
; filament_multitool_ramming = 0
; filament_multitool_ramming_flow = 10
; filament_multitool_ramming_volume = 10
; filament_notes = ""
; filament_overhangs_pa = !0
; filament_perimeter_pa = !0
; filament_pressure_advance = !0.02
; filament_pressure_advance_smooth_time = !0.04
; filament_ramming_parameters = "120 100 6.6 6.8 7.2 7.6 7.9 8.2 8.7 9.4 9.9 10.0| 0.05 6.6 0.45 6.8 0.95 7.8 1.45 8.3 1.95 9.7 2.45 10 2.95 7.6 3.45 7.6 3.95 7.6 4.45 7.6 4.95 7.6"
; filament_settings_id = ""
; filament_settings_modified = 0
; filament_shrink = 100%
; filament_skinnydip_distance = 31
; filament_solid_infill_pa = !0
; filament_soluble = 0
; filament_spool_weight = 0
; filament_support_material_interface_pa = !0
; filament_support_material_pa = !0
; filament_thin_walls_pa = !0
; filament_toolchange_delay = 0
; filament_toolchange_part_fan_speed = 50
; filament_toolchange_temp = 200
; filament_top_solid_infill_pa = !0
; filament_travel_pa = !0
; filament_type = PLA
; filament_unload_time = 0
; filament_unloading_speed = 90
; filament_unloading_speed_start = 100
; filament_use_fast_skinnydip = 0
; filament_use_skinnydip = 0
; filament_wipe_advanced_pigment = 0.5
; filament_z_offset = 0
; fill_aligned_z = 1
; fill_angle = 45
; fill_angle_cross = 1
; fill_angle_follow_model = 0
; fill_angle_increment = 0
; fill_angle_template = 
; fill_density = 0%
; fill_pattern = stars
; fill_smooth_distribution = 10%
; fill_smooth_width = 50%
; fill_top_flow_ratio = 100%
; first_layer_acceleration = 0
; first_layer_acceleration_over_raft = 0
; first_layer_bed_temperature = 0
; first_layer_extrusion_spacing = 
; first_layer_extrusion_width = 0.5
; first_layer_flow_ratio = 100%
; first_layer_height = 0.2
; first_layer_infill_extrusion_spacing = 
; first_layer_infill_extrusion_width = !140%
; first_layer_infill_speed = 0
; first_layer_min_speed = 0
; first_layer_size_compensation = 0
; first_layer_size_compensation_layers = 1
; first_layer_size_compensation_no_collapse = 1
; first_layer_speed = 30
; first_layer_speed_over_raft = 30
; first_layer_strong_start = 0%
; first_layer_temperature = 200
; full_fan_speed_layer = 4
; fuzzy_skin = none
; fuzzy_skin_point_dist = 200%
; fuzzy_skin_thickness = 150%
; gap_fill_acceleration = 0
; gap_fill_enabled = 1
; gap_fill_extension = 0
; gap_fill_fan_speed = !100
; gap_fill_flow_match_perimeter = 0%
; gap_fill_last = 0
; gap_fill_max_width = 0
; gap_fill_min_area = 100%
; gap_fill_min_length = 0
; gap_fill_min_width = 0
; gap_fill_no_overhang = 0
; gap_fill_overlap = 80%
; gap_fill_perimeter = 1
; gap_fill_speed = 50%
; gcode_ascii = 0
; gcode_command_buffer = 10
; gcode_comments = 0
; gcode_filename_illegal_char = [<>:"/\\\\|?*]
; gcode_flavor = marlin
; gcode_label_objects = octoprint
; gcode_min_length = 0.02
; gcode_min_resolution = 0
; gcode_precision_e = 5
; gcode_precision_xyz = 3
; gcode_substitutions = 
; high_current_on_filament_swap = 0
; hole_size_compensation = 0
; hole_size_threshold = 100
; hole_to_polyhole = 0
; hole_to_polyhole_threshold = 0.01
; hole_to_polyhole_twisted = 1
; idle_temperature = !30
; infill_acceleration = 0
; infill_anchor = 600%
; infill_anchor_max = 0
; infill_connection = connected
; infill_connection_bottom = connected
; infill_connection_bridge = notconnected
; infill_connection_solid = connected
; infill_connection_top = connected
; infill_dense = 0
; infill_dense_algo = autoenlarged
; infill_every_layers = 1
; infill_extruder = 1
; infill_extrusion_change_odd_layers = 0
; infill_extrusion_spacing = 100%
; infill_extrusion_width = 
; infill_fan_speed = !100
; infill_filled_bottom = 0
; infill_filled_solid = 1
; infill_filled_top = 0
; infill_first = 0
; infill_overlap = 25%
; infill_speed = 300%
; init_z_rotate = 0
; interface_shells = 0
; internal_bridge_acceleration = 0
; internal_bridge_expansion = 1
; internal_bridge_fan_speed = !100
; internal_bridge_min_width = 300%
; internal_bridge_speed = 150%
; ironing = 0
; ironing_acceleration = 0
; ironing_angle = -45
; ironing_flowrate = 15%
; ironing_spacing = 25%
; ironing_speed = 50%
; ironing_type = top
; layer_gcode = 
; layer_height = 0.2
; lift_min = 0
; machine_klipper_damping_ratio_x = 0.1
; machine_klipper_damping_ratio_y = 0.1
; machine_klipper_instantaneous_corner_velocity = 1
; machine_klipper_max_acceleration = 1500
; machine_klipper_max_extrude_only_acceleration = 0
; machine_klipper_max_extrude_only_velocity = 0
; machine_klipper_max_velocity = 500
; machine_klipper_max_z_acceleration = 0
; machine_klipper_max_z_velocity = 0
; machine_klipper_pressure_advance = 0
; machine_klipper_pressure_advance_smooth_time = 0.04
; machine_klipper_rotation_distance = 0
; machine_klipper_shaper_freq_x = 0
; machine_klipper_shaper_freq_y = 0
; machine_klipper_square_corner_velocity = 5
; machine_limits_usage = time_estimate_only
; machine_max_acceleration_e = 10000,5000
; machine_max_acceleration_extruding = 1500,1250
; machine_max_acceleration_retracting = 1500,1250
; machine_max_acceleration_travel = 1500,1250
; machine_max_acceleration_x = 9000,1000
; machine_max_acceleration_y = 9000,1000
; machine_max_acceleration_z = 500,200
; machine_max_feedrate_e = 120,120
; machine_max_feedrate_x = 500,200
; machine_max_feedrate_y = 500,200
; machine_max_feedrate_z = 12,12
; machine_max_jerk_e = 2.5,2.5
; machine_max_jerk_x = 10,10
; machine_max_jerk_y = 10,10
; machine_max_jerk_z = 0.2,0.4
; machine_min_cruise_ratio = 0.5
; machine_min_extruding_rate = 0,0
; machine_min_travel_rate = 0,0
; max_fan_speed = 100
; max_gcode_per_second = !1500
; max_layer_height = 75%
; max_print_height = 200
; max_print_speed = 80
; max_speed_reduction = 90%
; max_volumetric_extrusion_rate_slope_negative = 0
; max_volumetric_extrusion_rate_slope_positive = 0
; max_volumetric_speed = 0
; milling_after_z = 200%
; milling_diameter = 
; milling_extra_size = 150%
; milling_post_process = 0
; milling_speed = 30
; milling_toolchange_end_gcode = 
; milling_toolchange_start_gcode = 
; milling_z_lift = 
; min_bead_width = 85%
; min_feature_size = 25%
; min_layer_height = 5%
; min_print_speed = 10
; min_skirt_length = 0
; min_width_top_surface = 100%
; mmu_segmented_region_interlocking_depth = 0
; mmu_segmented_region_max_width = 0
; model_precision = 0.0001
; no_perimeter_unsupported_algo = none
; notes = 
; nozzle_diameter = 0.5
; object_gcode = 
; only_one_perimeter_first_layer = 0
; only_one_perimeter_top = 1
; only_one_perimeter_top_other_algo = 0
; only_retract_when_crossing_perimeters = 0
; ooze_prevention = 0
; output_filename_format = {input_filename_base}.gcode
; over_bridge_flow_ratio = 100%
; overhangs = 1
; overhangs_acceleration = 0
; overhangs_bridge_threshold = !0
; overhangs_bridge_upper_layers = 2
; overhangs_dynamic_fan_speed = !0:5:1:0x100:25x80:50x60:75x40:100x20
; overhangs_dynamic_flow = 0:5:1:0x0:25x0:50x15:75x50:100x100
; overhangs_dynamic_speed = 0:5:1:0x0:25x10:50x40:75x70:100x100
; overhangs_extrusion_spacing = 0
; overhangs_fan_speed = !100
; overhangs_fan_speedup_slowdown = 0
; overhangs_flow_ratio = 100%
; overhangs_max_slope = 0
; overhangs_reverse = 0
; overhangs_reverse_threshold = 250%
; overhangs_speed = 100%
; overhangs_speed_enforce = 0
; overhangs_type = nozzle
; overhangs_width = 100%
; overhangs_width_speed = !100%
; parallel_objects_step = 0
; parallel_objects_step_max_z = 0
; parking_pos_retraction = 92
; pause_print_gcode = 
; perimeter_acceleration = 0
; perimeter_bonding = 0%
; perimeter_direction = ccw_cw
; perimeter_extruder = 1
; perimeter_extrusion_change_odd_layers = 0
; perimeter_extrusion_spacing = 
; perimeter_extrusion_width = 0.5
; perimeter_fan_speed = !100
; perimeter_generator = arachne
; perimeter_loop = 0
; perimeter_loop_seam = rear
; perimeter_overlap = 80%
; perimeter_reverse = 0
; perimeter_round_corners = 0
; perimeter_speed = 60%
; perimeters = 3
; perimeters_hole = !0
; physical_printer_settings_id = 
; post_process = 
; pressure_advance_min_delta = 0.005
; priming_position = 0x0
; print_bed_temperature = !60
; print_custom_variables = 
; print_extrusion_multiplier = 100%
; print_first_layer_bed_temperature = !60
; print_first_layer_temperature = !200
; print_retract_length = !0
; print_retract_lift = !0
; print_settings_id = 
; print_settings_modified = 0
; print_temperature = !200
; printer_custom_variables = 
; printer_model = 
; printer_notes = 
; printer_settings_id = 
; printer_settings_modified = 0
; raft_contact_distance = 0.1
; raft_contact_distance_type = plane
; raft_expansion = 1.5
; raft_first_layer_density = 90%
; raft_first_layer_expansion = 3
; raft_interface_layer_height = 0
; raft_layer_height = 0
; raft_layers = 0
; region_gcode = 
; remaining_times = 0
; remaining_times_type = m73
; resolution = 0.0125
; resolution_internal = 0.025
; retract_before_travel = 2
; retract_before_wipe = 0%
; retract_layer_change = 0
; retract_length = 2
; retract_length_toolchange = 10
; retract_lift = 0
; retract_lift_above = 0
; retract_lift_before_travel = 2
; retract_lift_below = 0
; retract_lift_first_layer = 0
; retract_lift_top = "All surfaces"
; retract_restart_extra = 0
; retract_restart_extra_toolchange = 0
; retract_speed = 40
; seam_angle_cost = 60%
; seam_gap = 0
; seam_gap_external = 0
; seam_notch_all = 0
; seam_notch_angle = 250
; seam_notch_inner = 0
; seam_notch_outer = 0
; seam_position = cost
; seam_slope_max_length = 20
; seam_slope_min_height = 5%
; seam_slope_type = none
; seam_travel_cost = 100%
; seam_visibility = 1
; silent_mode = 0
; single_extruder_multi_material = 0
; single_extruder_multi_material_priming = 1
; skirt_brim = 0
; skirt_distance = 6
; skirt_distance_from_brim = 1
; skirt_extrusion_width = 130%
; skirt_height = 1
; skirts = 0
; slice_closing_radius = 0.049
; slice_merge_dent = 0
; slice_merge_min_width = 120%
; slicing_mode = regular
; slowdown_below_layer_time = 5
; small_area_infill_flow_compensation_model = !0:10:2:0x0:0.2x0.44:0.4x0.61:0.6x0.7:0.8x0.76:1.5x0.86:2x0.89:3x0.92:5x0.95:10x1
; small_perimeter_max_length = 20
; small_perimeter_min_length = 6
; small_perimeter_speed = 50%
; solid_fill_pattern = rectilinear
; solid_infill_acceleration = 0
; solid_infill_below_area = 4
; solid_infill_below_layer_area = 0
; solid_infill_below_width = 0
; solid_infill_every_layers = 0
; solid_infill_extruder = 1
; solid_infill_extrusion_change_odd_layers = 0
; solid_infill_extrusion_spacing = 
; solid_infill_extrusion_width = 0.5
; solid_infill_fan_speed = !100
; solid_infill_overlap = 100%
; solid_infill_speed = 30%
; solid_over_perimeters = 0
; spiral_vase = 0
; staggered_inner_seams = 0
; standby_temperature_delta = -5
; start_filament_gcode = "; Filament gcode\n"
; start_gcode = G28 ; home all axes\nG1 Z5 F5000 ; lift nozzle\n
; start_gcode_manual = 0
; support_material = 0
; support_material_acceleration = 0
; support_material_angle = 0
; support_material_angle_height = 0
; support_material_auto = 1
; support_material_bottom_contact_distance = 0.2
; support_material_bottom_interface_layers = !0
; support_material_bottom_interface_pattern = auto
; support_material_buildplate_only = 0
; support_material_closing_radius = 2
; support_material_contact_distance = 0.2
; support_material_contact_distance_type = filament
; support_material_enforce_layers = 0
; support_material_extruder = 0
; support_material_extrusion_width = 0
; support_material_fan_speed = !100
; support_material_interface_acceleration = 0
; support_material_interface_angle = 90
; support_material_interface_angle_increment = 0
; support_material_interface_contact_loops = 0
; support_material_interface_extruder = 0
; support_material_interface_fan_speed = !100
; support_material_interface_layer_height = 0
; support_material_interface_layers = 3
; support_material_interface_spacing = 0
; support_material_interface_speed = 50%
; support_material_layer_height = 0
; support_material_pattern = rectilinear
; support_material_spacing = 2.5
; support_material_speed = 60%
; support_material_style = grid
; support_material_synchronize_layers = 0
; support_material_threshold = 0
; support_material_top_interface_pattern = rectilinear
; support_material_with_sheath = 1
; support_material_xy_spacing = 50%
; support_tree_angle = 40
; support_tree_angle_slow = 25
; support_tree_branch_diameter = 2
; support_tree_branch_diameter_angle = 5
; support_tree_branch_diameter_double_wall = 3
; support_tree_branch_distance = 1
; support_tree_tip_diameter = 0.8
; support_tree_top_rate = 15%
; temperature = 200
; template_custom_gcode = 
; thin_perimeters = 80%
; thin_perimeters_all = 20%
; thin_walls = 1
; thin_walls_acceleration = 0
; thin_walls_merge = 1
; thin_walls_min_width = 33%
; thin_walls_overlap = 50%
; thin_walls_speed = 100%
; thumbnails = 0x0,0x0
; thumbnails_color = #018aff
; thumbnails_custom_color = 0
; thumbnails_end_file = 0
; thumbnails_format = PNG
; thumbnails_tag_format = 0
; thumbnails_with_bed = 1
; time_cost = 0
; time_estimation_compensation = 100%
; time_start_gcode = 20
; time_toolchange = 30
; tool_name = ""
; tool_pressure_advance_mirrors = ""
; toolchange_gcode = 
; top_fan_speed = !100
; top_fill_pattern = monotonic
; top_infill_extrusion_spacing = 
; top_infill_extrusion_width = 0.5
; top_solid_infill_acceleration = 0
; top_solid_infill_overlap = 100%
; top_solid_infill_speed = 50%
; top_solid_layers = 1000
; top_solid_min_thickness = 0
; travel_acceleration = 1500
; travel_deceleration_use_target = 1
; travel_lift_before_obstacle = 0
; travel_ramping_lift = 0
; travel_slope = 0
; travel_speed = 130
; travel_speed_z = 0
; use_firmware_retraction = 0
; use_relative_e_distances = 0
; use_volumetric_e = 0
; variable_layer_height = 1
; wall_distribution_count = 1
; wall_transition_angle = 10
; wall_transition_filter_deviation = 25%
; wall_transition_length = 100%
; wipe = 0
; wipe_advanced = 0
; wipe_advanced_algo = linear
; wipe_advanced_multiplier = 60
; wipe_advanced_nozzle_melted_volume = 120
; wipe_extra_perimeter = 0
; wipe_inside_depth = 50%
; wipe_inside_end = 1
; wipe_inside_start = 0
; wipe_into_infill = 0
; wipe_into_objects = 0
; wipe_lift = 0
; wipe_lift_length = 50%
; wipe_min = 150%
; wipe_only_crossing = 1
; wipe_return = 0
; wipe_speed = 0
; wipe_tower = 0
; wipe_tower_bridging = 10
; wipe_tower_brim_width = 2
; wipe_tower_cone_angle = 0
; wipe_tower_extra_spacing = 100%
; wipe_tower_extruder = 0
; wipe_tower_extrusion_width = 150%
; wipe_tower_no_sparse_layers = 0
; wipe_tower_rotation_angle = 0
; wipe_tower_speed = 80
; wipe_tower_width = 60
; wipe_tower_wipe_starting_speed = 33%
; wipe_tower_x = 180
; wipe_tower_y = 140
; wiping_volumes_extruders = 70,70,70,70,70,70,70,70,70,70
; wiping_volumes_matrix = 0,140,140,140,140,140,0,140,140,140,140,140,0,140,140,140,140,140,0,140,140,140,140,140,0
; xy_inner_size_compensation = 0
; xy_size_compensation = 0
; z_offset = 0
; z_step = 0
; SuperSlicer_config = end
